novelai-gateway  | 20:51:04 | INFO    | gateway    | 📦 模型注册表已加载: 19 个模型 (image=True, chat=True, tts=True)
novelai-gateway  | 20:51:04 | INFO    | gateway    | 🚀 网关已启动  http://0.0.0.0:41555
novelai-gateway  | 20:51:22 | INFO    | gateway    | ⏳ 排队中... (当前等待: 1)
novelai-gateway  | 20:51:22 | INFO    | gateway    | 🔒 获取锁，开始处理 (剩余等待: 0)
novelai-gateway  | 20:51:26 | INFO    | gateway    | ❄️ 冷却 0.7s
novelai-gateway  | 20:51:27 | INFO    | gateway    | 🔓 释放锁 (当前等待: 0)
novelai-gateway  | 📊 生成确认 | 类型: 小图 | 画幅: 512x512 | 大小: 0.42MB | 今日累计: 小图=160, 大图=0
novelai-gateway  | 20:51:27 | INFO    | stats      | 生成确认 | 类型: 小图 | 画幅: 512x512 | 大小: 0.42MB | 今日累计: 小图=160, 大图=0
novelai-gateway  | 02:24:01 | INFO    | gateway    | [generations] client body sampler='k_dpmpp_2m' noise_schedule='karras' | final NAI sampler='k_dpmpp_2m' noise_schedule='karras'
novelai-gateway  | 02:24:01 | INFO    | gateway    | ⏳ 排队中... (当前等待: 1)
novelai-gateway  | 02:24:01 | INFO    | gateway    | 🔒 获取锁，开始处理 (剩余等待: 0)
novelai-gateway  | 02:26:01 | ERROR   | gateway    | ❌ NAI 请求失败 (https://text.novelai.net/ai/generate-image): 
novelai-gateway  | 02:26:01 | INFO    | gateway    | ❄️ 冷却 0.6s
novelai-gateway  | 02:26:02 | INFO    | gateway    | 🔓 释放锁 (当前等待: 0)
novelai-gateway  | 02:26:02 | INFO    | gateway    | [generations] client body sampler='k_dpmpp_2m' noise_schedule='karras' | final NAI sampler='k_dpmpp_2m' noise_schedule='karras'
novelai-gateway  | 02:26:02 | INFO    | gateway    | ⏳ 排队中... (当前等待: 1)
novelai-gateway  | 02:26:02 | INFO    | gateway    | 🔒 获取锁，开始处理 (剩余等待: 0)
novelai-gateway  | 02:28:02 | ERROR   | gateway    | ❌ NAI 请求失败 (https://text.novelai.net/ai/generate-image): 
novelai-gateway  | 02:28:02 | INFO    | gateway    | ❄️ 冷却 0.6s
novelai-gateway  | 02:28:03 | INFO    | gateway    | 🔓 释放锁 (当前等待: 0)
novelai-gateway  | 02:28:03 | INFO    | gateway    | [generations] client body sampler='k_dpmpp_2m' noise_schedule='karras' | final NAI sampler='k_dpmpp_2m' noise_schedule='karras'
novelai-gateway  | 02:28:03 | INFO    | gateway    | ⏳ 排队中... (当前等待: 1)
novelai-gateway  | 02:28:03 | INFO    | gateway    | 🔒 获取锁，开始处理 (剩余等待: 0)
novelai-gateway  | 02:30:03 | ERROR   | gateway    | ❌ NAI 请求失败 (https://text.novelai.net/ai/generate-image): 
novelai-gateway  | 02:30:03 | INFO    | gateway    | ❄️ 冷却 0.8s
novelai-gateway  | 02:30:04 | INFO    | gateway    | 🔓 释放锁 (当前等待: 0)
novelai-gateway  | 02:30:04 | INFO    | gateway    | [generations] client body sampler='k_dpmpp_2m' noise_schedule='karras' | final NAI sampler='k_dpmpp_2m' noise_schedule='karras'
novelai-gateway  | 02:30:04 | INFO    | gateway    | ⏳ 排队中... (当前等待: 1)
novelai-gateway  | 02:30:04 | INFO    | gateway    | 🔒 获取锁，开始处理 (剩余等待: 0)
novelai-gateway  | 02:30:32 | INFO    | gateway    | [generations] client body sampler='k_dpmpp_2m' noise_schedule='karras' | final NAI sampler='k_dpmpp_2m' noise_schedule='karras'
novelai-gateway  | 02:30:32 | INFO    | gateway    | ⏳ 排队中... (当前等待: 1)
novelai-gateway  | 02:31:48 | ERROR   | gateway    | ❌ NAI 请求失败 (https://text.novelai.net/ai/generate-image): 
novelai-gateway  | 02:31:48 | INFO    | gateway    | ❄️ 冷却 0.7s
novelai-gateway  | 02:31:48 | INFO    | gateway    | 🔓 释放锁 (当前等待: 1)
novelai-gateway  | 02:31:48 | INFO    | gateway    | 🔒 获取锁，开始处理 (剩余等待: 0)
novelai-gateway  | 02:31:49 | INFO    | gateway    | [generations] client body sampler='k_dpmpp_2m' noise_schedule='karras' | final NAI sampler='k_dpmpp_2m' noise_schedule='karras'
novelai-gateway  | 02:31:49 | INFO    | gateway    | ⏳ 排队中... (当前等待: 1)
novelai-gateway  | 02:31:57 | INFO    | gateway    | ❄️ 冷却 0.6s
novelai-gateway  | 02:31:57 | INFO    | gateway    | 🔓 释放锁 (当前等待: 1)
novelai-gateway  | 02:31:57 | INFO    | stats      | 生成确认 | 类型: 小图 | 画幅: 832x1216 | 大小: 1.90MB | 今日累计: 小图=1, 大图=0
novelai-gateway  | 📊 生成确认 | 类型: 小图 | 画幅: 832x1216 | 大小: 1.90MB | 今日累计: 小图=1, 大图=0
novelai-gateway  | 02:31:58 | INFO    | gateway    | 🔒 获取锁，开始处理 (剩余等待: 0)
novelai-gateway  | 02:32:04 | INFO    | gateway    | ❄️ 冷却 0.7s
novelai-gateway  | 02:32:04 | INFO    | gateway    | 🔓 释放锁 (当前等待: 0)
novelai-gateway  | 📊 生成确认 | 类型: 小图 | 画幅: 832x1216 | 大小: 1.50MB | 今日累计: 小图=2, 大图=0
novelai-gateway  | 02:32:04 | INFO    | stats      | 生成确认 | 类型: 小图 | 画幅: 832x1216 | 大小: 1.50MB | 今日累计: 小图=2, 大图=0
novelai-gateway  | 02:35:02 | INFO    | gateway    | [generations] client body sampler='k_dpmpp_2m' noise_schedule='karras' | final NAI sampler='k_dpmpp_2m' noise_schedule='karras'
novelai-gateway  | 02:35:02 | INFO    | gateway    | ⏳ 排队中... (当前等待: 1)
novelai-gateway  | 02:35:02 | INFO    | gateway    | 🔒 获取锁，开始处理 (剩余等待: 0)
novelai-gateway  | 02:35:13 | INFO    | gateway    | ❄️ 冷却 0.7s
novelai-gateway  | 02:35:13 | INFO    | gateway    | 🔓 释放锁 (当前等待: 0)
novelai-gateway  | 02:35:13 | INFO    | stats      | 生成确认 | 类型: 小图 | 画幅: 832x1216 | 大小: 1.46MB | 今日累计: 小图=3, 大图=0
novelai-gateway  | 📊 生成确认 | 类型: 小图 | 画幅: 832x1216 | 大小: 1.46MB | 今日累计: 小图=3, 大图=0
novelai-gateway  | 02:37:05 | INFO    | gateway    | [generations] client body sampler='k_dpmpp_2m' noise_schedule='karras' | final NAI sampler='k_dpmpp_2m' noise_schedule='karras'
novelai-gateway  | 02:37:05 | INFO    | gateway    | ⏳ 排队中... (当前等待: 1)
novelai-gateway  | 02:37:05 | INFO    | gateway    | 🔒 获取锁，开始处理 (剩余等待: 0)
novelai-gateway  | 02:37:13 | INFO    | gateway    | ❄️ 冷却 0.9s
novelai-gateway  | 02:37:14 | INFO    | gateway    | 🔓 释放锁 (当前等待: 0)
novelai-gateway  | 📊 生成确认 | 类型: 小图 | 画幅: 832x1216 | 大小: 1.70MB | 今日累计: 小图=4, 大图=0
novelai-gateway  | 02:37:14 | INFO    | stats      | 生成确认 | 类型: 小图 | 画幅: 832x1216 | 大小: 1.70MB | 今日累计: 小图=4, 大图=0
novelai-gateway  | 02:37:48 | INFO    | gateway    | [generations] client body sampler='k_dpmpp_2m' noise_schedule='karras' | final NAI sampler='k_dpmpp_2m' noise_schedule='karras'
novelai-gateway  | 02:37:48 | INFO    | gateway    | ⏳ 排队中... (当前等待: 1)
novelai-gateway  | 02:37:48 | INFO    | gateway    | 🔒 获取锁，开始处理 (剩余等待: 0)
novelai-gateway  | 02:37:54 | INFO    | gateway    | ❄️ 冷却 0.9s
novelai-gateway  | 02:37:55 | INFO    | gateway    | 🔓 释放锁 (当前等待: 0)
novelai-gateway  | 02:37:55 | INFO    | stats      | 生成确认 | 类型: 小图 | 画幅: 832x1216 | 大小: 1.50MB | 今日累计: 小图=5, 大图=0
novelai-gateway  | 📊 生成确认 | 类型: 小图 | 画幅: 832x1216 | 大小: 1.50MB | 今日累计: 小图=5, 大图=0
novelai-gateway  | 02:38:47 | INFO    | gateway    | [generations] client body sampler='k_dpmpp_2m' noise_schedule='karras' | final NAI sampler='k_dpmpp_2m' noise_schedule='karras'
novelai-gateway  | 02:38:47 | INFO    | gateway    | ⏳ 排队中... (当前等待: 1)
novelai-gateway  | 02:38:47 | INFO    | gateway    | 🔒 获取锁，开始处理 (剩余等待: 0)
novelai-gateway  | 02:38:57 | INFO    | gateway    | ❄️ 冷却 0.8s
novelai-gateway  | 📊 生成确认 | 类型: 小图 | 画幅: 832x1216 | 大小: 2.03MB | 今日累计: 小图=6, 大图=0
novelai-gateway  | 02:38:57 | INFO    | gateway    | 🔓 释放锁 (当前等待: 0)
novelai-gateway  | 02:38:57 | INFO    | stats      | 生成确认 | 类型: 小图 | 画幅: 832x1216 | 大小: 2.03MB | 今日累计: 小图=6, 大图=0
novelai-gateway  | 02:44:06 | INFO    | gateway    | [generations] client body sampler='k_dpmpp_2m' noise_schedule='karras' | final NAI sampler='k_dpmpp_2m' noise_schedule='karras'
novelai-gateway  | 02:44:06 | INFO    | gateway    | ⏳ 排队中... (当前等待: 1)
novelai-gateway  | 02:44:06 | INFO    | gateway    | 🔒 获取锁，开始处理 (剩余等待: 0)
novelai-gateway  | 02:44:15 | INFO    | gateway    | ❄️ 冷却 0.9s
novelai-gateway  | 02:44:16 | INFO    | gateway    | 🔓 释放锁 (当前等待: 0)
novelai-gateway  | 📊 生成确认 | 类型: 小图 | 画幅: 832x1216 | 大小: 1.75MB | 今日累计: 小图=7, 大图=0
novelai-gateway  | 02:44:16 | INFO    | stats      | 生成确认 | 类型: 小图 | 画幅: 832x1216 | 大小: 1.75MB | 今日累计: 小图=7, 大图=0
novelai-gateway  | 02:44:53 | INFO    | gateway    | [generations] client body sampler='k_dpmpp_2m' noise_schedule='karras' | final NAI sampler='k_dpmpp_2m' noise_schedule='karras'
novelai-gateway  | 02:44:53 | INFO    | gateway    | ⏳ 排队中... (当前等待: 1)
novelai-gateway  | 02:44:53 | INFO    | gateway    | 🔒 获取锁，开始处理 (剩余等待: 0)
novelai-gateway  | 02:45:02 | INFO    | gateway    | ❄️ 冷却 0.8s
novelai-gateway  | 02:45:03 | INFO    | gateway    | 🔓 释放锁 (当前等待: 0)
novelai-gateway  | 02:45:03 | INFO    | stats      | 生成确认 | 类型: 小图 | 画幅: 832x1216 | 大小: 1.78MB | 今日累计: 小图=8, 大图=0
novelai-gateway  | 📊 生成确认 | 类型: 小图 | 画幅: 832x1216 | 大小: 1.78MB | 今日累计: 小图=8, 大图=0
novelai-gateway  | 02:57:32 | INFO    | gateway    | [generations] client body sampler='k_dpmpp_2m' noise_schedule='karras' | final NAI sampler='k_dpmpp_2m' noise_schedule='karras'
novelai-gateway  | 02:57:32 | INFO    | gateway    | ⏳ 排队中... (当前等待: 1)
novelai-gateway  | 02:57:32 | INFO    | gateway    | 🔒 获取锁，开始处理 (剩余等待: 0)
novelai-gateway  | 02:57:39 | INFO    | gateway    | ❄️ 冷却 0.9s
novelai-gateway  | 📊 生成确认 | 类型: 小图 | 画幅: 832x1216 | 大小: 1.95MB | 今日累计: 小图=9, 大图=0
novelai-gateway  | 02:57:40 | INFO    | gateway    | 🔓 释放锁 (当前等待: 0)
novelai-gateway  | 02:57:40 | INFO    | stats      | 生成确认 | 类型: 小图 | 画幅: 832x1216 | 大小: 1.95MB | 今日累计: 小图=9, 大图=0
novelai-gateway  | 02:57:55 | INFO    | gateway    | [generations] client body sampler='k_dpmpp_2m' noise_schedule='karras' | final NAI sampler='k_dpmpp_2m' noise_schedule='karras'
novelai-gateway  | 02:57:55 | INFO    | gateway    | ⏳ 排队中... (当前等待: 1)
novelai-gateway  | 02:57:55 | INFO    | gateway    | 🔒 获取锁，开始处理 (剩余等待: 0)
novelai-gateway  | 02:58:09 | INFO    | gateway    | ❄️ 冷却 0.8s
novelai-gateway  | 📊 生成确认 | 类型: 小图 | 画幅: 832x1216 | 大小: 1.92MB | 今日累计: 小图=10, 大图=0
novelai-gateway  | 02:58:10 | INFO    | gateway    | 🔓 释放锁 (当前等待: 0)
novelai-gateway  | 02:58:10 | INFO    | stats      | 生成确认 | 类型: 小图 | 画幅: 832x1216 | 大小: 1.92MB | 今日累计: 小图=10, 大图=0
novelai-gateway  | 02:59:13 | INFO    | gateway    | [generations] client body sampler='k_dpmpp_2m' noise_schedule='karras' | final NAI sampler='k_dpmpp_2m' noise_schedule='karras'
novelai-gateway  | 02:59:13 | INFO    | gateway    | ⏳ 排队中... (当前等待: 1)
novelai-gateway  | 02:59:13 | INFO    | gateway    | 🔒 获取锁，开始处理 (剩余等待: 0)
novelai-gateway  | 02:59:25 | INFO    | gateway    | ❄️ 冷却 0.9s
novelai-gateway  | 02:59:26 | INFO    | gateway    | 🔓 释放锁 (当前等待: 0)
novelai-gateway  | 02:59:26 | INFO    | stats      | 生成确认 | 类型: 小图 | 画幅: 832x1216 | 大小: 2.15MB | 今日累计: 小图=11, 大图=0
novelai-gateway  | 📊 生成确认 | 类型: 小图 | 画幅: 832x1216 | 大小: 2.15MB | 今日累计: 小图=11, 大图=0
novelai-gateway  | 03:13:47 | INFO    | gateway    | [generations] client body sampler='k_dpmpp_2m' noise_schedule='karras' | final NAI sampler='k_dpmpp_2m' noise_schedule='karras'
novelai-gateway  | 03:13:47 | INFO    | gateway    | ⏳ 排队中... (当前等待: 1)
novelai-gateway  | 03:13:47 | INFO    | gateway    | 🔒 获取锁，开始处理 (剩余等待: 0)
novelai-gateway  | 03:13:57 | INFO    | gateway    | ❄️ 冷却 0.8s
novelai-gateway  | 03:13:58 | INFO    | gateway    | 🔓 释放锁 (当前等待: 0)
novelai-gateway  | 03:13:58 | INFO    | stats      | 生成确认 | 类型: 小图 | 画幅: 832x1216 | 大小: 2.06MB | 今日累计: 小图=12, 大图=0
novelai-gateway  | 📊 生成确认 | 类型: 小图 | 画幅: 832x1216 | 大小: 2.06MB | 今日累计: 小图=12, 大图=0
novelai-gateway  | 03:14:35 | INFO    | gateway    | [generations] client body sampler='k_dpmpp_2m' noise_schedule='karras' | final NAI sampler='k_dpmpp_2m' noise_schedule='karras'
novelai-gateway  | 03:14:35 | INFO    | gateway    | ⏳ 排队中... (当前等待: 1)
novelai-gateway  | 03:14:35 | INFO    | gateway    | 🔒 获取锁，开始处理 (剩余等待: 0)
novelai-gateway  | 03:14:43 | INFO    | gateway    | ❄️ 冷却 0.9s
novelai-gateway  | 03:14:44 | INFO    | gateway    | 🔓 释放锁 (当前等待: 0)
novelai-gateway  | 03:14:44 | INFO    | stats      | 生成确认 | 类型: 小图 | 画幅: 832x1216 | 大小: 2.10MB | 今日累计: 小图=13, 大图=0
novelai-gateway  | 📊 生成确认 | 类型: 小图 | 画幅: 832x1216 | 大小: 2.10MB | 今日累计: 小图=13, 大图=0
novelai-gateway  | 03:15:35 | INFO    | gateway    | [generations] client body sampler='k_dpmpp_2m' noise_schedule='karras' | final NAI sampler='k_dpmpp_2m' noise_schedule='karras'
novelai-gateway  | 03:15:35 | INFO    | gateway    | ⏳ 排队中... (当前等待: 1)
novelai-gateway  | 03:15:35 | INFO    | gateway    | 🔒 获取锁，开始处理 (剩余等待: 0)
novelai-gateway  | 03:15:43 | INFO    | gateway    | ❄️ 冷却 0.9s
novelai-gateway  | 03:15:44 | INFO    | gateway    | 🔓 释放锁 (当前等待: 0)
novelai-gateway  | 03:15:44 | INFO    | stats      | 生成确认 | 类型: 小图 | 画幅: 832x1216 | 大小: 2.17MB | 今日累计: 小图=14, 大图=0
novelai-gateway  | 📊 生成确认 | 类型: 小图 | 画幅: 832x1216 | 大小: 2.17MB | 今日累计: 小图=14, 大图=0
novelai-gateway  | 03:16:20 | INFO    | gateway    | [generations] client body sampler='k_dpmpp_2m' noise_schedule='karras' | final NAI sampler='k_dpmpp_2m' noise_schedule='karras'
novelai-gateway  | 03:16:20 | INFO    | gateway    | ⏳ 排队中... (当前等待: 1)
novelai-gateway  | 03:16:20 | INFO    | gateway    | 🔒 获取锁，开始处理 (剩余等待: 0)
novelai-gateway  | 03:16:24 | INFO    | gateway    | ❄️ 冷却 0.9s
novelai-gateway  | 03:16:25 | INFO    | gateway    | 🔓 释放锁 (当前等待: 0)
novelai-gateway  | 📊 生成确认 | 类型: 小图 | 画幅: 832x1216 | 大小: 1.83MB | 今日累计: 小图=15, 大图=0
novelai-gateway  | 03:16:25 | INFO    | stats      | 生成确认 | 类型: 小图 | 画幅: 832x1216 | 大小: 1.83MB | 今日累计: 小图=15, 大图=0
novelai-gateway  | 03:18:33 | INFO    | gateway    | [generations] client body sampler='k_dpmpp_2m' noise_schedule='karras' | final NAI sampler='k_dpmpp_2m' noise_schedule='karras'
novelai-gateway  | 03:18:33 | INFO    | gateway    | ⏳ 排队中... (当前等待: 1)
novelai-gateway  | 03:18:33 | INFO    | gateway    | 🔒 获取锁，开始处理 (剩余等待: 0)
novelai-gateway  | 03:18:47 | INFO    | gateway    | ❄️ 冷却 0.8s
novelai-gateway  | 03:18:47 | INFO    | gateway    | 🔓 释放锁 (当前等待: 0)
novelai-gateway  | 📊 生成确认 | 类型: 大图 | 画幅: 1024x1536 | 大小: 3.04MB | 今日累计: 小图=15, 大图=1
novelai-gateway  | 03:18:47 | INFO    | stats      | 生成确认 | 类型: 大图 | 画幅: 1024x1536 | 大小: 3.04MB | 今日累计: 小图=15, 大图=1
novelai-gateway  | 03:20:52 | INFO    | gateway    | [generations] client body sampler='k_dpmpp_2m' noise_schedule='karras' | final NAI sampler='k_dpmpp_2m' noise_schedule='karras'
novelai-gateway  | 03:20:52 | INFO    | gateway    | ⏳ 排队中... (当前等待: 1)
novelai-gateway  | 03:20:52 | INFO    | gateway    | 🔒 获取锁，开始处理 (剩余等待: 0)
novelai-gateway  | 03:21:01 | INFO    | gateway    | ❄️ 冷却 0.9s
novelai-gateway  | 03:21:02 | INFO    | gateway    | 🔓 释放锁 (当前等待: 0)
novelai-gateway  | 03:21:02 | INFO    | stats      | 生成确认 | 类型: 大图 | 画幅: 1024x1536 | 大小: 3.14MB | 今日累计: 小图=15, 大图=2
novelai-gateway  | 📊 生成确认 | 类型: 大图 | 画幅: 1024x1536 | 大小: 3.14MB | 今日累计: 小图=15, 大图=2
novelai-gateway  | 03:21:17 | INFO    | gateway    | [generations] client body sampler='k_dpmpp_2m' noise_schedule='karras' | final NAI sampler='k_dpmpp_2m' noise_schedule='karras'
novelai-gateway  | 03:21:17 | INFO    | gateway    | ⏳ 排队中... (当前等待: 1)
novelai-gateway  | 03:21:17 | INFO    | gateway    | 🔒 获取锁，开始处理 (剩余等待: 0)
novelai-gateway  | 03:21:29 | INFO    | gateway    | ❄️ 冷却 0.7s
novelai-gateway  | 📊 生成确认 | 类型: 大图 | 画幅: 1024x1536 | 大小: 3.02MB | 今日累计: 小图=15, 大图=3
novelai-gateway  | 03:21:30 | INFO    | gateway    | 🔓 释放锁 (当前等待: 0)
novelai-gateway  | 03:21:30 | INFO    | stats      | 生成确认 | 类型: 大图 | 画幅: 1024x1536 | 大小: 3.02MB | 今日累计: 小图=15, 大图=3
novelai-gateway  | 04:17:25 | INFO    | gateway    | ⏳ 排队中... (当前等待: 1)
novelai-gateway  | 04:17:25 | INFO    | gateway    | 🔒 获取锁，开始处理 (剩余等待: 0)
novelai-gateway  | 04:17:40 | INFO    | gateway    | ❄️ 冷却 0.5s
novelai-gateway  | 04:17:40 | INFO    | gateway    | 🔓 释放锁 (当前等待: 0)
novelai-gateway  | 04:17:40 | INFO    | stats      | 生成确认 | 类型: 小图 | 画幅: 832x1216 | 大小: 2.07MB | 今日累计: 小图=16, 大图=3
novelai-gateway  | 📊 生成确认 | 类型: 小图 | 画幅: 832x1216 | 大小: 2.07MB | 今日累计: 小图=16, 大图=3
novelai-gateway  | 04:18:43 | INFO    | gateway    | ⏳ 排队中... (当前等待: 1)
novelai-gateway  | 04:18:43 | INFO    | gateway    | 🔒 获取锁，开始处理 (剩余等待: 0)
novelai-gateway  | 04:19:04 | INFO    | gateway    | ❄️ 冷却 0.9s
novelai-gateway  | 📊 生成确认 | 类型: 小图 | 画幅: 832x1216 | 大小: 2.10MB | 今日累计: 小图=17, 大图=3
novelai-gateway  | 04:19:05 | INFO    | gateway    | 🔓 释放锁 (当前等待: 0)
novelai-gateway  | 04:19:05 | INFO    | stats      | 生成确认 | 类型: 小图 | 画幅: 832x1216 | 大小: 2.10MB | 今日累计: 小图=17, 大图=3
novelai-gateway  | 04:21:11 | INFO    | gateway    | ⏳ 排队中... (当前等待: 1)
novelai-gateway  | 04:21:11 | INFO    | gateway    | 🔒 获取锁，开始处理 (剩余等待: 0)
novelai-gateway  | 04:21:26 | INFO    | gateway    | ❄️ 冷却 0.9s
novelai-gateway  | 📊 生成确认 | 类型: 小图 | 画幅: 832x1216 | 大小: 1.89MB | 今日累计: 小图=18, 大图=3
novelai-gateway  | 04:21:27 | INFO    | gateway    | 🔓 释放锁 (当前等待: 0)
novelai-gateway  | 04:21:27 | INFO    | stats      | 生成确认 | 类型: 小图 | 画幅: 832x1216 | 大小: 1.89MB | 今日累计: 小图=18, 大图=3
novelai-gateway  | 04:23:15 | INFO    | gateway    | ⏳ 排队中... (当前等待: 1)
novelai-gateway  | 04:23:15 | INFO    | gateway    | 🔒 获取锁，开始处理 (剩余等待: 0)
novelai-gateway  | 04:23:32 | INFO    | gateway    | ❄️ 冷却 0.8s
novelai-gateway  | 04:23:33 | INFO    | gateway    | 🔓 释放锁 (当前等待: 0)
novelai-gateway  | 📊 生成确认 | 类型: 小图 | 画幅: 1216x832 | 大小: 2.05MB | 今日累计: 小图=19, 大图=3
novelai-gateway  | 04:23:33 | INFO    | stats      | 生成确认 | 类型: 小图 | 画幅: 1216x832 | 大小: 2.05MB | 今日累计: 小图=19, 大图=3
novelai-gateway  | 04:24:34 | INFO    | gateway    | ⏳ 排队中... (当前等待: 1)
novelai-gateway  | 04:24:34 | INFO    | gateway    | 🔒 获取锁，开始处理 (剩余等待: 0)
novelai-gateway  | 04:24:43 | INFO    | gateway    | ❄️ 冷却 0.5s
novelai-gateway  | 04:24:43 | INFO    | gateway    | 🔓 释放锁 (当前等待: 0)
novelai-gateway  | 04:24:43 | INFO    | stats      | 生成确认 | 类型: 小图 | 画幅: 1024x1024 | 大小: 1.69MB | 今日累计: 小图=20, 大图=3
novelai-gateway  | 📊 生成确认 | 类型: 小图 | 画幅: 1024x1024 | 大小: 1.69MB | 今日累计: 小图=20, 大图=3
novelai-gateway  | 04:25:14 | INFO    | gateway    | ⏳ 排队中... (当前等待: 1)
novelai-gateway  | 04:25:14 | INFO    | gateway    | 🔒 获取锁，开始处理 (剩余等待: 0)
novelai-gateway  | 04:25:29 | INFO    | gateway    | ⏳ 排队中... (当前等待: 1)
novelai-gateway  | 04:25:31 | INFO    | gateway    | ❄️ 冷却 0.9s
novelai-gateway  | 04:25:32 | INFO    | gateway    | 🔓 释放锁 (当前等待: 1)
novelai-gateway  | 04:25:32 | INFO    | stats      | 生成确认 | 类型: 小图 | 画幅: 1216x832 | 大小: 2.20MB | 今日累计: 小图=21, 大图=3
novelai-gateway  | 📊 生成确认 | 类型: 小图 | 画幅: 1216x832 | 大小: 2.20MB | 今日累计: 小图=21, 大图=3
novelai-gateway  | 04:25:33 | INFO    | gateway    | 🔒 获取锁，开始处理 (剩余等待: 0)
novelai-gateway  | 04:25:35 | INFO    | gateway    | ❄️ 冷却 0.7s
novelai-gateway  | 04:25:36 | INFO    | gateway    | 🔓 释放锁 (当前等待: 0)
novelai-gateway  | 04:25:36 | INFO    | stats      | 生成确认 | 类型: 大图 | 画幅: 1024x1536 | 大小: 2.26MB | 今日累计: 小图=21, 大图=4
novelai-gateway  | 📊 生成确认 | 类型: 大图 | 画幅: 1024x1536 | 大小: 2.26MB | 今日累计: 小图=21, 大图=4
novelai-gateway  | 04:25:56 | INFO    | gateway    | ⏳ 排队中... (当前等待: 1)
novelai-gateway  | 04:25:56 | INFO    | gateway    | 🔒 获取锁，开始处理 (剩余等待: 0)
novelai-gateway  | 04:26:09 | INFO    | gateway    | ❄️ 冷却 0.8s
novelai-gateway  | 04:26:10 | INFO    | gateway    | 🔓 释放锁 (当前等待: 0)
novelai-gateway  | 04:26:10 | INFO    | stats      | 生成确认 | 类型: 小图 | 画幅: 1216x832 | 大小: 2.30MB | 今日累计: 小图=22, 大图=4
novelai-gateway  | 📊 生成确认 | 类型: 小图 | 画幅: 1216x832 | 大小: 2.30MB | 今日累计: 小图=22, 大图=4
novelai-gateway  | 04:26:15 | INFO    | gateway    | ⏳ 排队中... (当前等待: 1)
novelai-gateway  | 04:26:15 | INFO    | gateway    | 🔒 获取锁，开始处理 (剩余等待: 0)
novelai-gateway  | 04:26:30 | INFO    | gateway    | ❄️ 冷却 0.8s
novelai-gateway  | 04:26:31 | INFO    | gateway    | 🔓 释放锁 (当前等待: 0)
novelai-gateway  | 📊 生成确认 | 类型: 小图 | 画幅: 1216x832 | 大小: 2.36MB | 今日累计: 小图=23, 大图=4
novelai-gateway  | 04:26:31 | INFO    | stats      | 生成确认 | 类型: 小图 | 画幅: 1216x832 | 大小: 2.36MB | 今日累计: 小图=23, 大图=4
novelai-gateway  | 04:26:37 | INFO    | gateway    | ⏳ 排队中... (当前等待: 1)
novelai-gateway  | 04:26:37 | INFO    | gateway    | 🔒 获取锁，开始处理 (剩余等待: 0)
novelai-gateway  | 04:26:48 | INFO    | gateway    | ❄️ 冷却 0.7s
novelai-gateway  | 📊 生成确认 | 类型: 小图 | 画幅: 1216x832 | 大小: 2.25MB | 今日累计: 小图=24, 大图=4
novelai-gateway  | 04:26:48 | INFO    | gateway    | 🔓 释放锁 (当前等待: 0)
novelai-gateway  | 04:26:48 | INFO    | stats      | 生成确认 | 类型: 小图 | 画幅: 1216x832 | 大小: 2.25MB | 今日累计: 小图=24, 大图=4
novelai-gateway  | 04:26:53 | INFO    | gateway    | ⏳ 排队中... (当前等待: 1)
novelai-gateway  | 04:26:53 | INFO    | gateway    | 🔒 获取锁，开始处理 (剩余等待: 0)
novelai-gateway  | 04:27:10 | INFO    | gateway    | ❄️ 冷却 0.6s
novelai-gateway  | 04:27:11 | INFO    | gateway    | 🔓 释放锁 (当前等待: 0)
novelai-gateway  | 📊 生成确认 | 类型: 小图 | 画幅: 1216x832 | 大小: 2.11MB | 今日累计: 小图=25, 大图=4
novelai-gateway  | 04:27:11 | INFO    | stats      | 生成确认 | 类型: 小图 | 画幅: 1216x832 | 大小: 2.11MB | 今日累计: 小图=25, 大图=4
novelai-gateway  | 04:27:17 | INFO    | gateway    | ⏳ 排队中... (当前等待: 1)
novelai-gateway  | 04:27:17 | INFO    | gateway    | 🔒 获取锁，开始处理 (剩余等待: 0)
novelai-gateway  | 04:27:32 | INFO    | gateway    | ❄️ 冷却 0.5s
novelai-gateway  | 📊 生成确认 | 类型: 小图 | 画幅: 1216x832 | 大小: 2.07MB | 今日累计: 小图=26, 大图=4
novelai-gateway  | 04:27:32 | INFO    | gateway    | 🔓 释放锁 (当前等待: 0)
novelai-gateway  | 04:27:32 | INFO    | stats      | 生成确认 | 类型: 小图 | 画幅: 1216x832 | 大小: 2.07MB | 今日累计: 小图=26, 大图=4
novelai-gateway  | 04:27:39 | INFO    | gateway    | ⏳ 排队中... (当前等待: 1)
novelai-gateway  | 04:27:39 | INFO    | gateway    | 🔒 获取锁，开始处理 (剩余等待: 0)
novelai-gateway  | 04:27:54 | INFO    | gateway    | ❄️ 冷却 0.5s
novelai-gateway  | 📊 生成确认 | 类型: 小图 | 画幅: 1216x832 | 大小: 2.21MB | 今日累计: 小图=27, 大图=4
novelai-gateway  | 04:27:54 | INFO    | gateway    | 🔓 释放锁 (当前等待: 0)
novelai-gateway  | 04:27:54 | INFO    | stats      | 生成确认 | 类型: 小图 | 画幅: 1216x832 | 大小: 2.21MB | 今日累计: 小图=27, 大图=4
novelai-gateway  | 04:28:01 | INFO    | gateway    | ⏳ 排队中... (当前等待: 1)
novelai-gateway  | 04:28:01 | INFO    | gateway    | 🔒 获取锁，开始处理 (剩余等待: 0)
novelai-gateway  | 04:28:20 | INFO    | gateway    | ❄️ 冷却 0.7s
novelai-gateway  | 04:28:20 | INFO    | gateway    | 🔓 释放锁 (当前等待: 0)
novelai-gateway  | 04:28:20 | INFO    | stats      | 生成确认 | 类型: 小图 | 画幅: 1216x832 | 大小: 2.03MB | 今日累计: 小图=28, 大图=4
novelai-gateway  | 📊 生成确认 | 类型: 小图 | 画幅: 1216x832 | 大小: 2.03MB | 今日累计: 小图=28, 大图=4
novelai-gateway  | 04:28:27 | INFO    | gateway    | ⏳ 排队中... (当前等待: 1)
novelai-gateway  | 04:28:27 | INFO    | gateway    | 🔒 获取锁，开始处理 (剩余等待: 0)
novelai-gateway  | 04:28:49 | INFO    | gateway    | ❄️ 冷却 0.9s
novelai-gateway  | 04:28:50 | INFO    | gateway    | 🔓 释放锁 (当前等待: 0)
novelai-gateway  | 📊 生成确认 | 类型: 小图 | 画幅: 1216x832 | 大小: 2.32MB | 今日累计: 小图=29, 大图=4
novelai-gateway  | 04:28:50 | INFO    | stats      | 生成确认 | 类型: 小图 | 画幅: 1216x832 | 大小: 2.32MB | 今日累计: 小图=29, 大图=4
novelai-gateway  | 04:28:56 | INFO    | gateway    | ⏳ 排队中... (当前等待: 1)
novelai-gateway  | 04:28:56 | INFO    | gateway    | 🔒 获取锁，开始处理 (剩余等待: 0)
novelai-gateway  | 04:29:14 | INFO    | gateway    | ❄️ 冷却 1.0s
novelai-gateway  | 04:29:15 | INFO    | gateway    | 🔓 释放锁 (当前等待: 0)
novelai-gateway  | 04:29:15 | INFO    | stats      | 生成确认 | 类型: 小图 | 画幅: 1216x832 | 大小: 2.16MB | 今日累计: 小图=30, 大图=4
novelai-gateway  | 📊 生成确认 | 类型: 小图 | 画幅: 1216x832 | 大小: 2.16MB | 今日累计: 小图=30, 大图=4
novelai-gateway  | 04:51:04 | INFO    | gateway    | [generations] client body sampler='k_dpmpp_2m' noise_schedule='karras' | final NAI sampler='k_dpmpp_2m' noise_schedule='karras'
novelai-gateway  | 04:51:04 | INFO    | gateway    | ⏳ 排队中... (当前等待: 1)
novelai-gateway  | 04:51:04 | INFO    | gateway    | 🔒 获取锁，开始处理 (剩余等待: 0)
novelai-gateway  | 04:51:23 | INFO    | gateway    | ❄️ 冷却 0.8s
novelai-gateway  | 04:51:24 | INFO    | gateway    | 🔓 释放锁 (当前等待: 0)
novelai-gateway  | 📊 生成确认 | 类型: 小图 | 画幅: 1216x832 | 大小: 2.28MB | 今日累计: 小图=31, 大图=4
novelai-gateway  | 04:51:24 | INFO    | stats      | 生成确认 | 类型: 小图 | 画幅: 1216x832 | 大小: 2.28MB | 今日累计: 小图=31, 大图=4
novelai-gateway  | 04:54:45 | INFO    | gateway    | [generations] client body sampler='k_dpmpp_2m' noise_schedule='karras' | final NAI sampler='k_dpmpp_2m' noise_schedule='karras'
novelai-gateway  | 04:54:45 | INFO    | gateway    | ⏳ 排队中... (当前等待: 1)
novelai-gateway  | 04:54:45 | INFO    | gateway    | 🔒 获取锁，开始处理 (剩余等待: 0)
novelai-gateway  | 04:54:54 | INFO    | gateway    | ❄️ 冷却 0.9s
novelai-gateway  | 04:54:55 | INFO    | gateway    | 🔓 释放锁 (当前等待: 0)
novelai-gateway  | 04:54:55 | INFO    | stats      | 生成确认 | 类型: 小图 | 画幅: 1216x832 | 大小: 2.24MB | 今日累计: 小图=32, 大图=4
novelai-gateway  | 📊 生成确认 | 类型: 小图 | 画幅: 1216x832 | 大小: 2.24MB | 今日累计: 小图=32, 大图=4
novelai-gateway  | 04:58:24 | INFO    | gateway    | [generations] client body sampler='k_dpmpp_2m' noise_schedule='karras' | final NAI sampler='k_dpmpp_2m' noise_schedule='karras'
novelai-gateway  | 04:58:24 | INFO    | gateway    | ⏳ 排队中... (当前等待: 1)
novelai-gateway  | 04:58:24 | INFO    | gateway    | 🔒 获取锁，开始处理 (剩余等待: 0)
novelai-gateway  | 04:58:33 | INFO    | gateway    | ❄️ 冷却 1.0s
novelai-gateway  | 04:58:33 | INFO    | gateway    | 🔓 释放锁 (当前等待: 0)
novelai-gateway  | 04:58:33 | INFO    | stats      | 生成确认 | 类型: 小图 | 画幅: 1216x832 | 大小: 2.18MB | 今日累计: 小图=33, 大图=4
novelai-gateway  | 📊 生成确认 | 类型: 小图 | 画幅: 1216x832 | 大小: 2.18MB | 今日累计: 小图=33, 大图=4
novelai-gateway  | 05:03:09 | INFO    | gateway    | [generations] client body sampler='k_dpmpp_2m' noise_schedule='karras' | final NAI sampler='k_dpmpp_2m' noise_schedule='karras'
novelai-gateway  | 05:03:09 | INFO    | gateway    | ⏳ 排队中... (当前等待: 1)
novelai-gateway  | 05:03:09 | INFO    | gateway    | 🔒 获取锁，开始处理 (剩余等待: 0)
novelai-gateway  | 05:03:17 | INFO    | gateway    | ❄️ 冷却 0.6s
novelai-gateway  | 05:03:18 | INFO    | gateway    | 🔓 释放锁 (当前等待: 0)
novelai-gateway  | 05:03:18 | INFO    | stats      | 生成确认 | 类型: 小图 | 画幅: 832x1216 | 大小: 2.08MB | 今日累计: 小图=34, 大图=4
novelai-gateway  | 📊 生成确认 | 类型: 小图 | 画幅: 832x1216 | 大小: 2.08MB | 今日累计: 小图=34, 大图=4
novelai-gateway  | 05:12:25 | INFO    | gateway    | [generations] client body sampler='k_dpmpp_2m' noise_schedule='karras' | final NAI sampler='k_dpmpp_2m' noise_schedule='karras'
novelai-gateway  | 05:12:25 | INFO    | gateway    | ⏳ 排队中... (当前等待: 1)
novelai-gateway  | 05:12:25 | INFO    | gateway    | 🔒 获取锁，开始处理 (剩余等待: 0)
novelai-gateway  | 05:12:34 | INFO    | gateway    | ❄️ 冷却 0.6s
novelai-gateway  | 05:12:35 | INFO    | gateway    | 🔓 释放锁 (当前等待: 0)
novelai-gateway  | 05:12:35 | INFO    | stats      | 生成确认 | 类型: 小图 | 画幅: 832x1216 | 大小: 2.00MB | 今日累计: 小图=35, 大图=4
novelai-gateway  | 📊 生成确认 | 类型: 小图 | 画幅: 832x1216 | 大小: 2.00MB | 今日累计: 小图=35, 大图=4
novelai-gateway  | 05:12:37 | INFO    | gateway    | [generations] client body sampler='k_dpmpp_2m' noise_schedule='karras' | final NAI sampler='k_dpmpp_2m' noise_schedule='karras'
novelai-gateway  | 05:12:37 | INFO    | gateway    | ⏳ 排队中... (当前等待: 1)
novelai-gateway  | 05:12:37 | INFO    | gateway    | 🔒 获取锁，开始处理 (剩余等待: 0)
novelai-gateway  | 05:12:43 | INFO    | gateway    | ❄️ 冷却 0.9s
novelai-gateway  | 05:12:44 | INFO    | gateway    | 🔓 释放锁 (当前等待: 0)
novelai-gateway  | 05:12:44 | INFO    | stats      | 生成确认 | 类型: 小图 | 画幅: 832x1216 | 大小: 1.87MB | 今日累计: 小图=36, 大图=4
novelai-gateway  | 📊 生成确认 | 类型: 小图 | 画幅: 832x1216 | 大小: 1.87MB | 今日累计: 小图=36, 大图=4
novelai-gateway  | 05:12:47 | INFO    | gateway    | [generations] client body sampler='k_dpmpp_2m' noise_schedule='karras' | final NAI sampler='k_dpmpp_2m' noise_schedule='karras'
novelai-gateway  | 05:12:47 | INFO    | gateway    | ⏳ 排队中... (当前等待: 1)
novelai-gateway  | 05:12:47 | INFO    | gateway    | 🔒 获取锁，开始处理 (剩余等待: 0)
novelai-gateway  | 05:12:54 | INFO    | gateway    | ❄️ 冷却 0.6s
novelai-gateway  | 05:12:54 | INFO    | gateway    | 🔓 释放锁 (当前等待: 0)
novelai-gateway  | 05:12:54 | INFO    | stats      | 生成确认 | 类型: 小图 | 画幅: 832x1216 | 大小: 1.35MB | 今日累计: 小图=37, 大图=4
novelai-gateway  | 📊 生成确认 | 类型: 小图 | 画幅: 832x1216 | 大小: 1.35MB | 今日累计: 小图=37, 大图=4
novelai-gateway  | 05:12:57 | INFO    | gateway    | [generations] client body sampler='k_dpmpp_2m' noise_schedule='karras' | final NAI sampler='k_dpmpp_2m' noise_schedule='karras'
novelai-gateway  | 05:12:57 | INFO    | gateway    | ⏳ 排队中... (当前等待: 1)
novelai-gateway  | 05:12:57 | INFO    | gateway    | 🔒 获取锁，开始处理 (剩余等待: 0)
novelai-gateway  | 05:13:06 | INFO    | gateway    | ❄️ 冷却 0.8s
novelai-gateway  | 05:13:07 | INFO    | gateway    | 🔓 释放锁 (当前等待: 0)
novelai-gateway  | 05:13:07 | INFO    | stats      | 生成确认 | 类型: 小图 | 画幅: 832x1216 | 大小: 1.80MB | 今日累计: 小图=38, 大图=4
novelai-gateway  | 📊 生成确认 | 类型: 小图 | 画幅: 832x1216 | 大小: 1.80MB | 今日累计: 小图=38, 大图=4
novelai-gateway  | 05:13:09 | INFO    | gateway    | [generations] client body sampler='k_dpmpp_2m' noise_schedule='karras' | final NAI sampler='k_dpmpp_2m' noise_schedule='karras'
novelai-gateway  | 05:13:09 | INFO    | gateway    | ⏳ 排队中... (当前等待: 1)
novelai-gateway  | 05:13:09 | INFO    | gateway    | 🔒 获取锁，开始处理 (剩余等待: 0)
novelai-gateway  | 05:13:18 | INFO    | gateway    | ❄️ 冷却 0.7s
novelai-gateway  | 05:13:19 | INFO    | gateway    | 🔓 释放锁 (当前等待: 0)
novelai-gateway  | 📊 生成确认 | 类型: 小图 | 画幅: 832x1216 | 大小: 1.79MB | 今日累计: 小图=39, 大图=4
novelai-gateway  | 05:13:19 | INFO    | stats      | 生成确认 | 类型: 小图 | 画幅: 832x1216 | 大小: 1.79MB | 今日累计: 小图=39, 大图=4
novelai-gateway  | 05:13:22 | INFO    | gateway    | [generations] client body sampler='k_dpmpp_2m' noise_schedule='karras' | final NAI sampler='k_dpmpp_2m' noise_schedule='karras'
novelai-gateway  | 05:13:22 | INFO    | gateway    | ⏳ 排队中... (当前等待: 1)
novelai-gateway  | 05:13:22 | INFO    | gateway    | 🔒 获取锁，开始处理 (剩余等待: 0)
novelai-gateway  | 05:13:29 | INFO    | gateway    | ❄️ 冷却 0.7s
novelai-gateway  | 05:13:29 | INFO    | gateway    | 🔓 释放锁 (当前等待: 0)
novelai-gateway  | 📊 生成确认 | 类型: 小图 | 画幅: 832x1216 | 大小: 1.99MB | 今日累计: 小图=40, 大图=4
novelai-gateway  | 05:13:29 | INFO    | stats      | 生成确认 | 类型: 小图 | 画幅: 832x1216 | 大小: 1.99MB | 今日累计: 小图=40, 大图=4
novelai-gateway  | 05:13:32 | INFO    | gateway    | [generations] client body sampler='k_dpmpp_2m' noise_schedule='karras' | final NAI sampler='k_dpmpp_2m' noise_schedule='karras'
novelai-gateway  | 05:13:32 | INFO    | gateway    | ⏳ 排队中... (当前等待: 1)
novelai-gateway  | 05:13:32 | INFO    | gateway    | 🔒 获取锁，开始处理 (剩余等待: 0)
novelai-gateway  | 05:13:40 | INFO    | gateway    | ❄️ 冷却 0.7s
novelai-gateway  | 05:13:40 | INFO    | gateway    | 🔓 释放锁 (当前等待: 0)
novelai-gateway  | 05:13:40 | INFO    | stats      | 生成确认 | 类型: 小图 | 画幅: 832x1216 | 大小: 1.82MB | 今日累计: 小图=41, 大图=4
novelai-gateway  | 📊 生成确认 | 类型: 小图 | 画幅: 832x1216 | 大小: 1.82MB | 今日累计: 小图=41, 大图=4
novelai-gateway  | 05:13:47 | INFO    | gateway    | [generations] client body sampler='k_dpmpp_2m' noise_schedule='karras' | final NAI sampler='k_dpmpp_2m' noise_schedule='karras'
novelai-gateway  | 05:13:47 | INFO    | gateway    | ⏳ 排队中... (当前等待: 1)
novelai-gateway  | 05:13:47 | INFO    | gateway    | 🔒 获取锁，开始处理 (剩余等待: 0)
novelai-gateway  | 05:13:56 | INFO    | gateway    | ❄️ 冷却 0.8s
novelai-gateway  | 📊 生成确认 | 类型: 小图 | 画幅: 832x1216 | 大小: 1.88MB | 今日累计: 小图=42, 大图=4
novelai-gateway  | 05:13:57 | INFO    | gateway    | 🔓 释放锁 (当前等待: 0)
novelai-gateway  | 05:13:57 | INFO    | stats      | 生成确认 | 类型: 小图 | 画幅: 832x1216 | 大小: 1.88MB | 今日累计: 小图=42, 大图=4
novelai-gateway  | 05:14:00 | INFO    | gateway    | [generations] client body sampler='k_dpmpp_2m' noise_schedule='karras' | final NAI sampler='k_dpmpp_2m' noise_schedule='karras'
novelai-gateway  | 05:14:00 | INFO    | gateway    | ⏳ 排队中... (当前等待: 1)
novelai-gateway  | 05:14:00 | INFO    | gateway    | 🔒 获取锁，开始处理 (剩余等待: 0)
novelai-gateway  | 05:14:06 | INFO    | gateway    | ❄️ 冷却 0.9s
novelai-gateway  | 📊 生成确认 | 类型: 小图 | 画幅: 832x1216 | 大小: 1.80MB | 今日累计: 小图=43, 大图=4
novelai-gateway  | 05:14:07 | INFO    | gateway    | 🔓 释放锁 (当前等待: 0)
novelai-gateway  | 05:14:07 | INFO    | stats      | 生成确认 | 类型: 小图 | 画幅: 832x1216 | 大小: 1.80MB | 今日累计: 小图=43, 大图=4
novelai-gateway  | 05:14:10 | INFO    | gateway    | [generations] client body sampler='k_dpmpp_2m' noise_schedule='karras' | final NAI sampler='k_dpmpp_2m' noise_schedule='karras'
novelai-gateway  | 05:14:10 | INFO    | gateway    | ⏳ 排队中... (当前等待: 1)
novelai-gateway  | 05:14:10 | INFO    | gateway    | 🔒 获取锁，开始处理 (剩余等待: 0)
novelai-gateway  | 05:14:19 | INFO    | gateway    | ❄️ 冷却 0.9s
novelai-gateway  | 05:14:20 | INFO    | gateway    | 🔓 释放锁 (当前等待: 0)
novelai-gateway  | 05:14:20 | INFO    | stats      | 生成确认 | 类型: 小图 | 画幅: 832x1216 | 大小: 1.32MB | 今日累计: 小图=44, 大图=4
novelai-gateway  | 📊 生成确认 | 类型: 小图 | 画幅: 832x1216 | 大小: 1.32MB | 今日累计: 小图=44, 大图=4
novelai-gateway  | 05:14:23 | INFO    | gateway    | [generations] client body sampler='k_dpmpp_2m' noise_schedule='karras' | final NAI sampler='k_dpmpp_2m' noise_schedule='karras'
novelai-gateway  | 05:14:23 | INFO    | gateway    | ⏳ 排队中... (当前等待: 1)
novelai-gateway  | 05:14:23 | INFO    | gateway    | 🔒 获取锁，开始处理 (剩余等待: 0)
novelai-gateway  | 05:14:32 | INFO    | gateway    | ❄️ 冷却 0.7s
novelai-gateway  | 05:14:33 | INFO    | gateway    | 🔓 释放锁 (当前等待: 0)
novelai-gateway  | 📊 生成确认 | 类型: 小图 | 画幅: 832x1216 | 大小: 1.93MB | 今日累计: 小图=45, 大图=4
novelai-gateway  | 05:14:33 | INFO    | stats      | 生成确认 | 类型: 小图 | 画幅: 832x1216 | 大小: 1.93MB | 今日累计: 小图=45, 大图=4
novelai-gateway  | 05:14:36 | INFO    | gateway    | [generations] client body sampler='k_dpmpp_2m' noise_schedule='karras' | final NAI sampler='k_dpmpp_2m' noise_schedule='karras'
novelai-gateway  | 05:14:36 | INFO    | gateway    | ⏳ 排队中... (当前等待: 1)
novelai-gateway  | 05:14:36 | INFO    | gateway    | 🔒 获取锁，开始处理 (剩余等待: 0)
novelai-gateway  | 05:14:44 | INFO    | gateway    | ❄️ 冷却 0.6s
novelai-gateway  | 05:14:44 | INFO    | gateway    | 🔓 释放锁 (当前等待: 0)
novelai-gateway  | 05:14:44 | INFO    | stats      | 生成确认 | 类型: 小图 | 画幅: 832x1216 | 大小: 1.94MB | 今日累计: 小图=46, 大图=4
novelai-gateway  | 📊 生成确认 | 类型: 小图 | 画幅: 832x1216 | 大小: 1.94MB | 今日累计: 小图=46, 大图=4
novelai-gateway  | 05:14:47 | INFO    | gateway    | [generations] client body sampler='k_dpmpp_2m' noise_schedule='karras' | final NAI sampler='k_dpmpp_2m' noise_schedule='karras'
novelai-gateway  | 05:14:47 | INFO    | gateway    | ⏳ 排队中... (当前等待: 1)
novelai-gateway  | 05:14:47 | INFO    | gateway    | 🔒 获取锁，开始处理 (剩余等待: 0)
novelai-gateway  | 05:14:53 | INFO    | gateway    | ❄️ 冷却 0.9s
novelai-gateway  | 05:14:54 | INFO    | gateway    | 🔓 释放锁 (当前等待: 0)
novelai-gateway  | 📊 生成确认 | 类型: 小图 | 画幅: 832x1216 | 大小: 1.83MB | 今日累计: 小图=47, 大图=4
novelai-gateway  | 05:14:54 | INFO    | stats      | 生成确认 | 类型: 小图 | 画幅: 832x1216 | 大小: 1.83MB | 今日累计: 小图=47, 大图=4
novelai-gateway  | 05:14:58 | INFO    | gateway    | [generations] client body sampler='k_dpmpp_2m' noise_schedule='karras' | final NAI sampler='k_dpmpp_2m' noise_schedule='karras'
novelai-gateway  | 05:14:58 | INFO    | gateway    | ⏳ 排队中... (当前等待: 1)
novelai-gateway  | 05:14:58 | INFO    | gateway    | 🔒 获取锁，开始处理 (剩余等待: 0)
novelai-gateway  | 05:15:07 | INFO    | gateway    | ❄️ 冷却 0.6s
novelai-gateway  | 📊 生成确认 | 类型: 小图 | 画幅: 832x1216 | 大小: 1.51MB | 今日累计: 小图=48, 大图=4
novelai-gateway  | 05:15:08 | INFO    | gateway    | 🔓 释放锁 (当前等待: 0)
novelai-gateway  | 05:15:08 | INFO    | stats      | 生成确认 | 类型: 小图 | 画幅: 832x1216 | 大小: 1.51MB | 今日累计: 小图=48, 大图=4
novelai-gateway  | 05:15:12 | INFO    | gateway    | [generations] client body sampler='k_dpmpp_2m' noise_schedule='karras' | final NAI sampler='k_dpmpp_2m' noise_schedule='karras'
novelai-gateway  | 05:15:12 | INFO    | gateway    | ⏳ 排队中... (当前等待: 1)
novelai-gateway  | 05:15:12 | INFO    | gateway    | 🔒 获取锁，开始处理 (剩余等待: 0)
novelai-gateway  | 05:15:19 | INFO    | gateway    | ❄️ 冷却 0.9s
novelai-gateway  | 05:15:20 | INFO    | gateway    | 🔓 释放锁 (当前等待: 0)
novelai-gateway  | 05:15:20 | INFO    | stats      | 生成确认 | 类型: 小图 | 画幅: 832x1216 | 大小: 2.08MB | 今日累计: 小图=49, 大图=4
novelai-gateway  | 📊 生成确认 | 类型: 小图 | 画幅: 832x1216 | 大小: 2.08MB | 今日累计: 小图=49, 大图=4
novelai-gateway  | 05:44:08 | INFO    | gateway    | [generations] client body sampler='k_dpmpp_2m' noise_schedule='karras' | final NAI sampler='k_dpmpp_2m' noise_schedule='karras'
novelai-gateway  | 05:44:08 | INFO    | gateway    | ⏳ 排队中... (当前等待: 1)
novelai-gateway  | 05:44:08 | INFO    | gateway    | 🔒 获取锁，开始处理 (剩余等待: 0)
novelai-gateway  | 05:44:17 | INFO    | gateway    | ❄️ 冷却 0.7s
novelai-gateway  | 05:44:18 | INFO    | gateway    | 🔓 释放锁 (当前等待: 0)
novelai-gateway  | 📊 生成确认 | 类型: 小图 | 画幅: 832x1216 | 大小: 2.04MB | 今日累计: 小图=50, 大图=4
novelai-gateway  | 05:44:18 | INFO    | stats      | 生成确认 | 类型: 小图 | 画幅: 832x1216 | 大小: 2.04MB | 今日累计: 小图=50, 大图=4
novelai-gateway  | 05:44:21 | INFO    | gateway    | [generations] client body sampler='k_dpmpp_2m' noise_schedule='karras' | final NAI sampler='k_dpmpp_2m' noise_schedule='karras'
novelai-gateway  | 05:44:21 | INFO    | gateway    | ⏳ 排队中... (当前等待: 1)
novelai-gateway  | 05:44:21 | INFO    | gateway    | 🔒 获取锁，开始处理 (剩余等待: 0)
novelai-gateway  | 05:44:29 | INFO    | gateway    | ❄️ 冷却 0.8s
novelai-gateway  | 05:44:30 | INFO    | gateway    | 🔓 释放锁 (当前等待: 0)
novelai-gateway  | 05:44:30 | INFO    | stats      | 生成确认 | 类型: 小图 | 画幅: 832x1216 | 大小: 1.80MB | 今日累计: 小图=51, 大图=4
novelai-gateway  | 📊 生成确认 | 类型: 小图 | 画幅: 832x1216 | 大小: 1.80MB | 今日累计: 小图=51, 大图=4
novelai-gateway  | 05:44:32 | INFO    | gateway    | [generations] client body sampler='k_dpmpp_2m' noise_schedule='karras' | final NAI sampler='k_dpmpp_2m' noise_schedule='karras'
novelai-gateway  | 05:44:32 | INFO    | gateway    | ⏳ 排队中... (当前等待: 1)
novelai-gateway  | 05:44:32 | INFO    | gateway    | 🔒 获取锁，开始处理 (剩余等待: 0)
novelai-gateway  | 05:44:39 | INFO    | gateway    | ❄️ 冷却 0.8s
novelai-gateway  | 05:44:40 | INFO    | gateway    | 🔓 释放锁 (当前等待: 0)
novelai-gateway  | 05:44:40 | INFO    | stats      | 生成确认 | 类型: 小图 | 画幅: 832x1216 | 大小: 2.00MB | 今日累计: 小图=52, 大图=4
novelai-gateway  | 📊 生成确认 | 类型: 小图 | 画幅: 832x1216 | 大小: 2.00MB | 今日累计: 小图=52, 大图=4
novelai-gateway  | 05:44:43 | INFO    | gateway    | [generations] client body sampler='k_dpmpp_2m' noise_schedule='karras' | final NAI sampler='k_dpmpp_2m' noise_schedule='karras'
novelai-gateway  | 05:44:43 | INFO    | gateway    | ⏳ 排队中... (当前等待: 1)
novelai-gateway  | 05:44:43 | INFO    | gateway    | 🔒 获取锁，开始处理 (剩余等待: 0)
novelai-gateway  | 05:44:49 | INFO    | gateway    | ❄️ 冷却 0.7s
novelai-gateway  | 05:44:50 | INFO    | gateway    | 🔓 释放锁 (当前等待: 0)
novelai-gateway  | 05:44:50 | INFO    | stats      | 生成确认 | 类型: 小图 | 画幅: 832x1216 | 大小: 1.78MB | 今日累计: 小图=53, 大图=4
novelai-gateway  | 📊 生成确认 | 类型: 小图 | 画幅: 832x1216 | 大小: 1.78MB | 今日累计: 小图=53, 大图=4
novelai-gateway  | 05:44:52 | INFO    | gateway    | [generations] client body sampler='k_dpmpp_2m' noise_schedule='karras' | final NAI sampler='k_dpmpp_2m' noise_schedule='karras'
novelai-gateway  | 05:44:52 | INFO    | gateway    | ⏳ 排队中... (当前等待: 1)
novelai-gateway  | 05:44:52 | INFO    | gateway    | 🔒 获取锁，开始处理 (剩余等待: 0)
novelai-gateway  | 05:44:58 | INFO    | gateway    | ❄️ 冷却 0.7s
novelai-gateway  | 05:44:59 | INFO    | gateway    | 🔓 释放锁 (当前等待: 0)
novelai-gateway  | 📊 生成确认 | 类型: 小图 | 画幅: 832x1216 | 大小: 1.98MB | 今日累计: 小图=54, 大图=4
novelai-gateway  | 05:44:59 | INFO    | stats      | 生成确认 | 类型: 小图 | 画幅: 832x1216 | 大小: 1.98MB | 今日累计: 小图=54, 大图=4
novelai-gateway  | 05:45:01 | INFO    | gateway    | [generations] client body sampler='k_dpmpp_2m' noise_schedule='karras' | final NAI sampler='k_dpmpp_2m' noise_schedule='karras'
novelai-gateway  | 05:45:01 | INFO    | gateway    | ⏳ 排队中... (当前等待: 1)
novelai-gateway  | 05:45:01 | INFO    | gateway    | 🔒 获取锁，开始处理 (剩余等待: 0)
novelai-gateway  | 05:45:08 | INFO    | gateway    | ❄️ 冷却 0.8s
novelai-gateway  | 📊 生成确认 | 类型: 小图 | 画幅: 832x1216 | 大小: 2.18MB | 今日累计: 小图=55, 大图=4
novelai-gateway  | 05:45:09 | INFO    | gateway    | 🔓 释放锁 (当前等待: 0)
novelai-gateway  | 05:45:09 | INFO    | stats      | 生成确认 | 类型: 小图 | 画幅: 832x1216 | 大小: 2.18MB | 今日累计: 小图=55, 大图=4
novelai-gateway  | 05:45:12 | INFO    | gateway    | [generations] client body sampler='k_dpmpp_2m' noise_schedule='karras' | final NAI sampler='k_dpmpp_2m' noise_schedule='karras'
novelai-gateway  | 05:45:12 | INFO    | gateway    | ⏳ 排队中... (当前等待: 1)
novelai-gateway  | 05:45:12 | INFO    | gateway    | 🔒 获取锁，开始处理 (剩余等待: 0)
novelai-gateway  | 05:45:18 | INFO    | gateway    | ❄️ 冷却 0.5s
novelai-gateway  | 05:45:18 | INFO    | gateway    | 🔓 释放锁 (当前等待: 0)
novelai-gateway  | 📊 生成确认 | 类型: 小图 | 画幅: 832x1216 | 大小: 1.98MB | 今日累计: 小图=56, 大图=4
novelai-gateway  | 05:45:18 | INFO    | stats      | 生成确认 | 类型: 小图 | 画幅: 832x1216 | 大小: 1.98MB | 今日累计: 小图=56, 大图=4
novelai-gateway  | 05:45:21 | INFO    | gateway    | [generations] client body sampler='k_dpmpp_2m' noise_schedule='karras' | final NAI sampler='k_dpmpp_2m' noise_schedule='karras'
novelai-gateway  | 05:45:21 | INFO    | gateway    | ⏳ 排队中... (当前等待: 1)
novelai-gateway  | 05:45:21 | INFO    | gateway    | 🔒 获取锁，开始处理 (剩余等待: 0)
novelai-gateway  | 05:45:32 | INFO    | gateway    | ❄️ 冷却 0.6s
novelai-gateway  | 📊 生成确认 | 类型: 小图 | 画幅: 832x1216 | 大小: 1.80MB | 今日累计: 小图=57, 大图=4
novelai-gateway  | 05:45:33 | INFO    | gateway    | 🔓 释放锁 (当前等待: 0)
novelai-gateway  | 05:45:33 | INFO    | stats      | 生成确认 | 类型: 小图 | 画幅: 832x1216 | 大小: 1.80MB | 今日累计: 小图=57, 大图=4
novelai-gateway  | 05:45:35 | INFO    | gateway    | [generations] client body sampler='k_dpmpp_2m' noise_schedule='karras' | final NAI sampler='k_dpmpp_2m' noise_schedule='karras'
novelai-gateway  | 05:45:35 | INFO    | gateway    | ⏳ 排队中... (当前等待: 1)
novelai-gateway  | 05:45:35 | INFO    | gateway    | 🔒 获取锁，开始处理 (剩余等待: 0)
novelai-gateway  | 05:45:43 | INFO    | gateway    | ❄️ 冷却 0.6s
novelai-gateway  | 05:45:44 | INFO    | gateway    | 🔓 释放锁 (当前等待: 0)
novelai-gateway  | 📊 生成确认 | 类型: 小图 | 画幅: 832x1216 | 大小: 1.88MB | 今日累计: 小图=58, 大图=4
novelai-gateway  | 05:45:44 | INFO    | stats      | 生成确认 | 类型: 小图 | 画幅: 832x1216 | 大小: 1.88MB | 今日累计: 小图=58, 大图=4
novelai-gateway  | 05:45:46 | INFO    | gateway    | [generations] client body sampler='k_dpmpp_2m' noise_schedule='karras' | final NAI sampler='k_dpmpp_2m' noise_schedule='karras'
novelai-gateway  | 05:45:46 | INFO    | gateway    | ⏳ 排队中... (当前等待: 1)
novelai-gateway  | 05:45:46 | INFO    | gateway    | 🔒 获取锁，开始处理 (剩余等待: 0)
novelai-gateway  | 05:45:53 | INFO    | gateway    | ❄️ 冷却 0.6s
novelai-gateway  | 05:45:54 | INFO    | gateway    | 🔓 释放锁 (当前等待: 0)
novelai-gateway  | 05:45:54 | INFO    | stats      | 生成确认 | 类型: 小图 | 画幅: 832x1216 | 大小: 2.01MB | 今日累计: 小图=59, 大图=4
novelai-gateway  | 📊 生成确认 | 类型: 小图 | 画幅: 832x1216 | 大小: 2.01MB | 今日累计: 小图=59, 大图=4
novelai-gateway  | 05:45:56 | INFO    | gateway    | [generations] client body sampler='k_dpmpp_2m' noise_schedule='karras' | final NAI sampler='k_dpmpp_2m' noise_schedule='karras'
novelai-gateway  | 05:45:56 | INFO    | gateway    | ⏳ 排队中... (当前等待: 1)
novelai-gateway  | 05:45:56 | INFO    | gateway    | 🔒 获取锁，开始处理 (剩余等待: 0)
novelai-gateway  | 05:46:04 | INFO    | gateway    | ❄️ 冷却 0.8s
novelai-gateway  | 05:46:05 | INFO    | gateway    | 🔓 释放锁 (当前等待: 0)
novelai-gateway  | 📊 生成确认 | 类型: 小图 | 画幅: 832x1216 | 大小: 2.02MB | 今日累计: 小图=60, 大图=4
novelai-gateway  | 05:46:05 | INFO    | stats      | 生成确认 | 类型: 小图 | 画幅: 832x1216 | 大小: 2.02MB | 今日累计: 小图=60, 大图=4
novelai-gateway  | 05:46:08 | INFO    | gateway    | [generations] client body sampler='k_dpmpp_2m' noise_schedule='karras' | final NAI sampler='k_dpmpp_2m' noise_schedule='karras'
novelai-gateway  | 05:46:08 | INFO    | gateway    | ⏳ 排队中... (当前等待: 1)
novelai-gateway  | 05:46:08 | INFO    | gateway    | 🔒 获取锁，开始处理 (剩余等待: 0)
novelai-gateway  | 05:46:16 | INFO    | gateway    | ❄️ 冷却 0.9s
novelai-gateway  | 05:46:17 | INFO    | gateway    | 🔓 释放锁 (当前等待: 0)
novelai-gateway  | 📊 生成确认 | 类型: 小图 | 画幅: 832x1216 | 大小: 2.16MB | 今日累计: 小图=61, 大图=4
novelai-gateway  | 05:46:17 | INFO    | stats      | 生成确认 | 类型: 小图 | 画幅: 832x1216 | 大小: 2.16MB | 今日累计: 小图=61, 大图=4
novelai-gateway  | 05:46:20 | INFO    | gateway    | [generations] client body sampler='k_dpmpp_2m' noise_schedule='karras' | final NAI sampler='k_dpmpp_2m' noise_schedule='karras'
novelai-gateway  | 05:46:20 | INFO    | gateway    | ⏳ 排队中... (当前等待: 1)
novelai-gateway  | 05:46:20 | INFO    | gateway    | 🔒 获取锁，开始处理 (剩余等待: 0)
novelai-gateway  | 05:46:28 | INFO    | gateway    | ❄️ 冷却 1.0s
novelai-gateway  | 📊 生成确认 | 类型: 小图 | 画幅: 832x1216 | 大小: 2.04MB | 今日累计: 小图=62, 大图=4
novelai-gateway  | 05:46:29 | INFO    | gateway    | 🔓 释放锁 (当前等待: 0)
novelai-gateway  | 05:46:29 | INFO    | stats      | 生成确认 | 类型: 小图 | 画幅: 832x1216 | 大小: 2.04MB | 今日累计: 小图=62, 大图=4
novelai-gateway  | 05:46:32 | INFO    | gateway    | [generations] client body sampler='k_dpmpp_2m' noise_schedule='karras' | final NAI sampler='k_dpmpp_2m' noise_schedule='karras'
novelai-gateway  | 05:46:32 | INFO    | gateway    | ⏳ 排队中... (当前等待: 1)
novelai-gateway  | 05:46:32 | INFO    | gateway    | 🔒 获取锁，开始处理 (剩余等待: 0)
novelai-gateway  | 05:47:23 | ERROR   | gateway    | ❌ NAI 请求失败 (https://text.novelai.net/ai/generate-image): Server disconnected without sending a response.
novelai-gateway  | 05:47:23 | INFO    | gateway    | ❄️ 冷却 0.8s
novelai-gateway  | 05:47:23 | INFO    | gateway    | 🔓 释放锁 (当前等待: 0)
novelai-gateway  | 05:47:23 | INFO    | gateway    | [generations] client body sampler='k_dpmpp_2m' noise_schedule='karras' | final NAI sampler='k_dpmpp_2m' noise_schedule='karras'
novelai-gateway  | 05:47:23 | INFO    | gateway    | ⏳ 排队中... (当前等待: 1)
novelai-gateway  | 05:47:23 | INFO    | gateway    | 🔒 获取锁，开始处理 (剩余等待: 0)
novelai-gateway  | 05:47:29 | ERROR   | gateway    | ❌ NAI 请求失败 (https://text.novelai.net/ai/generate-image): 
novelai-gateway  | 05:47:29 | INFO    | gateway    | ❄️ 冷却 0.6s
novelai-gateway  | 05:47:29 | INFO    | gateway    | 🔓 释放锁 (当前等待: 0)
novelai-gateway  | 05:47:29 | INFO    | gateway    | [generations] client body sampler='k_dpmpp_2m' noise_schedule='karras' | final NAI sampler='k_dpmpp_2m' noise_schedule='karras'
novelai-gateway  | 05:47:29 | INFO    | gateway    | ⏳ 排队中... (当前等待: 1)
novelai-gateway  | 05:47:29 | INFO    | gateway    | 🔒 获取锁，开始处理 (剩余等待: 0)
novelai-gateway  | 05:47:31 | ERROR   | gateway    | ❌ NAI 请求失败 (https://text.novelai.net/ai/generate-image): 
novelai-gateway  | 05:47:31 | INFO    | gateway    | ❄️ 冷却 0.6s
novelai-gateway  | 05:47:32 | INFO    | gateway    | 🔓 释放锁 (当前等待: 0)
novelai-gateway  | 05:47:32 | INFO    | gateway    | [generations] client body sampler='k_dpmpp_2m' noise_schedule='karras' | final NAI sampler='k_dpmpp_2m' noise_schedule='karras'
novelai-gateway  | 05:47:32 | INFO    | gateway    | ⏳ 排队中... (当前等待: 1)
novelai-gateway  | 05:47:32 | INFO    | gateway    | 🔒 获取锁，开始处理 (剩余等待: 0)
novelai-gateway  | 05:47:34 | ERROR   | gateway    | ❌ NAI 请求失败 (https://text.novelai.net/ai/generate-image): 
novelai-gateway  | 05:47:34 | INFO    | gateway    | ❄️ 冷却 0.6s
novelai-gateway  | 05:47:35 | INFO    | gateway    | 🔓 释放锁 (当前等待: 0)
novelai-gateway  | 05:47:35 | INFO    | gateway    | [generations] client body sampler='k_dpmpp_2m' noise_schedule='karras' | final NAI sampler='k_dpmpp_2m' noise_schedule='karras'
novelai-gateway  | 05:47:35 | INFO    | gateway    | ⏳ 排队中... (当前等待: 1)
novelai-gateway  | 05:47:35 | INFO    | gateway    | 🔒 获取锁，开始处理 (剩余等待: 0)
novelai-gateway  | 05:47:37 | ERROR   | gateway    | ❌ NAI 请求失败 (https://text.novelai.net/ai/generate-image): 
novelai-gateway  | 05:47:37 | INFO    | gateway    | ❄️ 冷却 0.7s
novelai-gateway  | 05:47:37 | INFO    | gateway    | 🔓 释放锁 (当前等待: 0)
novelai-gateway  | 05:47:37 | INFO    | gateway    | [generations] client body sampler='k_dpmpp_2m' noise_schedule='karras' | final NAI sampler='k_dpmpp_2m' noise_schedule='karras'
novelai-gateway  | 05:47:37 | INFO    | gateway    | ⏳ 排队中... (当前等待: 1)
novelai-gateway  | 05:47:37 | INFO    | gateway    | 🔒 获取锁，开始处理 (剩余等待: 0)
novelai-gateway  | 05:47:39 | ERROR   | gateway    | ❌ NAI 请求失败 (https://text.novelai.net/ai/generate-image): 
novelai-gateway  | 05:47:39 | INFO    | gateway    | ❄️ 冷却 0.6s
novelai-gateway  | 05:47:40 | INFO    | gateway    | 🔓 释放锁 (当前等待: 0)
novelai-gateway  | 05:47:40 | INFO    | gateway    | [generations] client body sampler='k_dpmpp_2m' noise_schedule='karras' | final NAI sampler='k_dpmpp_2m' noise_schedule='karras'
novelai-gateway  | 05:47:40 | INFO    | gateway    | ⏳ 排队中... (当前等待: 1)
novelai-gateway  | 05:47:40 | INFO    | gateway    | 🔒 获取锁，开始处理 (剩余等待: 0)
novelai-gateway  | 05:47:42 | ERROR   | gateway    | ❌ NAI 请求失败 (https://text.novelai.net/ai/generate-image): 
novelai-gateway  | 05:47:42 | INFO    | gateway    | ❄️ 冷却 0.5s
novelai-gateway  | 05:47:42 | INFO    | gateway    | 🔓 释放锁 (当前等待: 0)
novelai-gateway  | 05:47:43 | INFO    | gateway    | [generations] client body sampler='k_dpmpp_2m' noise_schedule='karras' | final NAI sampler='k_dpmpp_2m' noise_schedule='karras'
novelai-gateway  | 05:47:43 | INFO    | gateway    | ⏳ 排队中... (当前等待: 1)
novelai-gateway  | 05:47:43 | INFO    | gateway    | 🔒 获取锁，开始处理 (剩余等待: 0)
novelai-gateway  | 05:47:45 | ERROR   | gateway    | ❌ NAI 请求失败 (https://text.novelai.net/ai/generate-image): 
novelai-gateway  | 05:47:45 | INFO    | gateway    | ❄️ 冷却 0.6s
novelai-gateway  | 05:47:45 | INFO    | gateway    | 🔓 释放锁 (当前等待: 0)
novelai-gateway  | 05:47:45 | INFO    | gateway    | [generations] client body sampler='k_dpmpp_2m' noise_schedule='karras' | final NAI sampler='k_dpmpp_2m' noise_schedule='karras'
novelai-gateway  | 05:47:45 | INFO    | gateway    | ⏳ 排队中... (当前等待: 1)
novelai-gateway  | 05:47:45 | INFO    | gateway    | 🔒 获取锁，开始处理 (剩余等待: 0)
novelai-gateway  | 05:47:47 | ERROR   | gateway    | ❌ NAI 请求失败 (https://text.novelai.net/ai/generate-image): 
novelai-gateway  | 05:47:47 | INFO    | gateway    | ❄️ 冷却 0.5s
novelai-gateway  | 05:47:48 | INFO    | gateway    | 🔓 释放锁 (当前等待: 0)
novelai-gateway  | 05:47:48 | INFO    | gateway    | [generations] client body sampler='k_dpmpp_2m' noise_schedule='karras' | final NAI sampler='k_dpmpp_2m' noise_schedule='karras'
novelai-gateway  | 05:47:48 | INFO    | gateway    | ⏳ 排队中... (当前等待: 1)
novelai-gateway  | 05:47:48 | INFO    | gateway    | 🔒 获取锁，开始处理 (剩余等待: 0)
novelai-gateway  | 05:47:50 | ERROR   | gateway    | ❌ NAI 请求失败 (https://text.novelai.net/ai/generate-image): 
novelai-gateway  | 05:47:50 | INFO    | gateway    | ❄️ 冷却 0.6s
novelai-gateway  | 05:47:50 | INFO    | gateway    | 🔓 释放锁 (当前等待: 0)
novelai-gateway  | 05:47:50 | INFO    | gateway    | [generations] client body sampler='k_dpmpp_2m' noise_schedule='karras' | final NAI sampler='k_dpmpp_2m' noise_schedule='karras'
novelai-gateway  | 05:47:50 | INFO    | gateway    | ⏳ 排队中... (当前等待: 1)
novelai-gateway  | 05:47:50 | INFO    | gateway    | 🔒 获取锁，开始处理 (剩余等待: 0)
novelai-gateway  | 05:47:52 | ERROR   | gateway    | ❌ NAI 请求失败 (https://text.novelai.net/ai/generate-image): 
novelai-gateway  | 05:47:52 | INFO    | gateway    | ❄️ 冷却 0.7s
novelai-gateway  | 05:47:53 | INFO    | gateway    | 🔓 释放锁 (当前等待: 0)
novelai-gateway  | 05:47:55 | INFO    | gateway    | [generations] client body sampler='k_dpmpp_2m' noise_schedule='karras' | final NAI sampler='k_dpmpp_2m' noise_schedule='karras'
novelai-gateway  | 05:47:55 | INFO    | gateway    | ⏳ 排队中... (当前等待: 1)
novelai-gateway  | 05:47:55 | INFO    | gateway    | 🔒 获取锁，开始处理 (剩余等待: 0)
novelai-gateway  | 05:48:05 | INFO    | gateway    | ❄️ 冷却 0.7s
novelai-gateway  | 05:48:06 | INFO    | gateway    | 🔓 释放锁 (当前等待: 0)
novelai-gateway  | 📊 生成确认 | 类型: 小图 | 画幅: 832x1216 | 大小: 1.91MB | 今日累计: 小图=63, 大图=4
novelai-gateway  | 05:48:06 | INFO    | stats      | 生成确认 | 类型: 小图 | 画幅: 832x1216 | 大小: 1.91MB | 今日累计: 小图=63, 大图=4
novelai-gateway  | 08:21:58 | INFO    | gateway    | [generations] client body sampler='k_dpmpp_2m' noise_schedule='karras' | final NAI sampler='k_dpmpp_2m' noise_schedule='karras'
novelai-gateway  | 08:21:58 | INFO    | gateway    | ⏳ 排队中... (当前等待: 1)
novelai-gateway  | 08:21:58 | INFO    | gateway    | 🔒 获取锁，开始处理 (剩余等待: 0)
novelai-gateway  | 08:22:06 | INFO    | gateway    | ❄️ 冷却 0.8s
novelai-gateway  | 08:22:07 | INFO    | gateway    | 🔓 释放锁 (当前等待: 0)
novelai-gateway  | 08:22:07 | INFO    | stats      | 生成确认 | 类型: 小图 | 画幅: 832x1216 | 大小: 2.03MB | 今日累计: 小图=64, 大图=4
novelai-gateway  | 📊 生成确认 | 类型: 小图 | 画幅: 832x1216 | 大小: 2.03MB | 今日累计: 小图=64, 大图=4
novelai-gateway  | 08:23:24 | INFO    | gateway    | [generations] client body sampler='k_dpmpp_2m' noise_schedule='karras' | final NAI sampler='k_dpmpp_2m' noise_schedule='karras'
novelai-gateway  | 08:23:24 | INFO    | gateway    | ⏳ 排队中... (当前等待: 1)
novelai-gateway  | 08:23:24 | INFO    | gateway    | 🔒 获取锁，开始处理 (剩余等待: 0)
novelai-gateway  | 08:23:31 | INFO    | gateway    | ❄️ 冷却 0.8s
novelai-gateway  | 08:23:32 | INFO    | gateway    | 🔓 释放锁 (当前等待: 0)
novelai-gateway  | 08:23:32 | INFO    | stats      | 生成确认 | 类型: 小图 | 画幅: 832x1216 | 大小: 1.85MB | 今日累计: 小图=65, 大图=4
novelai-gateway  | 📊 生成确认 | 类型: 小图 | 画幅: 832x1216 | 大小: 1.85MB | 今日累计: 小图=65, 大图=4
novelai-gateway  | 08:26:18 | INFO    | gateway    | [generations] client body sampler='k_dpmpp_2m' noise_schedule='karras' | final NAI sampler='k_dpmpp_2m' noise_schedule='karras'
novelai-gateway  | 08:26:18 | INFO    | gateway    | ⏳ 排队中... (当前等待: 1)
novelai-gateway  | 08:26:18 | INFO    | gateway    | 🔒 获取锁，开始处理 (剩余等待: 0)
novelai-gateway  | 08:26:25 | INFO    | gateway    | ❄️ 冷却 0.7s
novelai-gateway  | 08:26:26 | INFO    | gateway    | 🔓 释放锁 (当前等待: 0)
novelai-gateway  | 08:26:26 | INFO    | stats      | 生成确认 | 类型: 小图 | 画幅: 832x1216 | 大小: 2.01MB | 今日累计: 小图=66, 大图=4
novelai-gateway  | 📊 生成确认 | 类型: 小图 | 画幅: 832x1216 | 大小: 2.01MB | 今日累计: 小图=66, 大图=4
novelai-gateway  | 08:26:43 | INFO    | gateway    | [generations] client body sampler='k_dpmpp_2m' noise_schedule='karras' | final NAI sampler='k_dpmpp_2m' noise_schedule='karras'
novelai-gateway  | 08:26:43 | INFO    | gateway    | ⏳ 排队中... (当前等待: 1)
novelai-gateway  | 08:26:43 | INFO    | gateway    | 🔒 获取锁，开始处理 (剩余等待: 0)
novelai-gateway  | 08:26:50 | INFO    | gateway    | ❄️ 冷却 0.7s
novelai-gateway  | 08:26:51 | INFO    | gateway    | 🔓 释放锁 (当前等待: 0)
novelai-gateway  | 📊 生成确认 | 类型: 小图 | 画幅: 832x1216 | 大小: 1.80MB | 今日累计: 小图=67, 大图=4
novelai-gateway  | 08:26:51 | INFO    | stats      | 生成确认 | 类型: 小图 | 画幅: 832x1216 | 大小: 1.80MB | 今日累计: 小图=67, 大图=4
novelai-gateway  | 08:37:05 | INFO    | gateway    | [generations] client body sampler='k_dpmpp_2m' noise_schedule='karras' | final NAI sampler='k_dpmpp_2m' noise_schedule='karras'
novelai-gateway  | 08:37:05 | INFO    | gateway    | ⏳ 排队中... (当前等待: 1)
novelai-gateway  | 08:37:05 | INFO    | gateway    | 🔒 获取锁，开始处理 (剩余等待: 0)
novelai-gateway  | 08:37:13 | INFO    | gateway    | ❄️ 冷却 0.9s
novelai-gateway  | 08:37:14 | INFO    | gateway    | 🔓 释放锁 (当前等待: 0)
novelai-gateway  | 08:37:14 | INFO    | stats      | 生成确认 | 类型: 小图 | 画幅: 832x1216 | 大小: 1.37MB | 今日累计: 小图=68, 大图=4
novelai-gateway  | 📊 生成确认 | 类型: 小图 | 画幅: 832x1216 | 大小: 1.37MB | 今日累计: 小图=68, 大图=4
novelai-gateway  | 08:37:15 | INFO    | gateway    | [generations] client body sampler='k_dpmpp_2m' noise_schedule='karras' | final NAI sampler='k_dpmpp_2m' noise_schedule='karras'
novelai-gateway  | 08:37:15 | INFO    | gateway    | ⏳ 排队中... (当前等待: 1)
novelai-gateway  | 08:37:15 | INFO    | gateway    | 🔒 获取锁，开始处理 (剩余等待: 0)
novelai-gateway  | 08:37:23 | INFO    | gateway    | ❄️ 冷却 0.7s
novelai-gateway  | 08:37:23 | INFO    | gateway    | 🔓 释放锁 (当前等待: 0)
novelai-gateway  | 08:37:23 | INFO    | stats      | 生成确认 | 类型: 小图 | 画幅: 832x1216 | 大小: 1.78MB | 今日累计: 小图=69, 大图=4
novelai-gateway  | 📊 生成确认 | 类型: 小图 | 画幅: 832x1216 | 大小: 1.78MB | 今日累计: 小图=69, 大图=4
novelai-gateway  | 08:37:28 | INFO    | gateway    | [generations] client body sampler='k_dpmpp_2m' noise_schedule='karras' | final NAI sampler='k_dpmpp_2m' noise_schedule='karras'
novelai-gateway  | 08:37:28 | INFO    | gateway    | ⏳ 排队中... (当前等待: 1)
novelai-gateway  | 08:37:28 | INFO    | gateway    | 🔒 获取锁，开始处理 (剩余等待: 0)
novelai-gateway  | 08:37:35 | INFO    | gateway    | ❄️ 冷却 0.8s
novelai-gateway  | 08:37:36 | INFO    | gateway    | 🔓 释放锁 (当前等待: 0)
novelai-gateway  | 📊 生成确认 | 类型: 小图 | 画幅: 832x1216 | 大小: 1.59MB | 今日累计: 小图=70, 大图=4
novelai-gateway  | 08:37:36 | INFO    | stats      | 生成确认 | 类型: 小图 | 画幅: 832x1216 | 大小: 1.59MB | 今日累计: 小图=70, 大图=4
novelai-gateway  | 09:04:00 | INFO    | gateway    | [generations] client body sampler='k_dpmpp_2m' noise_schedule='karras' | final NAI sampler='k_dpmpp_2m' noise_schedule='karras'
novelai-gateway  | 09:04:00 | INFO    | gateway    | ⏳ 排队中... (当前等待: 1)
novelai-gateway  | 09:04:00 | INFO    | gateway    | 🔒 获取锁，开始处理 (剩余等待: 0)
novelai-gateway  | 09:04:09 | INFO    | gateway    | ❄️ 冷却 0.5s
novelai-gateway  | 09:04:09 | INFO    | gateway    | 🔓 释放锁 (当前等待: 0)
novelai-gateway  | 📊 生成确认 | 类型: 小图 | 画幅: 832x1216 | 大小: 2.09MB | 今日累计: 小图=71, 大图=4
novelai-gateway  | 09:04:09 | INFO    | stats      | 生成确认 | 类型: 小图 | 画幅: 832x1216 | 大小: 2.09MB | 今日累计: 小图=71, 大图=4
novelai-gateway  | 09:04:13 | INFO    | gateway    | [generations] client body sampler='k_dpmpp_2m' noise_schedule='karras' | final NAI sampler='k_dpmpp_2m' noise_schedule='karras'
novelai-gateway  | 09:04:13 | INFO    | gateway    | ⏳ 排队中... (当前等待: 1)
novelai-gateway  | 09:04:13 | INFO    | gateway    | 🔒 获取锁，开始处理 (剩余等待: 0)
novelai-gateway  | 09:04:20 | INFO    | gateway    | ❄️ 冷却 0.6s
novelai-gateway  | 09:04:20 | INFO    | gateway    | 🔓 释放锁 (当前等待: 0)
novelai-gateway  | 09:04:20 | INFO    | stats      | 生成确认 | 类型: 小图 | 画幅: 832x1216 | 大小: 2.00MB | 今日累计: 小图=72, 大图=4
novelai-gateway  | 📊 生成确认 | 类型: 小图 | 画幅: 832x1216 | 大小: 2.00MB | 今日累计: 小图=72, 大图=4
novelai-gateway  | 09:04:24 | INFO    | gateway    | [generations] client body sampler='k_dpmpp_2m' noise_schedule='karras' | final NAI sampler='k_dpmpp_2m' noise_schedule='karras'
novelai-gateway  | 09:04:24 | INFO    | gateway    | ⏳ 排队中... (当前等待: 1)
novelai-gateway  | 09:04:24 | INFO    | gateway    | 🔒 获取锁，开始处理 (剩余等待: 0)
novelai-gateway  | 09:04:28 | INFO    | gateway    | ❄️ 冷却 0.6s
novelai-gateway  | 09:04:28 | INFO    | gateway    | 🔓 释放锁 (当前等待: 0)
novelai-gateway  | 09:04:28 | INFO    | stats      | 生成确认 | 类型: 小图 | 画幅: 832x1216 | 大小: 1.95MB | 今日累计: 小图=73, 大图=4
novelai-gateway  | 📊 生成确认 | 类型: 小图 | 画幅: 832x1216 | 大小: 1.95MB | 今日累计: 小图=73, 大图=4
novelai-gateway  | 17:03:09 | INFO    | gateway    | [generations] client body sampler='k_dpmpp_2m' noise_schedule='karras' | final NAI sampler='k_dpmpp_2m' noise_schedule='karras'
novelai-gateway  | 17:03:09 | INFO    | gateway    | ⏳ 排队中... (当前等待: 1)
novelai-gateway  | 17:03:09 | INFO    | gateway    | 🔒 获取锁，开始处理 (剩余等待: 0)
novelai-gateway  | 17:03:20 | INFO    | gateway    | ❄️ 冷却 0.7s
novelai-gateway  | 17:03:21 | INFO    | gateway    | 🔓 释放锁 (当前等待: 0)
novelai-gateway  | 17:03:21 | INFO    | stats      | 生成确认 | 类型: 小图 | 画幅: 832x1216 | 大小: 1.78MB | 今日累计: 小图=74, 大图=4
novelai-gateway  | 📊 生成确认 | 类型: 小图 | 画幅: 832x1216 | 大小: 1.78MB | 今日累计: 小图=74, 大图=4
novelai-gateway  | 17:03:23 | INFO    | gateway    | [generations] client body sampler='k_dpmpp_2m' noise_schedule='karras' | final NAI sampler='k_dpmpp_2m' noise_schedule='karras'
novelai-gateway  | 17:03:23 | INFO    | gateway    | ⏳ 排队中... (当前等待: 1)
novelai-gateway  | 17:03:23 | INFO    | gateway    | 🔒 获取锁，开始处理 (剩余等待: 0)
novelai-gateway  | 17:03:35 | INFO    | gateway    | ❄️ 冷却 0.8s
novelai-gateway  | 17:03:36 | INFO    | gateway    | 🔓 释放锁 (当前等待: 0)
novelai-gateway  | 📊 生成确认 | 类型: 小图 | 画幅: 832x1216 | 大小: 1.86MB | 今日累计: 小图=75, 大图=4
novelai-gateway  | 17:03:36 | INFO    | stats      | 生成确认 | 类型: 小图 | 画幅: 832x1216 | 大小: 1.86MB | 今日累计: 小图=75, 大图=4
novelai-gateway  | 17:03:38 | INFO    | gateway    | [generations] client body sampler='k_dpmpp_2m' noise_schedule='karras' | final NAI sampler='k_dpmpp_2m' noise_schedule='karras'
novelai-gateway  | 17:03:38 | INFO    | gateway    | ⏳ 排队中... (当前等待: 1)
novelai-gateway  | 17:03:38 | INFO    | gateway    | 🔒 获取锁，开始处理 (剩余等待: 0)
novelai-gateway  | 17:03:48 | INFO    | gateway    | ❄️ 冷却 1.0s
novelai-gateway  | 17:03:49 | INFO    | gateway    | 🔓 释放锁 (当前等待: 0)
novelai-gateway  | 📊 生成确认 | 类型: 小图 | 画幅: 832x1216 | 大小: 1.97MB | 今日累计: 小图=76, 大图=4
novelai-gateway  | 17:03:49 | INFO    | stats      | 生成确认 | 类型: 小图 | 画幅: 832x1216 | 大小: 1.97MB | 今日累计: 小图=76, 大图=4
novelai-gateway  | 17:06:08 | INFO    | gateway    | [generations] client body sampler='k_dpmpp_2m' noise_schedule='karras' | final NAI sampler='k_dpmpp_2m' noise_schedule='karras'
novelai-gateway  | 17:06:08 | INFO    | gateway    | ⏳ 排队中... (当前等待: 1)
novelai-gateway  | 17:06:08 | INFO    | gateway    | 🔒 获取锁，开始处理 (剩余等待: 0)
novelai-gateway  | 17:06:20 | INFO    | gateway    | ❄️ 冷却 0.7s
novelai-gateway  | 17:06:21 | INFO    | gateway    | 🔓 释放锁 (当前等待: 0)
novelai-gateway  | 17:06:21 | INFO    | stats      | 生成确认 | 类型: 小图 | 画幅: 832x1216 | 大小: 1.44MB | 今日累计: 小图=77, 大图=4
novelai-gateway  | 📊 生成确认 | 类型: 小图 | 画幅: 832x1216 | 大小: 1.44MB | 今日累计: 小图=77, 大图=4
novelai-gateway  | 17:06:24 | INFO    | gateway    | [generations] client body sampler='k_dpmpp_2m' noise_schedule='karras' | final NAI sampler='k_dpmpp_2m' noise_schedule='karras'
novelai-gateway  | 17:06:24 | INFO    | gateway    | ⏳ 排队中... (当前等待: 1)
novelai-gateway  | 17:06:24 | INFO    | gateway    | 🔒 获取锁，开始处理 (剩余等待: 0)
novelai-gateway  | 17:06:35 | INFO    | gateway    | ❄️ 冷却 1.0s
novelai-gateway  | 17:06:36 | INFO    | gateway    | 🔓 释放锁 (当前等待: 0)
novelai-gateway  | 17:06:36 | INFO    | stats      | 生成确认 | 类型: 小图 | 画幅: 832x1216 | 大小: 1.24MB | 今日累计: 小图=78, 大图=4
novelai-gateway  | 📊 生成确认 | 类型: 小图 | 画幅: 832x1216 | 大小: 1.24MB | 今日累计: 小图=78, 大图=4
novelai-gateway  | 17:06:37 | INFO    | gateway    | [generations] client body sampler='k_dpmpp_2m' noise_schedule='karras' | final NAI sampler='k_dpmpp_2m' noise_schedule='karras'
novelai-gateway  | 17:06:37 | INFO    | gateway    | ⏳ 排队中... (当前等待: 1)
novelai-gateway  | 17:06:37 | INFO    | gateway    | 🔒 获取锁，开始处理 (剩余等待: 0)
novelai-gateway  | 17:06:48 | INFO    | gateway    | ❄️ 冷却 0.7s
novelai-gateway  | 17:06:49 | INFO    | gateway    | 🔓 释放锁 (当前等待: 0)
novelai-gateway  | 📊 生成确认 | 类型: 小图 | 画幅: 832x1216 | 大小: 1.38MB | 今日累计: 小图=79, 大图=4
novelai-gateway  | 17:06:49 | INFO    | stats      | 生成确认 | 类型: 小图 | 画幅: 832x1216 | 大小: 1.38MB | 今日累计: 小图=79, 大图=4
novelai-gateway  | 17:07:49 | INFO    | gateway    | [generations] client body sampler='k_dpmpp_2m' noise_schedule='karras' | final NAI sampler='k_dpmpp_2m' noise_schedule='karras'
novelai-gateway  | 17:07:49 | INFO    | gateway    | ⏳ 排队中... (当前等待: 1)
novelai-gateway  | 17:07:49 | INFO    | gateway    | 🔒 获取锁，开始处理 (剩余等待: 0)
novelai-gateway  | 17:08:00 | INFO    | gateway    | ❄️ 冷却 0.9s
novelai-gateway  | 17:08:01 | INFO    | gateway    | 🔓 释放锁 (当前等待: 0)
novelai-gateway  | 17:08:01 | INFO    | stats      | 生成确认 | 类型: 小图 | 画幅: 832x1216 | 大小: 1.25MB | 今日累计: 小图=80, 大图=4
novelai-gateway  | 📊 生成确认 | 类型: 小图 | 画幅: 832x1216 | 大小: 1.25MB | 今日累计: 小图=80, 大图=4
novelai-gateway  | 17:08:05 | INFO    | gateway    | [generations] client body sampler='k_dpmpp_2m' noise_schedule='karras' | final NAI sampler='k_dpmpp_2m' noise_schedule='karras'
novelai-gateway  | 17:08:05 | INFO    | gateway    | ⏳ 排队中... (当前等待: 1)
novelai-gateway  | 17:08:05 | INFO    | gateway    | 🔒 获取锁，开始处理 (剩余等待: 0)
novelai-gateway  | 17:08:16 | INFO    | gateway    | ❄️ 冷却 0.6s
novelai-gateway  | 📊 生成确认 | 类型: 小图 | 画幅: 832x1216 | 大小: 1.25MB | 今日累计: 小图=81, 大图=4
novelai-gateway  | 17:08:17 | INFO    | gateway    | 🔓 释放锁 (当前等待: 0)
novelai-gateway  | 17:08:17 | INFO    | stats      | 生成确认 | 类型: 小图 | 画幅: 832x1216 | 大小: 1.25MB | 今日累计: 小图=81, 大图=4
novelai-gateway  | 17:08:21 | INFO    | gateway    | [generations] client body sampler='k_dpmpp_2m' noise_schedule='karras' | final NAI sampler='k_dpmpp_2m' noise_schedule='karras'
novelai-gateway  | 17:08:21 | INFO    | gateway    | ⏳ 排队中... (当前等待: 1)
novelai-gateway  | 17:08:21 | INFO    | gateway    | 🔒 获取锁，开始处理 (剩余等待: 0)
novelai-gateway  | 17:08:30 | INFO    | gateway    | ❄️ 冷却 0.7s
novelai-gateway  | 17:08:31 | INFO    | gateway    | 🔓 释放锁 (当前等待: 0)
novelai-gateway  | 17:08:31 | INFO    | stats      | 生成确认 | 类型: 小图 | 画幅: 832x1216 | 大小: 1.49MB | 今日累计: 小图=82, 大图=4
novelai-gateway  | 📊 生成确认 | 类型: 小图 | 画幅: 832x1216 | 大小: 1.49MB | 今日累计: 小图=82, 大图=4
novelai-gateway  | 17:08:33 | INFO    | gateway    | [generations] client body sampler='k_dpmpp_2m' noise_schedule='karras' | final NAI sampler='k_dpmpp_2m' noise_schedule='karras'
novelai-gateway  | 17:08:33 | INFO    | gateway    | ⏳ 排队中... (当前等待: 1)
novelai-gateway  | 17:08:33 | INFO    | gateway    | 🔒 获取锁，开始处理 (剩余等待: 0)
novelai-gateway  | 17:08:43 | INFO    | gateway    | ❄️ 冷却 0.8s
novelai-gateway  | 17:08:43 | INFO    | gateway    | 🔓 释放锁 (当前等待: 0)
novelai-gateway  | 📊 生成确认 | 类型: 小图 | 画幅: 832x1216 | 大小: 1.35MB | 今日累计: 小图=83, 大图=4
novelai-gateway  | 17:08:43 | INFO    | stats      | 生成确认 | 类型: 小图 | 画幅: 832x1216 | 大小: 1.35MB | 今日累计: 小图=83, 大图=4
novelai-gateway  | 17:08:47 | INFO    | gateway    | [generations] client body sampler='k_dpmpp_2m' noise_schedule='karras' | final NAI sampler='k_dpmpp_2m' noise_schedule='karras'
novelai-gateway  | 17:08:47 | INFO    | gateway    | ⏳ 排队中... (当前等待: 1)
novelai-gateway  | 17:08:47 | INFO    | gateway    | 🔒 获取锁，开始处理 (剩余等待: 0)
novelai-gateway  | 17:08:57 | INFO    | gateway    | ❄️ 冷却 1.0s
novelai-gateway  | 17:08:58 | INFO    | gateway    | 🔓 释放锁 (当前等待: 0)
novelai-gateway  | 17:08:58 | INFO    | stats      | 生成确认 | 类型: 小图 | 画幅: 832x1216 | 大小: 1.44MB | 今日累计: 小图=84, 大图=4
novelai-gateway  | 📊 生成确认 | 类型: 小图 | 画幅: 832x1216 | 大小: 1.44MB | 今日累计: 小图=84, 大图=4
novelai-gateway  | 17:09:02 | INFO    | gateway    | [generations] client body sampler='k_dpmpp_2m' noise_schedule='karras' | final NAI sampler='k_dpmpp_2m' noise_schedule='karras'
novelai-gateway  | 17:09:02 | INFO    | gateway    | ⏳ 排队中... (当前等待: 1)
novelai-gateway  | 17:09:02 | INFO    | gateway    | 🔒 获取锁，开始处理 (剩余等待: 0)
novelai-gateway  | 17:09:12 | INFO    | gateway    | ❄️ 冷却 0.8s
novelai-gateway  | 17:09:13 | INFO    | gateway    | 🔓 释放锁 (当前等待: 0)
novelai-gateway  | 17:09:13 | INFO    | stats      | 生成确认 | 类型: 小图 | 画幅: 832x1216 | 大小: 1.47MB | 今日累计: 小图=85, 大图=4
novelai-gateway  | 📊 生成确认 | 类型: 小图 | 画幅: 832x1216 | 大小: 1.47MB | 今日累计: 小图=85, 大图=4
novelai-gateway  | 17:09:17 | INFO    | gateway    | [generations] client body sampler='k_dpmpp_2m' noise_schedule='karras' | final NAI sampler='k_dpmpp_2m' noise_schedule='karras'
novelai-gateway  | 17:09:17 | INFO    | gateway    | ⏳ 排队中... (当前等待: 1)
novelai-gateway  | 17:09:17 | INFO    | gateway    | 🔒 获取锁，开始处理 (剩余等待: 0)
novelai-gateway  | 17:09:25 | INFO    | gateway    | ❄️ 冷却 0.8s
novelai-gateway  | 📊 生成确认 | 类型: 小图 | 画幅: 832x1216 | 大小: 1.47MB | 今日累计: 小图=86, 大图=4
novelai-gateway  | 17:09:26 | INFO    | gateway    | 🔓 释放锁 (当前等待: 0)
novelai-gateway  | 17:09:26 | INFO    | stats      | 生成确认 | 类型: 小图 | 画幅: 832x1216 | 大小: 1.47MB | 今日累计: 小图=86, 大图=4
novelai-gateway  | 17:09:30 | INFO    | gateway    | [generations] client body sampler='k_dpmpp_2m' noise_schedule='karras' | final NAI sampler='k_dpmpp_2m' noise_schedule='karras'
novelai-gateway  | 17:09:30 | INFO    | gateway    | ⏳ 排队中... (当前等待: 1)
novelai-gateway  | 17:09:30 | INFO    | gateway    | 🔒 获取锁，开始处理 (剩余等待: 0)
novelai-gateway  | 17:09:41 | INFO    | gateway    | ❄️ 冷却 0.9s
novelai-gateway  | 17:09:42 | INFO    | gateway    | 🔓 释放锁 (当前等待: 0)
novelai-gateway  | 17:09:42 | INFO    | stats      | 生成确认 | 类型: 小图 | 画幅: 832x1216 | 大小: 1.45MB | 今日累计: 小图=87, 大图=4
novelai-gateway  | 📊 生成确认 | 类型: 小图 | 画幅: 832x1216 | 大小: 1.45MB | 今日累计: 小图=87, 大图=4
novelai-gateway  | 17:09:45 | INFO    | gateway    | [generations] client body sampler='k_dpmpp_2m' noise_schedule='karras' | final NAI sampler='k_dpmpp_2m' noise_schedule='karras'
novelai-gateway  | 17:09:45 | INFO    | gateway    | ⏳ 排队中... (当前等待: 1)
novelai-gateway  | 17:09:45 | INFO    | gateway    | 🔒 获取锁，开始处理 (剩余等待: 0)
novelai-gateway  | 17:09:57 | INFO    | gateway    | ❄️ 冷却 0.5s
novelai-gateway  | 17:09:57 | INFO    | gateway    | 🔓 释放锁 (当前等待: 0)
novelai-gateway  | 📊 生成确认 | 类型: 小图 | 画幅: 832x1216 | 大小: 1.51MB | 今日累计: 小图=88, 大图=4
novelai-gateway  | 17:09:57 | INFO    | stats      | 生成确认 | 类型: 小图 | 画幅: 832x1216 | 大小: 1.51MB | 今日累计: 小图=88, 大图=4
novelai-gateway  | 17:10:01 | INFO    | gateway    | [generations] client body sampler='k_dpmpp_2m' noise_schedule='karras' | final NAI sampler='k_dpmpp_2m' noise_schedule='karras'
novelai-gateway  | 17:10:01 | INFO    | gateway    | ⏳ 排队中... (当前等待: 1)
novelai-gateway  | 17:10:01 | INFO    | gateway    | 🔒 获取锁，开始处理 (剩余等待: 0)
novelai-gateway  | 17:10:13 | INFO    | gateway    | ❄️ 冷却 0.9s
novelai-gateway  | 17:10:14 | INFO    | gateway    | 🔓 释放锁 (当前等待: 0)
novelai-gateway  | 17:10:14 | INFO    | stats      | 生成确认 | 类型: 小图 | 画幅: 832x1216 | 大小: 1.54MB | 今日累计: 小图=89, 大图=4
novelai-gateway  | 📊 生成确认 | 类型: 小图 | 画幅: 832x1216 | 大小: 1.54MB | 今日累计: 小图=89, 大图=4
novelai-gateway  | 17:10:18 | INFO    | gateway    | [generations] client body sampler='k_dpmpp_2m' noise_schedule='karras' | final NAI sampler='k_dpmpp_2m' noise_schedule='karras'
novelai-gateway  | 17:10:18 | INFO    | gateway    | ⏳ 排队中... (当前等待: 1)
novelai-gateway  | 17:10:18 | INFO    | gateway    | 🔒 获取锁，开始处理 (剩余等待: 0)
novelai-gateway  | 17:10:30 | INFO    | gateway    | ❄️ 冷却 0.6s
novelai-gateway  | 17:10:30 | INFO    | gateway    | 🔓 释放锁 (当前等待: 0)
novelai-gateway  | 📊 生成确认 | 类型: 小图 | 画幅: 832x1216 | 大小: 1.31MB | 今日累计: 小图=90, 大图=4
novelai-gateway  | 17:10:30 | INFO    | stats      | 生成确认 | 类型: 小图 | 画幅: 832x1216 | 大小: 1.31MB | 今日累计: 小图=90, 大图=4
novelai-gateway  | 17:10:33 | INFO    | gateway    | [generations] client body sampler='k_dpmpp_2m' noise_schedule='karras' | final NAI sampler='k_dpmpp_2m' noise_schedule='karras'
novelai-gateway  | 17:10:33 | INFO    | gateway    | ⏳ 排队中... (当前等待: 1)
novelai-gateway  | 17:10:33 | INFO    | gateway    | 🔒 获取锁，开始处理 (剩余等待: 0)
novelai-gateway  | 17:10:45 | INFO    | gateway    | ❄️ 冷却 0.5s
novelai-gateway  | 17:10:46 | INFO    | gateway    | 🔓 释放锁 (当前等待: 0)
novelai-gateway  | 📊 生成确认 | 类型: 小图 | 画幅: 832x1216 | 大小: 1.55MB | 今日累计: 小图=91, 大图=4
novelai-gateway  | 17:10:46 | INFO    | stats      | 生成确认 | 类型: 小图 | 画幅: 832x1216 | 大小: 1.55MB | 今日累计: 小图=91, 大图=4
novelai-gateway  | 17:10:49 | INFO    | gateway    | [generations] client body sampler='k_dpmpp_2m' noise_schedule='karras' | final NAI sampler='k_dpmpp_2m' noise_schedule='karras'
novelai-gateway  | 17:10:49 | INFO    | gateway    | ⏳ 排队中... (当前等待: 1)
novelai-gateway  | 17:10:49 | INFO    | gateway    | 🔒 获取锁，开始处理 (剩余等待: 0)
novelai-gateway  | 17:10:59 | INFO    | gateway    | ❄️ 冷却 0.7s
novelai-gateway  | 17:10:59 | INFO    | gateway    | 🔓 释放锁 (当前等待: 0)
novelai-gateway  | 📊 生成确认 | 类型: 小图 | 画幅: 832x1216 | 大小: 1.59MB | 今日累计: 小图=92, 大图=4
novelai-gateway  | 17:10:59 | INFO    | stats      | 生成确认 | 类型: 小图 | 画幅: 832x1216 | 大小: 1.59MB | 今日累计: 小图=92, 大图=4
novelai-gateway  | 17:11:08 | INFO    | gateway    | [generations] client body sampler='k_dpmpp_2m' noise_schedule='karras' | final NAI sampler='k_dpmpp_2m' noise_schedule='karras'
novelai-gateway  | 17:11:08 | INFO    | gateway    | ⏳ 排队中... (当前等待: 1)
novelai-gateway  | 17:11:08 | INFO    | gateway    | 🔒 获取锁，开始处理 (剩余等待: 0)
novelai-gateway  | 17:11:20 | INFO    | gateway    | ❄️ 冷却 0.5s
novelai-gateway  | 17:11:21 | INFO    | gateway    | 🔓 释放锁 (当前等待: 0)
novelai-gateway  | 📊 生成确认 | 类型: 小图 | 画幅: 832x1216 | 大小: 1.35MB | 今日累计: 小图=93, 大图=4
novelai-gateway  | 17:11:21 | INFO    | stats      | 生成确认 | 类型: 小图 | 画幅: 832x1216 | 大小: 1.35MB | 今日累计: 小图=93, 大图=4
novelai-gateway  | 17:11:24 | INFO    | gateway    | [generations] client body sampler='k_dpmpp_2m' noise_schedule='karras' | final NAI sampler='k_dpmpp_2m' noise_schedule='karras'
novelai-gateway  | 17:11:24 | INFO    | gateway    | ⏳ 排队中... (当前等待: 1)
novelai-gateway  | 17:11:24 | INFO    | gateway    | 🔒 获取锁，开始处理 (剩余等待: 0)
novelai-gateway  | 17:11:35 | INFO    | gateway    | ❄️ 冷却 0.6s
novelai-gateway  | 17:11:35 | INFO    | gateway    | 🔓 释放锁 (当前等待: 0)
novelai-gateway  | 📊 生成确认 | 类型: 小图 | 画幅: 832x1216 | 大小: 1.34MB | 今日累计: 小图=94, 大图=4
novelai-gateway  | 17:11:35 | INFO    | stats      | 生成确认 | 类型: 小图 | 画幅: 832x1216 | 大小: 1.34MB | 今日累计: 小图=94, 大图=4
novelai-gateway  | 04:06:44 | INFO    | gateway    | [generations] client body sampler='k_dpmpp_2m' noise_schedule='native' | final NAI sampler='k_dpmpp_2m' noise_schedule='native'
novelai-gateway  | 04:06:44 | INFO    | gateway    | ⏳ 排队中... (当前等待: 1)
novelai-gateway  | 04:06:44 | INFO    | gateway    | 🔒 获取锁，开始处理 (剩余等待: 0)
novelai-gateway  | 04:06:54 | INFO    | gateway    | ❄️ 冷却 0.8s
novelai-gateway  | 04:06:55 | INFO    | gateway    | 🔓 释放锁 (当前等待: 0)
novelai-gateway  | 04:06:55 | INFO    | stats      | 生成确认 | 类型: 小图 | 画幅: 832x1216 | 大小: 1.85MB | 今日累计: 小图=1, 大图=0
novelai-gateway  | 📊 生成确认 | 类型: 小图 | 画幅: 832x1216 | 大小: 1.85MB | 今日累计: 小图=1, 大图=0
novelai-gateway  | 04:07:15 | INFO    | gateway    | [generations] client body sampler='k_dpmpp_2m' noise_schedule='native' | final NAI sampler='k_dpmpp_2m' noise_schedule='native'
novelai-gateway  | 04:07:15 | INFO    | gateway    | ⏳ 排队中... (当前等待: 1)
novelai-gateway  | 04:07:15 | INFO    | gateway    | 🔒 获取锁，开始处理 (剩余等待: 0)
novelai-gateway  | 04:07:24 | INFO    | gateway    | ❄️ 冷却 0.6s
novelai-gateway  | 04:07:25 | INFO    | gateway    | 🔓 释放锁 (当前等待: 0)
novelai-gateway  | 04:07:25 | INFO    | stats      | 生成确认 | 类型: 小图 | 画幅: 832x1216 | 大小: 2.02MB | 今日累计: 小图=2, 大图=0
novelai-gateway  | 📊 生成确认 | 类型: 小图 | 画幅: 832x1216 | 大小: 2.02MB | 今日累计: 小图=2, 大图=0
novelai-gateway  | 04:07:31 | INFO    | gateway    | [generations] client body sampler='k_dpmpp_2m' noise_schedule='native' | final NAI sampler='k_dpmpp_2m' noise_schedule='native'
novelai-gateway  | 04:07:31 | INFO    | gateway    | ⏳ 排队中... (当前等待: 1)
novelai-gateway  | 04:07:31 | INFO    | gateway    | 🔒 获取锁，开始处理 (剩余等待: 0)
novelai-gateway  | 04:07:40 | INFO    | gateway    | ❄️ 冷却 0.6s
novelai-gateway  | 04:07:41 | INFO    | gateway    | 🔓 释放锁 (当前等待: 0)
novelai-gateway  | 04:07:41 | INFO    | stats      | 生成确认 | 类型: 小图 | 画幅: 832x1216 | 大小: 1.77MB | 今日累计: 小图=3, 大图=0
novelai-gateway  | 📊 生成确认 | 类型: 小图 | 画幅: 832x1216 | 大小: 1.77MB | 今日累计: 小图=3, 大图=0
novelai-gateway  | 04:07:45 | INFO    | gateway    | [generations] client body sampler='k_dpmpp_2m' noise_schedule='native' | final NAI sampler='k_dpmpp_2m' noise_schedule='native'
novelai-gateway  | 04:07:45 | INFO    | gateway    | ⏳ 排队中... (当前等待: 1)
novelai-gateway  | 04:07:45 | INFO    | gateway    | 🔒 获取锁，开始处理 (剩余等待: 0)
novelai-gateway  | 04:07:54 | INFO    | gateway    | ❄️ 冷却 0.6s
novelai-gateway  | 📊 生成确认 | 类型: 小图 | 画幅: 832x1216 | 大小: 2.05MB | 今日累计: 小图=4, 大图=0
novelai-gateway  | 04:07:55 | INFO    | gateway    | 🔓 释放锁 (当前等待: 0)
novelai-gateway  | 04:07:55 | INFO    | stats      | 生成确认 | 类型: 小图 | 画幅: 832x1216 | 大小: 2.05MB | 今日累计: 小图=4, 大图=0
novelai-gateway  | 07:54:18 | INFO    | gateway    | [generations] client body sampler='k_dpmpp_2m' noise_schedule='native' | final NAI sampler='k_dpmpp_2m' noise_schedule='native'
novelai-gateway  | 07:54:18 | INFO    | gateway    | ⏳ 排队中... (当前等待: 1)
novelai-gateway  | 07:54:18 | INFO    | gateway    | 🔒 获取锁，开始处理 (剩余等待: 0)
novelai-gateway  | 07:54:29 | INFO    | gateway    | ❄️ 冷却 0.9s
novelai-gateway  | 07:54:30 | INFO    | gateway    | 🔓 释放锁 (当前等待: 0)
novelai-gateway  | 07:54:30 | INFO    | stats      | 生成确认 | 类型: 小图 | 画幅: 1216x832 | 大小: 2.02MB | 今日累计: 小图=5, 大图=0
novelai-gateway  | 📊 生成确认 | 类型: 小图 | 画幅: 1216x832 | 大小: 2.02MB | 今日累计: 小图=5, 大图=0
novelai-gateway  | 07:54:33 | INFO    | gateway    | [generations] client body sampler='k_dpmpp_2m' noise_schedule='native' | final NAI sampler='k_dpmpp_2m' noise_schedule='native'
novelai-gateway  | 07:54:33 | INFO    | gateway    | ⏳ 排队中... (当前等待: 1)
novelai-gateway  | 07:54:33 | INFO    | gateway    | 🔒 获取锁，开始处理 (剩余等待: 0)
novelai-gateway  | 07:54:43 | INFO    | gateway    | ❄️ 冷却 0.5s
novelai-gateway  | 07:54:43 | INFO    | gateway    | 🔓 释放锁 (当前等待: 0)
novelai-gateway  | 07:54:43 | INFO    | stats      | 生成确认 | 类型: 小图 | 画幅: 1216x832 | 大小: 1.97MB | 今日累计: 小图=6, 大图=0
novelai-gateway  | 📊 生成确认 | 类型: 小图 | 画幅: 1216x832 | 大小: 1.97MB | 今日累计: 小图=6, 大图=0
novelai-gateway  | 07:54:46 | INFO    | gateway    | [generations] client body sampler='k_dpmpp_2m' noise_schedule='native' | final NAI sampler='k_dpmpp_2m' noise_schedule='native'
novelai-gateway  | 07:54:46 | INFO    | gateway    | ⏳ 排队中... (当前等待: 1)
novelai-gateway  | 07:54:46 | INFO    | gateway    | 🔒 获取锁，开始处理 (剩余等待: 0)
novelai-gateway  | 07:54:55 | INFO    | gateway    | ❄️ 冷却 0.5s
novelai-gateway  | 07:54:56 | INFO    | gateway    | 🔓 释放锁 (当前等待: 0)
novelai-gateway  | 📊 生成确认 | 类型: 小图 | 画幅: 1216x832 | 大小: 2.12MB | 今日累计: 小图=7, 大图=0
novelai-gateway  | 07:54:56 | INFO    | stats      | 生成确认 | 类型: 小图 | 画幅: 1216x832 | 大小: 2.12MB | 今日累计: 小图=7, 大图=0
novelai-gateway  | 07:56:12 | INFO    | gateway    | [generations] client body sampler='k_dpmpp_2m' noise_schedule='native' | final NAI sampler='k_dpmpp_2m' noise_schedule='native'
novelai-gateway  | 07:56:12 | INFO    | gateway    | ⏳ 排队中... (当前等待: 1)
novelai-gateway  | 07:56:12 | INFO    | gateway    | 🔒 获取锁，开始处理 (剩余等待: 0)
novelai-gateway  | 07:56:22 | INFO    | gateway    | ❄️ 冷却 1.0s
novelai-gateway  | 07:56:23 | INFO    | gateway    | 🔓 释放锁 (当前等待: 0)
novelai-gateway  | 07:56:23 | INFO    | stats      | 生成确认 | 类型: 小图 | 画幅: 1216x832 | 大小: 2.10MB | 今日累计: 小图=8, 大图=0
novelai-gateway  | 📊 生成确认 | 类型: 小图 | 画幅: 1216x832 | 大小: 2.10MB | 今日累计: 小图=8, 大图=0
novelai-gateway  | 07:56:25 | INFO    | gateway    | [generations] client body sampler='k_dpmpp_2m' noise_schedule='native' | final NAI sampler='k_dpmpp_2m' noise_schedule='native'
novelai-gateway  | 07:56:25 | INFO    | gateway    | ⏳ 排队中... (当前等待: 1)
novelai-gateway  | 07:56:25 | INFO    | gateway    | 🔒 获取锁，开始处理 (剩余等待: 0)
novelai-gateway  | 07:56:34 | INFO    | gateway    | ❄️ 冷却 0.7s
novelai-gateway  | 07:56:35 | INFO    | gateway    | 🔓 释放锁 (当前等待: 0)
novelai-gateway  | 07:56:35 | INFO    | stats      | 生成确认 | 类型: 小图 | 画幅: 1216x832 | 大小: 2.17MB | 今日累计: 小图=9, 大图=0
novelai-gateway  | 📊 生成确认 | 类型: 小图 | 画幅: 1216x832 | 大小: 2.17MB | 今日累计: 小图=9, 大图=0
novelai-gateway  | 07:56:38 | INFO    | gateway    | [generations] client body sampler='k_dpmpp_2m' noise_schedule='native' | final NAI sampler='k_dpmpp_2m' noise_schedule='native'
novelai-gateway  | 07:56:38 | INFO    | gateway    | ⏳ 排队中... (当前等待: 1)
novelai-gateway  | 07:56:38 | INFO    | gateway    | 🔒 获取锁，开始处理 (剩余等待: 0)
novelai-gateway  | 07:56:46 | INFO    | gateway    | ❄️ 冷却 0.6s
novelai-gateway  | 07:56:47 | INFO    | gateway    | 🔓 释放锁 (当前等待: 0)
novelai-gateway  | 07:56:47 | INFO    | stats      | 生成确认 | 类型: 小图 | 画幅: 1216x832 | 大小: 2.04MB | 今日累计: 小图=10, 大图=0
novelai-gateway  | 📊 生成确认 | 类型: 小图 | 画幅: 1216x832 | 大小: 2.04MB | 今日累计: 小图=10, 大图=0
novelai-gateway  | 07:57:07 | INFO    | gateway    | [generations] client body sampler='k_dpmpp_2m' noise_schedule='native' | final NAI sampler='k_dpmpp_2m' noise_schedule='native'
novelai-gateway  | 07:57:07 | INFO    | gateway    | ⏳ 排队中... (当前等待: 1)
novelai-gateway  | 07:57:07 | INFO    | gateway    | 🔒 获取锁，开始处理 (剩余等待: 0)
novelai-gateway  | 07:57:18 | INFO    | gateway    | ❄️ 冷却 1.0s
novelai-gateway  | 07:57:19 | INFO    | gateway    | 🔓 释放锁 (当前等待: 0)
novelai-gateway  | 07:57:19 | INFO    | stats      | 生成确认 | 类型: 小图 | 画幅: 1216x832 | 大小: 2.15MB | 今日累计: 小图=11, 大图=0
novelai-gateway  | 📊 生成确认 | 类型: 小图 | 画幅: 1216x832 | 大小: 2.15MB | 今日累计: 小图=11, 大图=0
novelai-gateway  | 07:57:22 | INFO    | gateway    | [generations] client body sampler='k_dpmpp_2m' noise_schedule='native' | final NAI sampler='k_dpmpp_2m' noise_schedule='native'
novelai-gateway  | 07:57:22 | INFO    | gateway    | ⏳ 排队中... (当前等待: 1)
novelai-gateway  | 07:57:22 | INFO    | gateway    | 🔒 获取锁，开始处理 (剩余等待: 0)
novelai-gateway  | 07:57:30 | INFO    | gateway    | ❄️ 冷却 0.8s
novelai-gateway  | 07:57:31 | INFO    | gateway    | 🔓 释放锁 (当前等待: 0)
novelai-gateway  | 07:57:31 | INFO    | stats      | 生成确认 | 类型: 小图 | 画幅: 1216x832 | 大小: 2.13MB | 今日累计: 小图=12, 大图=0
novelai-gateway  | 📊 生成确认 | 类型: 小图 | 画幅: 1216x832 | 大小: 2.13MB | 今日累计: 小图=12, 大图=0
novelai-gateway  | 07:57:33 | INFO    | gateway    | [generations] client body sampler='k_dpmpp_2m' noise_schedule='native' | final NAI sampler='k_dpmpp_2m' noise_schedule='native'
novelai-gateway  | 07:57:33 | INFO    | gateway    | ⏳ 排队中... (当前等待: 1)
novelai-gateway  | 07:57:33 | INFO    | gateway    | 🔒 获取锁，开始处理 (剩余等待: 0)
novelai-gateway  | 07:57:43 | INFO    | gateway    | ❄️ 冷却 1.0s
novelai-gateway  | 07:57:44 | INFO    | gateway    | 🔓 释放锁 (当前等待: 0)
novelai-gateway  | 📊 生成确认 | 类型: 小图 | 画幅: 1216x832 | 大小: 2.09MB | 今日累计: 小图=13, 大图=0
novelai-gateway  | 07:57:44 | INFO    | stats      | 生成确认 | 类型: 小图 | 画幅: 1216x832 | 大小: 2.09MB | 今日累计: 小图=13, 大图=0
novelai-gateway  | 07:58:26 | INFO    | gateway    | [generations] client body sampler='k_dpmpp_2m' noise_schedule='native' | final NAI sampler='k_dpmpp_2m' noise_schedule='native'
novelai-gateway  | 07:58:26 | INFO    | gateway    | ⏳ 排队中... (当前等待: 1)
novelai-gateway  | 07:58:26 | INFO    | gateway    | 🔒 获取锁，开始处理 (剩余等待: 0)
novelai-gateway  | 07:58:58 | ERROR   | gateway    | ❌ NAI 请求失败 (https://text.novelai.net/ai/generate-image): peer closed connection without sending complete message body (incomplete chunked read)
novelai-gateway  | 07:58:58 | INFO    | gateway    | ❄️ 冷却 0.7s
novelai-gateway  | 07:58:59 | INFO    | gateway    | 🔓 释放锁 (当前等待: 0)
novelai-gateway  | 07:58:59 | INFO    | gateway    | [generations] client body sampler='k_dpmpp_2m' noise_schedule='native' | final NAI sampler='k_dpmpp_2m' noise_schedule='native'
novelai-gateway  | 07:58:59 | INFO    | gateway    | ⏳ 排队中... (当前等待: 1)
novelai-gateway  | 07:58:59 | INFO    | gateway    | 🔒 获取锁，开始处理 (剩余等待: 0)
novelai-gateway  | 07:59:03 | ERROR   | gateway    | ❌ NAI 请求失败 (https://text.novelai.net/ai/generate-image): 
novelai-gateway  | 07:59:03 | INFO    | gateway    | ❄️ 冷却 0.7s
novelai-gateway  | 07:59:03 | INFO    | gateway    | 🔓 释放锁 (当前等待: 0)
novelai-gateway  | 07:59:03 | INFO    | gateway    | [generations] client body sampler='k_dpmpp_2m' noise_schedule='native' | final NAI sampler='k_dpmpp_2m' noise_schedule='native'
novelai-gateway  | 07:59:03 | INFO    | gateway    | ⏳ 排队中... (当前等待: 1)
novelai-gateway  | 07:59:03 | INFO    | gateway    | 🔒 获取锁，开始处理 (剩余等待: 0)
novelai-gateway  | 07:59:05 | ERROR   | gateway    | ❌ NAI 请求失败 (https://text.novelai.net/ai/generate-image): 
novelai-gateway  | 07:59:05 | INFO    | gateway    | ❄️ 冷却 0.6s
novelai-gateway  | 07:59:06 | INFO    | gateway    | 🔓 释放锁 (当前等待: 0)
novelai-gateway  | 07:59:06 | INFO    | gateway    | [generations] client body sampler='k_dpmpp_2m' noise_schedule='native' | final NAI sampler='k_dpmpp_2m' noise_schedule='native'
novelai-gateway  | 07:59:06 | INFO    | gateway    | ⏳ 排队中... (当前等待: 1)
novelai-gateway  | 07:59:06 | INFO    | gateway    | 🔒 获取锁，开始处理 (剩余等待: 0)
novelai-gateway  | 07:59:08 | ERROR   | gateway    | ❌ NAI 请求失败 (https://text.novelai.net/ai/generate-image): 
novelai-gateway  | 07:59:08 | INFO    | gateway    | ❄️ 冷却 0.7s
novelai-gateway  | 07:59:09 | INFO    | gateway    | 🔓 释放锁 (当前等待: 0)
novelai-gateway  | 07:59:09 | INFO    | gateway    | [generations] client body sampler='k_dpmpp_2m' noise_schedule='native' | final NAI sampler='k_dpmpp_2m' noise_schedule='native'
novelai-gateway  | 07:59:09 | INFO    | gateway    | ⏳ 排队中... (当前等待: 1)
novelai-gateway  | 07:59:09 | INFO    | gateway    | 🔒 获取锁，开始处理 (剩余等待: 0)
novelai-gateway  | 07:59:11 | ERROR   | gateway    | ❌ NAI 请求失败 (https://text.novelai.net/ai/generate-image): 
novelai-gateway  | 07:59:11 | INFO    | gateway    | ❄️ 冷却 0.8s
novelai-gateway  | 07:59:11 | INFO    | gateway    | 🔓 释放锁 (当前等待: 0)
novelai-gateway  | 07:59:12 | INFO    | gateway    | [generations] client body sampler='k_dpmpp_2m' noise_schedule='native' | final NAI sampler='k_dpmpp_2m' noise_schedule='native'
novelai-gateway  | 07:59:12 | INFO    | gateway    | ⏳ 排队中... (当前等待: 1)
novelai-gateway  | 07:59:12 | INFO    | gateway    | 🔒 获取锁，开始处理 (剩余等待: 0)
novelai-gateway  | 07:59:14 | ERROR   | gateway    | ❌ NAI 请求失败 (https://text.novelai.net/ai/generate-image): 
novelai-gateway  | 07:59:14 | INFO    | gateway    | ❄️ 冷却 0.5s
novelai-gateway  | 07:59:14 | INFO    | gateway    | 🔓 释放锁 (当前等待: 0)
novelai-gateway  | 07:59:14 | INFO    | gateway    | [generations] client body sampler='k_dpmpp_2m' noise_schedule='native' | final NAI sampler='k_dpmpp_2m' noise_schedule='native'
novelai-gateway  | 07:59:14 | INFO    | gateway    | ⏳ 排队中... (当前等待: 1)
novelai-gateway  | 07:59:14 | INFO    | gateway    | 🔒 获取锁，开始处理 (剩余等待: 0)
novelai-gateway  | 07:59:16 | ERROR   | gateway    | ❌ NAI 请求失败 (https://text.novelai.net/ai/generate-image): 
novelai-gateway  | 07:59:16 | INFO    | gateway    | ❄️ 冷却 0.7s
novelai-gateway  | 07:59:17 | INFO    | gateway    | 🔓 释放锁 (当前等待: 0)
novelai-gateway  | 07:59:17 | INFO    | gateway    | [generations] client body sampler='k_dpmpp_2m' noise_schedule='native' | final NAI sampler='k_dpmpp_2m' noise_schedule='native'
novelai-gateway  | 07:59:17 | INFO    | gateway    | ⏳ 排队中... (当前等待: 1)
novelai-gateway  | 07:59:17 | INFO    | gateway    | 🔒 获取锁，开始处理 (剩余等待: 0)
novelai-gateway  | 07:59:19 | ERROR   | gateway    | ❌ NAI 请求失败 (https://text.novelai.net/ai/generate-image): 
novelai-gateway  | 07:59:19 | INFO    | gateway    | ❄️ 冷却 0.7s
novelai-gateway  | 07:59:19 | INFO    | gateway    | 🔓 释放锁 (当前等待: 0)
novelai-gateway  | 07:59:19 | INFO    | gateway    | [generations] client body sampler='k_dpmpp_2m' noise_schedule='native' | final NAI sampler='k_dpmpp_2m' noise_schedule='native'
novelai-gateway  | 07:59:19 | INFO    | gateway    | ⏳ 排队中... (当前等待: 1)
novelai-gateway  | 07:59:19 | INFO    | gateway    | 🔒 获取锁，开始处理 (剩余等待: 0)
novelai-gateway  | 07:59:21 | ERROR   | gateway    | ❌ NAI 请求失败 (https://text.novelai.net/ai/generate-image): 
novelai-gateway  | 07:59:21 | INFO    | gateway    | ❄️ 冷却 0.6s
novelai-gateway  | 07:59:22 | INFO    | gateway    | 🔓 释放锁 (当前等待: 0)
novelai-gateway  | 07:59:22 | INFO    | gateway    | [generations] client body sampler='k_dpmpp_2m' noise_schedule='native' | final NAI sampler='k_dpmpp_2m' noise_schedule='native'
novelai-gateway  | 07:59:22 | INFO    | gateway    | ⏳ 排队中... (当前等待: 1)
novelai-gateway  | 07:59:22 | INFO    | gateway    | 🔒 获取锁，开始处理 (剩余等待: 0)
novelai-gateway  | 07:59:24 | ERROR   | gateway    | ❌ NAI 请求失败 (https://text.novelai.net/ai/generate-image): 
novelai-gateway  | 07:59:24 | INFO    | gateway    | ❄️ 冷却 0.5s
novelai-gateway  | 07:59:25 | INFO    | gateway    | 🔓 释放锁 (当前等待: 0)
novelai-gateway  | 07:59:25 | INFO    | gateway    | [generations] client body sampler='k_dpmpp_2m' noise_schedule='native' | final NAI sampler='k_dpmpp_2m' noise_schedule='native'
novelai-gateway  | 07:59:25 | INFO    | gateway    | ⏳ 排队中... (当前等待: 1)
novelai-gateway  | 07:59:25 | INFO    | gateway    | 🔒 获取锁，开始处理 (剩余等待: 0)
novelai-gateway  | 07:59:38 | INFO    | gateway    | ❄️ 冷却 0.7s
novelai-gateway  | 07:59:39 | INFO    | gateway    | 🔓 释放锁 (当前等待: 0)
novelai-gateway  | 📊 生成确认 | 类型: 小图 | 画幅: 1216x832 | 大小: 2.02MB | 今日累计: 小图=14, 大图=0
novelai-gateway  | 07:59:39 | INFO    | stats      | 生成确认 | 类型: 小图 | 画幅: 1216x832 | 大小: 2.02MB | 今日累计: 小图=14, 大图=0
novelai-gateway  | 07:59:41 | INFO    | gateway    | [generations] client body sampler='k_dpmpp_2m' noise_schedule='native' | final NAI sampler='k_dpmpp_2m' noise_schedule='native'
novelai-gateway  | 07:59:41 | INFO    | gateway    | ⏳ 排队中... (当前等待: 1)
novelai-gateway  | 07:59:41 | INFO    | gateway    | 🔒 获取锁，开始处理 (剩余等待: 0)
novelai-gateway  | 07:59:50 | INFO    | gateway    | ❄️ 冷却 0.9s
novelai-gateway  | 07:59:51 | INFO    | gateway    | 🔓 释放锁 (当前等待: 0)
novelai-gateway  | 📊 生成确认 | 类型: 小图 | 画幅: 1216x832 | 大小: 1.82MB | 今日累计: 小图=15, 大图=0
novelai-gateway  | 07:59:51 | INFO    | stats      | 生成确认 | 类型: 小图 | 画幅: 1216x832 | 大小: 1.82MB | 今日累计: 小图=15, 大图=0
novelai-gateway  | 07:59:53 | INFO    | gateway    | [generations] client body sampler='k_dpmpp_2m' noise_schedule='native' | final NAI sampler='k_dpmpp_2m' noise_schedule='native'
novelai-gateway  | 07:59:53 | INFO    | gateway    | ⏳ 排队中... (当前等待: 1)
novelai-gateway  | 07:59:53 | INFO    | gateway    | 🔒 获取锁，开始处理 (剩余等待: 0)
novelai-gateway  | 08:00:08 | INFO    | gateway    | ❄️ 冷却 0.6s
novelai-gateway  | 08:00:08 | INFO    | gateway    | 🔓 释放锁 (当前等待: 0)
novelai-gateway  | 08:00:08 | INFO    | stats      | 生成确认 | 类型: 小图 | 画幅: 1216x832 | 大小: 2.15MB | 今日累计: 小图=16, 大图=0
novelai-gateway  | 📊 生成确认 | 类型: 小图 | 画幅: 1216x832 | 大小: 2.15MB | 今日累计: 小图=16, 大图=0
novelai-gateway  | 08:05:28 | INFO    | gateway    | [generations] client body sampler='k_dpmpp_2m' noise_schedule='native' | final NAI sampler='k_dpmpp_2m' noise_schedule='native'
novelai-gateway  | 08:05:28 | INFO    | gateway    | ⏳ 排队中... (当前等待: 1)
novelai-gateway  | 08:05:28 | INFO    | gateway    | 🔒 获取锁，开始处理 (剩余等待: 0)
novelai-gateway  | 08:05:38 | INFO    | gateway    | ❄️ 冷却 1.0s
novelai-gateway  | 08:05:39 | INFO    | gateway    | 🔓 释放锁 (当前等待: 0)
novelai-gateway  | 08:05:39 | INFO    | stats      | 生成确认 | 类型: 小图 | 画幅: 1216x832 | 大小: 2.26MB | 今日累计: 小图=17, 大图=0
novelai-gateway  | 📊 生成确认 | 类型: 小图 | 画幅: 1216x832 | 大小: 2.26MB | 今日累计: 小图=17, 大图=0
novelai-gateway  | 08:05:41 | INFO    | gateway    | [generations] client body sampler='k_dpmpp_2m' noise_schedule='native' | final NAI sampler='k_dpmpp_2m' noise_schedule='native'
novelai-gateway  | 08:05:41 | INFO    | gateway    | ⏳ 排队中... (当前等待: 1)
novelai-gateway  | 08:05:41 | INFO    | gateway    | 🔒 获取锁，开始处理 (剩余等待: 0)
novelai-gateway  | 08:05:49 | INFO    | gateway    | ❄️ 冷却 0.6s
novelai-gateway  | 08:05:50 | INFO    | gateway    | 🔓 释放锁 (当前等待: 0)
novelai-gateway  | 08:05:50 | INFO    | stats      | 生成确认 | 类型: 小图 | 画幅: 1216x832 | 大小: 2.29MB | 今日累计: 小图=18, 大图=0
novelai-gateway  | 📊 生成确认 | 类型: 小图 | 画幅: 1216x832 | 大小: 2.29MB | 今日累计: 小图=18, 大图=0
novelai-gateway  | 08:05:53 | INFO    | gateway    | [generations] client body sampler='k_dpmpp_2m' noise_schedule='native' | final NAI sampler='k_dpmpp_2m' noise_schedule='native'
novelai-gateway  | 08:05:53 | INFO    | gateway    | ⏳ 排队中... (当前等待: 1)
novelai-gateway  | 08:05:53 | INFO    | gateway    | 🔒 获取锁，开始处理 (剩余等待: 0)
novelai-gateway  | 08:06:02 | INFO    | gateway    | ❄️ 冷却 0.7s
novelai-gateway  | 08:06:03 | INFO    | gateway    | 🔓 释放锁 (当前等待: 0)
novelai-gateway  | 📊 生成确认 | 类型: 小图 | 画幅: 1216x832 | 大小: 2.49MB | 今日累计: 小图=19, 大图=0
novelai-gateway  | 08:06:03 | INFO    | stats      | 生成确认 | 类型: 小图 | 画幅: 1216x832 | 大小: 2.49MB | 今日累计: 小图=19, 大图=0
novelai-gateway  | 08:23:59 | INFO    | gateway    | [generations] client body sampler='k_dpmpp_2m' noise_schedule='karras' | final NAI sampler='k_dpmpp_2m' noise_schedule='karras'
novelai-gateway  | 08:23:59 | INFO    | gateway    | ⏳ 排队中... (当前等待: 1)
novelai-gateway  | 08:23:59 | INFO    | gateway    | 🔒 获取锁，开始处理 (剩余等待: 0)
novelai-gateway  | 08:24:10 | INFO    | gateway    | ❄️ 冷却 0.9s
novelai-gateway  | 08:24:11 | INFO    | gateway    | 🔓 释放锁 (当前等待: 0)
novelai-gateway  | 08:24:11 | INFO    | stats      | 生成确认 | 类型: 小图 | 画幅: 832x1216 | 大小: 1.60MB | 今日累计: 小图=20, 大图=0
novelai-gateway  | 📊 生成确认 | 类型: 小图 | 画幅: 832x1216 | 大小: 1.60MB | 今日累计: 小图=20, 大图=0
novelai-gateway  | 11:02:07 | INFO    | gateway    | [generations] client body sampler='k_dpmpp_2m' noise_schedule='native' | final NAI sampler='k_dpmpp_2m' noise_schedule='native'
novelai-gateway  | 11:02:07 | INFO    | gateway    | ⏳ 排队中... (当前等待: 1)
novelai-gateway  | 11:02:07 | INFO    | gateway    | 🔒 获取锁，开始处理 (剩余等待: 0)
novelai-gateway  | 11:02:18 | INFO    | gateway    | ❄️ 冷却 0.8s
novelai-gateway  | 11:02:19 | INFO    | gateway    | 🔓 释放锁 (当前等待: 0)
novelai-gateway  | 📊 生成确认 | 类型: 小图 | 画幅: 1216x832 | 大小: 2.10MB | 今日累计: 小图=21, 大图=0
novelai-gateway  | 11:02:19 | INFO    | stats      | 生成确认 | 类型: 小图 | 画幅: 1216x832 | 大小: 2.10MB | 今日累计: 小图=21, 大图=0
novelai-gateway  | 11:02:22 | INFO    | gateway    | [generations] client body sampler='k_dpmpp_2m' noise_schedule='native' | final NAI sampler='k_dpmpp_2m' noise_schedule='native'
novelai-gateway  | 11:02:22 | INFO    | gateway    | ⏳ 排队中... (当前等待: 1)
novelai-gateway  | 11:02:22 | INFO    | gateway    | 🔒 获取锁，开始处理 (剩余等待: 0)
novelai-gateway  | 11:02:31 | INFO    | gateway    | ❄️ 冷却 1.0s
novelai-gateway  | 11:02:32 | INFO    | gateway    | 🔓 释放锁 (当前等待: 0)
novelai-gateway  | 11:02:32 | INFO    | stats      | 生成确认 | 类型: 小图 | 画幅: 1216x832 | 大小: 1.94MB | 今日累计: 小图=22, 大图=0
novelai-gateway  | 📊 生成确认 | 类型: 小图 | 画幅: 1216x832 | 大小: 1.94MB | 今日累计: 小图=22, 大图=0
novelai-gateway  | 11:02:35 | INFO    | gateway    | [generations] client body sampler='k_dpmpp_2m' noise_schedule='native' | final NAI sampler='k_dpmpp_2m' noise_schedule='native'
novelai-gateway  | 11:02:35 | INFO    | gateway    | ⏳ 排队中... (当前等待: 1)
novelai-gateway  | 11:02:35 | INFO    | gateway    | 🔒 获取锁，开始处理 (剩余等待: 0)
novelai-gateway  | 11:02:43 | INFO    | gateway    | ❄️ 冷却 0.6s
novelai-gateway  | 11:02:44 | INFO    | gateway    | 🔓 释放锁 (当前等待: 0)
novelai-gateway  | 11:02:44 | INFO    | stats      | 生成确认 | 类型: 小图 | 画幅: 1216x832 | 大小: 1.90MB | 今日累计: 小图=23, 大图=0
novelai-gateway  | 📊 生成确认 | 类型: 小图 | 画幅: 1216x832 | 大小: 1.90MB | 今日累计: 小图=23, 大图=0
novelai-gateway  | 11:03:14 | INFO    | gateway    | [generations] client body sampler='k_dpmpp_2m' noise_schedule='native' | final NAI sampler='k_dpmpp_2m' noise_schedule='native'
novelai-gateway  | 11:03:14 | INFO    | gateway    | ⏳ 排队中... (当前等待: 1)
novelai-gateway  | 11:03:14 | INFO    | gateway    | 🔒 获取锁，开始处理 (剩余等待: 0)
novelai-gateway  | 11:03:24 | INFO    | gateway    | ❄️ 冷却 0.6s
novelai-gateway  | 11:03:25 | INFO    | gateway    | 🔓 释放锁 (当前等待: 0)
novelai-gateway  | 📊 生成确认 | 类型: 小图 | 画幅: 1216x832 | 大小: 2.09MB | 今日累计: 小图=24, 大图=0
novelai-gateway  | 11:03:25 | INFO    | stats      | 生成确认 | 类型: 小图 | 画幅: 1216x832 | 大小: 2.09MB | 今日累计: 小图=24, 大图=0
novelai-gateway  | 11:03:27 | INFO    | gateway    | [generations] client body sampler='k_dpmpp_2m' noise_schedule='native' | final NAI sampler='k_dpmpp_2m' noise_schedule='native'
novelai-gateway  | 11:03:27 | INFO    | gateway    | ⏳ 排队中... (当前等待: 1)
novelai-gateway  | 11:03:27 | INFO    | gateway    | 🔒 获取锁，开始处理 (剩余等待: 0)
novelai-gateway  | 11:03:38 | INFO    | gateway    | ❄️ 冷却 0.6s
novelai-gateway  | 📊 生成确认 | 类型: 小图 | 画幅: 1216x832 | 大小: 2.32MB | 今日累计: 小图=25, 大图=0
novelai-gateway  | 11:03:39 | INFO    | gateway    | 🔓 释放锁 (当前等待: 0)
novelai-gateway  | 11:03:39 | INFO    | stats      | 生成确认 | 类型: 小图 | 画幅: 1216x832 | 大小: 2.32MB | 今日累计: 小图=25, 大图=0
novelai-gateway  | 11:03:41 | INFO    | gateway    | [generations] client body sampler='k_dpmpp_2m' noise_schedule='native' | final NAI sampler='k_dpmpp_2m' noise_schedule='native'
novelai-gateway  | 11:03:41 | INFO    | gateway    | ⏳ 排队中... (当前等待: 1)
novelai-gateway  | 11:03:41 | INFO    | gateway    | 🔒 获取锁，开始处理 (剩余等待: 0)
novelai-gateway  | 11:03:51 | INFO    | gateway    | ❄️ 冷却 0.8s
novelai-gateway  | 11:03:51 | INFO    | gateway    | 🔓 释放锁 (当前等待: 0)
novelai-gateway  | 11:03:51 | INFO    | stats      | 生成确认 | 类型: 小图 | 画幅: 1216x832 | 大小: 2.01MB | 今日累计: 小图=26, 大图=0
novelai-gateway  | 📊 生成确认 | 类型: 小图 | 画幅: 1216x832 | 大小: 2.01MB | 今日累计: 小图=26, 大图=0
novelai-gateway  | 11:04:06 | INFO    | gateway    | [generations] client body sampler='k_dpmpp_2m' noise_schedule='native' | final NAI sampler='k_dpmpp_2m' noise_schedule='native'
novelai-gateway  | 11:04:06 | INFO    | gateway    | ⏳ 排队中... (当前等待: 1)
novelai-gateway  | 11:04:06 | INFO    | gateway    | 🔒 获取锁，开始处理 (剩余等待: 0)
novelai-gateway  | 11:04:17 | INFO    | gateway    | ❄️ 冷却 0.7s
novelai-gateway  | 11:04:18 | INFO    | gateway    | 🔓 释放锁 (当前等待: 0)
novelai-gateway  | 📊 生成确认 | 类型: 小图 | 画幅: 1216x832 | 大小: 2.47MB | 今日累计: 小图=27, 大图=0
novelai-gateway  | 11:04:18 | INFO    | stats      | 生成确认 | 类型: 小图 | 画幅: 1216x832 | 大小: 2.47MB | 今日累计: 小图=27, 大图=0
novelai-gateway  | 11:04:20 | INFO    | gateway    | [generations] client body sampler='k_dpmpp_2m' noise_schedule='native' | final NAI sampler='k_dpmpp_2m' noise_schedule='native'
novelai-gateway  | 11:04:20 | INFO    | gateway    | ⏳ 排队中... (当前等待: 1)
novelai-gateway  | 11:04:20 | INFO    | gateway    | 🔒 获取锁，开始处理 (剩余等待: 0)
novelai-gateway  | 11:04:31 | INFO    | gateway    | ❄️ 冷却 0.6s
novelai-gateway  | 11:04:31 | INFO    | gateway    | 🔓 释放锁 (当前等待: 0)
novelai-gateway  | 11:04:31 | INFO    | stats      | 生成确认 | 类型: 小图 | 画幅: 1216x832 | 大小: 1.83MB | 今日累计: 小图=28, 大图=0
novelai-gateway  | 📊 生成确认 | 类型: 小图 | 画幅: 1216x832 | 大小: 1.83MB | 今日累计: 小图=28, 大图=0
novelai-gateway  | 11:04:33 | INFO    | gateway    | [generations] client body sampler='k_dpmpp_2m' noise_schedule='native' | final NAI sampler='k_dpmpp_2m' noise_schedule='native'
novelai-gateway  | 11:04:33 | INFO    | gateway    | ⏳ 排队中... (当前等待: 1)
novelai-gateway  | 11:04:33 | INFO    | gateway    | 🔒 获取锁，开始处理 (剩余等待: 0)
novelai-gateway  | 11:04:43 | INFO    | gateway    | ❄️ 冷却 0.6s
novelai-gateway  | 11:04:44 | INFO    | gateway    | 🔓 释放锁 (当前等待: 0)
novelai-gateway  | 📊 生成确认 | 类型: 小图 | 画幅: 1216x832 | 大小: 2.24MB | 今日累计: 小图=29, 大图=0
novelai-gateway  | 11:04:44 | INFO    | stats      | 生成确认 | 类型: 小图 | 画幅: 1216x832 | 大小: 2.24MB | 今日累计: 小图=29, 大图=0
novelai-gateway  | 11:12:20 | INFO    | gateway    | [generations] client body sampler='k_dpmpp_2m' noise_schedule='native' | final NAI sampler='k_dpmpp_2m' noise_schedule='native'
novelai-gateway  | 11:12:20 | INFO    | gateway    | ⏳ 排队中... (当前等待: 1)
novelai-gateway  | 11:12:20 | INFO    | gateway    | 🔒 获取锁，开始处理 (剩余等待: 0)
novelai-gateway  | 11:12:32 | INFO    | gateway    | ❄️ 冷却 0.5s
novelai-gateway  | 11:12:32 | INFO    | gateway    | 🔓 释放锁 (当前等待: 0)
novelai-gateway  | 11:12:32 | INFO    | stats      | 生成确认 | 类型: 小图 | 画幅: 1216x832 | 大小: 2.35MB | 今日累计: 小图=30, 大图=0
novelai-gateway  | 📊 生成确认 | 类型: 小图 | 画幅: 1216x832 | 大小: 2.35MB | 今日累计: 小图=30, 大图=0
novelai-gateway  | 11:12:35 | INFO    | gateway    | [generations] client body sampler='k_dpmpp_2m' noise_schedule='native' | final NAI sampler='k_dpmpp_2m' noise_schedule='native'
novelai-gateway  | 11:12:35 | INFO    | gateway    | ⏳ 排队中... (当前等待: 1)
novelai-gateway  | 11:12:35 | INFO    | gateway    | 🔒 获取锁，开始处理 (剩余等待: 0)
novelai-gateway  | 11:12:43 | INFO    | gateway    | ❄️ 冷却 1.0s
novelai-gateway  | 11:12:44 | INFO    | gateway    | 🔓 释放锁 (当前等待: 0)
novelai-gateway  | 📊 生成确认 | 类型: 小图 | 画幅: 1216x832 | 大小: 2.32MB | 今日累计: 小图=31, 大图=0
novelai-gateway  | 11:12:44 | INFO    | stats      | 生成确认 | 类型: 小图 | 画幅: 1216x832 | 大小: 2.32MB | 今日累计: 小图=31, 大图=0
novelai-gateway  | 11:12:47 | INFO    | gateway    | [generations] client body sampler='k_dpmpp_2m' noise_schedule='native' | final NAI sampler='k_dpmpp_2m' noise_schedule='native'
novelai-gateway  | 11:12:47 | INFO    | gateway    | ⏳ 排队中... (当前等待: 1)
novelai-gateway  | 11:12:47 | INFO    | gateway    | 🔒 获取锁，开始处理 (剩余等待: 0)
novelai-gateway  | 11:12:57 | INFO    | gateway    | ❄️ 冷却 0.6s
novelai-gateway  | 11:12:57 | INFO    | gateway    | 🔓 释放锁 (当前等待: 0)
novelai-gateway  | 11:12:57 | INFO    | stats      | 生成确认 | 类型: 小图 | 画幅: 1216x832 | 大小: 1.98MB | 今日累计: 小图=32, 大图=0
novelai-gateway  | 📊 生成确认 | 类型: 小图 | 画幅: 1216x832 | 大小: 1.98MB | 今日累计: 小图=32, 大图=0
novelai-gateway  | 11:13:41 | INFO    | gateway    | [generations] client body sampler='k_dpmpp_2m' noise_schedule='native' | final NAI sampler='k_dpmpp_2m' noise_schedule='native'
novelai-gateway  | 11:13:41 | INFO    | gateway    | ⏳ 排队中... (当前等待: 1)
novelai-gateway  | 11:13:41 | INFO    | gateway    | 🔒 获取锁，开始处理 (剩余等待: 0)
novelai-gateway  | 11:13:52 | INFO    | gateway    | ❄️ 冷却 0.8s
novelai-gateway  | 11:13:53 | INFO    | gateway    | 🔓 释放锁 (当前等待: 0)
novelai-gateway  | 11:13:53 | INFO    | stats      | 生成确认 | 类型: 小图 | 画幅: 1216x832 | 大小: 2.16MB | 今日累计: 小图=33, 大图=0
novelai-gateway  | 📊 生成确认 | 类型: 小图 | 画幅: 1216x832 | 大小: 2.16MB | 今日累计: 小图=33, 大图=0
novelai-gateway  | 11:13:55 | INFO    | gateway    | [generations] client body sampler='k_dpmpp_2m' noise_schedule='native' | final NAI sampler='k_dpmpp_2m' noise_schedule='native'
novelai-gateway  | 11:13:55 | INFO    | gateway    | ⏳ 排队中... (当前等待: 1)
novelai-gateway  | 11:13:55 | INFO    | gateway    | 🔒 获取锁，开始处理 (剩余等待: 0)
novelai-gateway  | 11:14:05 | INFO    | gateway    | ❄️ 冷却 0.8s
novelai-gateway  | 📊 生成确认 | 类型: 小图 | 画幅: 1216x832 | 大小: 2.39MB | 今日累计: 小图=34, 大图=0
novelai-gateway  | 11:14:06 | INFO    | gateway    | 🔓 释放锁 (当前等待: 0)
novelai-gateway  | 11:14:06 | INFO    | stats      | 生成确认 | 类型: 小图 | 画幅: 1216x832 | 大小: 2.39MB | 今日累计: 小图=34, 大图=0
novelai-gateway  | 11:14:08 | INFO    | gateway    | [generations] client body sampler='k_dpmpp_2m' noise_schedule='native' | final NAI sampler='k_dpmpp_2m' noise_schedule='native'
novelai-gateway  | 11:14:08 | INFO    | gateway    | ⏳ 排队中... (当前等待: 1)
novelai-gateway  | 11:14:08 | INFO    | gateway    | 🔒 获取锁，开始处理 (剩余等待: 0)
novelai-gateway  | 11:14:17 | INFO    | gateway    | ❄️ 冷却 0.9s
novelai-gateway  | 11:14:18 | INFO    | gateway    | 🔓 释放锁 (当前等待: 0)
novelai-gateway  | 11:14:18 | INFO    | stats      | 生成确认 | 类型: 小图 | 画幅: 1216x832 | 大小: 2.26MB | 今日累计: 小图=35, 大图=0
novelai-gateway  | 📊 生成确认 | 类型: 小图 | 画幅: 1216x832 | 大小: 2.26MB | 今日累计: 小图=35, 大图=0
novelai-gateway  | 11:14:45 | INFO    | gateway    | [generations] client body sampler='k_dpmpp_2m' noise_schedule='native' | final NAI sampler='k_dpmpp_2m' noise_schedule='native'
novelai-gateway  | 11:14:45 | INFO    | gateway    | ⏳ 排队中... (当前等待: 1)
novelai-gateway  | 11:14:45 | INFO    | gateway    | 🔒 获取锁，开始处理 (剩余等待: 0)
novelai-gateway  | 11:14:56 | INFO    | gateway    | ❄️ 冷却 0.9s
novelai-gateway  | 11:14:57 | INFO    | gateway    | 🔓 释放锁 (当前等待: 0)
novelai-gateway  | 11:14:57 | INFO    | stats      | 生成确认 | 类型: 小图 | 画幅: 832x1216 | 大小: 2.51MB | 今日累计: 小图=36, 大图=0
novelai-gateway  | 📊 生成确认 | 类型: 小图 | 画幅: 832x1216 | 大小: 2.51MB | 今日累计: 小图=36, 大图=0
novelai-gateway  | 11:14:59 | INFO    | gateway    | [generations] client body sampler='k_dpmpp_2m' noise_schedule='native' | final NAI sampler='k_dpmpp_2m' noise_schedule='native'
novelai-gateway  | 11:14:59 | INFO    | gateway    | ⏳ 排队中... (当前等待: 1)
novelai-gateway  | 11:14:59 | INFO    | gateway    | 🔒 获取锁，开始处理 (剩余等待: 0)
novelai-gateway  | 11:15:10 | INFO    | gateway    | ❄️ 冷却 0.9s
novelai-gateway  | 11:15:11 | INFO    | gateway    | 🔓 释放锁 (当前等待: 0)
novelai-gateway  | 📊 生成确认 | 类型: 小图 | 画幅: 832x1216 | 大小: 2.39MB | 今日累计: 小图=37, 大图=0
novelai-gateway  | 11:15:11 | INFO    | stats      | 生成确认 | 类型: 小图 | 画幅: 832x1216 | 大小: 2.39MB | 今日累计: 小图=37, 大图=0
novelai-gateway  | 11:15:13 | INFO    | gateway    | [generations] client body sampler='k_dpmpp_2m' noise_schedule='native' | final NAI sampler='k_dpmpp_2m' noise_schedule='native'
novelai-gateway  | 11:15:13 | INFO    | gateway    | ⏳ 排队中... (当前等待: 1)
novelai-gateway  | 11:15:13 | INFO    | gateway    | 🔒 获取锁，开始处理 (剩余等待: 0)
novelai-gateway  | 11:15:24 | INFO    | gateway    | ❄️ 冷却 0.5s
novelai-gateway  | 11:15:25 | INFO    | gateway    | 🔓 释放锁 (当前等待: 0)
novelai-gateway  | 📊 生成确认 | 类型: 小图 | 画幅: 832x1216 | 大小: 2.48MB | 今日累计: 小图=38, 大图=0
novelai-gateway  | 11:15:25 | INFO    | stats      | 生成确认 | 类型: 小图 | 画幅: 832x1216 | 大小: 2.48MB | 今日累计: 小图=38, 大图=0
novelai-gateway  | 11:16:30 | INFO    | gateway    | [generations] client body sampler='k_dpmpp_2m' noise_schedule='native' | final NAI sampler='k_dpmpp_2m' noise_schedule='native'
novelai-gateway  | 11:16:30 | INFO    | gateway    | ⏳ 排队中... (当前等待: 1)
novelai-gateway  | 11:16:30 | INFO    | gateway    | 🔒 获取锁，开始处理 (剩余等待: 0)
novelai-gateway  | 11:16:39 | INFO    | gateway    | ❄️ 冷却 0.6s
novelai-gateway  | 11:16:40 | INFO    | gateway    | 🔓 释放锁 (当前等待: 0)
novelai-gateway  | 📊 生成确认 | 类型: 小图 | 画幅: 832x1216 | 大小: 2.35MB | 今日累计: 小图=39, 大图=0
novelai-gateway  | 11:16:40 | INFO    | stats      | 生成确认 | 类型: 小图 | 画幅: 832x1216 | 大小: 2.35MB | 今日累计: 小图=39, 大图=0
novelai-gateway  | 11:16:43 | INFO    | gateway    | [generations] client body sampler='k_dpmpp_2m' noise_schedule='native' | final NAI sampler='k_dpmpp_2m' noise_schedule='native'
novelai-gateway  | 11:16:43 | INFO    | gateway    | ⏳ 排队中... (当前等待: 1)
novelai-gateway  | 11:16:43 | INFO    | gateway    | 🔒 获取锁，开始处理 (剩余等待: 0)
novelai-gateway  | 11:16:53 | INFO    | gateway    | ❄️ 冷却 0.8s
novelai-gateway  | 11:16:53 | INFO    | gateway    | 🔓 释放锁 (当前等待: 0)
novelai-gateway  | 📊 生成确认 | 类型: 小图 | 画幅: 832x1216 | 大小: 2.21MB | 今日累计: 小图=40, 大图=0
novelai-gateway  | 11:16:53 | INFO    | stats      | 生成确认 | 类型: 小图 | 画幅: 832x1216 | 大小: 2.21MB | 今日累计: 小图=40, 大图=0
novelai-gateway  | 11:16:56 | INFO    | gateway    | [generations] client body sampler='k_dpmpp_2m' noise_schedule='native' | final NAI sampler='k_dpmpp_2m' noise_schedule='native'
novelai-gateway  | 11:16:56 | INFO    | gateway    | ⏳ 排队中... (当前等待: 1)
novelai-gateway  | 11:16:56 | INFO    | gateway    | 🔒 获取锁，开始处理 (剩余等待: 0)
novelai-gateway  | 11:17:04 | INFO    | gateway    | ❄️ 冷却 0.7s
novelai-gateway  | 11:17:04 | INFO    | gateway    | 🔓 释放锁 (当前等待: 0)
novelai-gateway  | 11:17:04 | INFO    | stats      | 生成确认 | 类型: 小图 | 画幅: 832x1216 | 大小: 2.21MB | 今日累计: 小图=41, 大图=0
novelai-gateway  | 📊 生成确认 | 类型: 小图 | 画幅: 832x1216 | 大小: 2.21MB | 今日累计: 小图=41, 大图=0
novelai-gateway  | 11:17:23 | INFO    | gateway    | [generations] client body sampler='k_dpmpp_2m' noise_schedule='native' | final NAI sampler='k_dpmpp_2m' noise_schedule='native'
novelai-gateway  | 11:17:23 | INFO    | gateway    | ⏳ 排队中... (当前等待: 1)
novelai-gateway  | 11:17:23 | INFO    | gateway    | 🔒 获取锁，开始处理 (剩余等待: 0)
novelai-gateway  | 11:17:34 | INFO    | gateway    | ❄️ 冷却 0.7s
novelai-gateway  | 11:17:35 | INFO    | gateway    | 🔓 释放锁 (当前等待: 0)
novelai-gateway  | 11:17:35 | INFO    | stats      | 生成确认 | 类型: 小图 | 画幅: 832x1216 | 大小: 2.43MB | 今日累计: 小图=42, 大图=0
novelai-gateway  | 📊 生成确认 | 类型: 小图 | 画幅: 832x1216 | 大小: 2.43MB | 今日累计: 小图=42, 大图=0
novelai-gateway  | 15:55:43 | INFO    | gateway    | [generations] client body sampler='k_dpmpp_2m' noise_schedule='karras' | final NAI sampler='k_dpmpp_2m' noise_schedule='karras'
novelai-gateway  | 15:55:46 | INFO    | gateway    | ✅ encode-vibe 成功: 原图 1475928 chars → vibe 65248 chars
novelai-gateway  | 15:55:46 | INFO    | gateway    | ⏳ 排队中... (当前等待: 1)
novelai-gateway  | 15:55:46 | INFO    | gateway    | 🔒 获取锁，开始处理 (剩余等待: 0)
novelai-gateway  | 15:56:01 | INFO    | gateway    | ❄️ 冷却 0.5s
novelai-gateway  | 15:56:02 | INFO    | gateway    | 🔓 释放锁 (当前等待: 0)
novelai-gateway  | 15:56:02 | INFO    | stats      | 生成确认 | 类型: 小图 | 画幅: 832x1216 | 大小: 2.44MB | 今日累计: 小图=43, 大图=0
novelai-gateway  | 📊 生成确认 | 类型: 小图 | 画幅: 832x1216 | 大小: 2.44MB | 今日累计: 小图=43, 大图=0
novelai-gateway  | 15:57:40 | INFO    | gateway    | [generations] client body sampler='k_dpmpp_2m' noise_schedule='karras' | final NAI sampler='k_dpmpp_2m' noise_schedule='karras'
novelai-gateway  | 15:57:42 | INFO    | gateway    | ✅ encode-vibe 成功: 原图 1475928 chars → vibe 65248 chars
novelai-gateway  | 15:57:42 | INFO    | gateway    | ⏳ 排队中... (当前等待: 1)
novelai-gateway  | 15:57:42 | INFO    | gateway    | 🔒 获取锁，开始处理 (剩余等待: 0)
novelai-gateway  | 15:57:56 | INFO    | gateway    | ❄️ 冷却 0.8s
novelai-gateway  | 15:57:57 | INFO    | gateway    | 🔓 释放锁 (当前等待: 0)
novelai-gateway  | 15:57:57 | INFO    | stats      | 生成确认 | 类型: 小图 | 画幅: 832x1216 | 大小: 2.39MB | 今日累计: 小图=44, 大图=0
novelai-gateway  | 📊 生成确认 | 类型: 小图 | 画幅: 832x1216 | 大小: 2.39MB | 今日累计: 小图=44, 大图=0
novelai-gateway  | 15:58:47 | INFO    | gateway    | [generations] client body sampler='k_dpmpp_2m' noise_schedule='karras' | final NAI sampler='k_dpmpp_2m' noise_schedule='karras'
novelai-gateway  | 15:58:48 | INFO    | gateway    | ✅ encode-vibe 成功: 原图 723132 chars → vibe 65216 chars
novelai-gateway  | 15:58:48 | INFO    | gateway    | ⏳ 排队中... (当前等待: 1)
novelai-gateway  | 15:58:48 | INFO    | gateway    | 🔒 获取锁，开始处理 (剩余等待: 0)
novelai-gateway  | 15:59:03 | INFO    | gateway    | ❄️ 冷却 0.9s
novelai-gateway  | 15:59:04 | INFO    | gateway    | 🔓 释放锁 (当前等待: 0)
novelai-gateway  | 📊 生成确认 | 类型: 小图 | 画幅: 832x1216 | 大小: 2.14MB | 今日累计: 小图=45, 大图=0
novelai-gateway  | 15:59:04 | INFO    | stats      | 生成确认 | 类型: 小图 | 画幅: 832x1216 | 大小: 2.14MB | 今日累计: 小图=45, 大图=0
novelai-gateway  | 16:00:50 | INFO    | gateway    | [generations] client body sampler='k_dpmpp_2m' noise_schedule='karras' | final NAI sampler='k_dpmpp_2m' noise_schedule='karras'
novelai-gateway  | 16:00:52 | INFO    | gateway    | ✅ encode-vibe 成功: 原图 3976296 chars → vibe 65068 chars
novelai-gateway  | 16:00:52 | INFO    | gateway    | ⏳ 排队中... (当前等待: 1)
novelai-gateway  | 16:00:52 | INFO    | gateway    | 🔒 获取锁，开始处理 (剩余等待: 0)
novelai-gateway  | 16:01:07 | INFO    | gateway    | ❄️ 冷却 0.6s
novelai-gateway  | 16:01:08 | INFO    | gateway    | 🔓 释放锁 (当前等待: 0)
novelai-gateway  | 📊 生成确认 | 类型: 小图 | 画幅: 832x1216 | 大小: 2.02MB | 今日累计: 小图=46, 大图=0
novelai-gateway  | 16:01:08 | INFO    | stats      | 生成确认 | 类型: 小图 | 画幅: 832x1216 | 大小: 2.02MB | 今日累计: 小图=46, 大图=0
novelai-gateway  | 16:02:04 | INFO    | gateway    | [generations] client body sampler='k_dpmpp_2m' noise_schedule='karras' | final NAI sampler='k_dpmpp_2m' noise_schedule='karras'
novelai-gateway  | 16:02:04 | INFO    | gateway    | ⏳ 排队中... (当前等待: 1)
novelai-gateway  | 16:02:04 | INFO    | gateway    | 🔒 获取锁，开始处理 (剩余等待: 0)
novelai-gateway  | 16:02:17 | INFO    | gateway    | ❄️ 冷却 0.8s
novelai-gateway  | 📊 生成确认 | 类型: 小图 | 画幅: 832x1216 | 大小: 1.34MB | 今日累计: 小图=47, 大图=0
novelai-gateway  | 16:02:18 | INFO    | gateway    | 🔓 释放锁 (当前等待: 0)
novelai-gateway  | 16:02:18 | INFO    | stats      | 生成确认 | 类型: 小图 | 画幅: 832x1216 | 大小: 1.34MB | 今日累计: 小图=47, 大图=0
novelai-gateway  | 16:02:20 | INFO    | gateway    | [generations] client body sampler='k_dpmpp_2m' noise_schedule='karras' | final NAI sampler='k_dpmpp_2m' noise_schedule='karras'
novelai-gateway  | 16:02:20 | INFO    | gateway    | ⏳ 排队中... (当前等待: 1)
novelai-gateway  | 16:02:20 | INFO    | gateway    | 🔒 获取锁，开始处理 (剩余等待: 0)
novelai-gateway  | 16:02:33 | INFO    | gateway    | ❄️ 冷却 0.8s
novelai-gateway  | 16:02:34 | INFO    | gateway    | 🔓 释放锁 (当前等待: 0)
novelai-gateway  | 📊 生成确认 | 类型: 小图 | 画幅: 832x1216 | 大小: 1.40MB | 今日累计: 小图=48, 大图=0
novelai-gateway  | 16:02:34 | INFO    | stats      | 生成确认 | 类型: 小图 | 画幅: 832x1216 | 大小: 1.40MB | 今日累计: 小图=48, 大图=0
novelai-gateway  | 16:02:36 | INFO    | gateway    | [generations] client body sampler='k_dpmpp_2m' noise_schedule='karras' | final NAI sampler='k_dpmpp_2m' noise_schedule='karras'
novelai-gateway  | 16:02:36 | INFO    | gateway    | ⏳ 排队中... (当前等待: 1)
novelai-gateway  | 16:02:36 | INFO    | gateway    | 🔒 获取锁，开始处理 (剩余等待: 0)
novelai-gateway  | 16:02:48 | INFO    | gateway    | ❄️ 冷却 0.7s
novelai-gateway  | 16:02:49 | INFO    | gateway    | 🔓 释放锁 (当前等待: 0)
novelai-gateway  | 16:02:49 | INFO    | stats      | 生成确认 | 类型: 小图 | 画幅: 832x1216 | 大小: 1.43MB | 今日累计: 小图=49, 大图=0
novelai-gateway  | 📊 生成确认 | 类型: 小图 | 画幅: 832x1216 | 大小: 1.43MB | 今日累计: 小图=49, 大图=0
novelai-gateway  | 16:02:51 | INFO    | gateway    | [generations] client body sampler='k_dpmpp_2m' noise_schedule='karras' | final NAI sampler='k_dpmpp_2m' noise_schedule='karras'
novelai-gateway  | 16:02:51 | INFO    | gateway    | ⏳ 排队中... (当前等待: 1)
novelai-gateway  | 16:02:51 | INFO    | gateway    | 🔒 获取锁，开始处理 (剩余等待: 0)
novelai-gateway  | 16:03:03 | INFO    | gateway    | ❄️ 冷却 0.7s
novelai-gateway  | 16:03:04 | INFO    | gateway    | 🔓 释放锁 (当前等待: 0)
novelai-gateway  | 16:03:04 | INFO    | stats      | 生成确认 | 类型: 小图 | 画幅: 832x1216 | 大小: 1.47MB | 今日累计: 小图=50, 大图=0
novelai-gateway  | 📊 生成确认 | 类型: 小图 | 画幅: 832x1216 | 大小: 1.47MB | 今日累计: 小图=50, 大图=0
novelai-gateway  | 16:03:06 | INFO    | gateway    | [generations] client body sampler='k_dpmpp_2m' noise_schedule='karras' | final NAI sampler='k_dpmpp_2m' noise_schedule='karras'
novelai-gateway  | 16:03:06 | INFO    | gateway    | ⏳ 排队中... (当前等待: 1)
novelai-gateway  | 16:03:06 | INFO    | gateway    | 🔒 获取锁，开始处理 (剩余等待: 0)
novelai-gateway  | 16:03:17 | INFO    | gateway    | ❄️ 冷却 0.9s
novelai-gateway  | 16:03:17 | INFO    | gateway    | 🔓 释放锁 (当前等待: 0)
novelai-gateway  | 16:03:17 | INFO    | stats      | 生成确认 | 类型: 小图 | 画幅: 832x1216 | 大小: 1.41MB | 今日累计: 小图=51, 大图=0
novelai-gateway  | 📊 生成确认 | 类型: 小图 | 画幅: 832x1216 | 大小: 1.41MB | 今日累计: 小图=51, 大图=0
novelai-gateway  | 16:03:19 | INFO    | gateway    | [generations] client body sampler='k_dpmpp_2m' noise_schedule='karras' | final NAI sampler='k_dpmpp_2m' noise_schedule='karras'
novelai-gateway  | 16:03:19 | INFO    | gateway    | ⏳ 排队中... (当前等待: 1)
novelai-gateway  | 16:03:19 | INFO    | gateway    | 🔒 获取锁，开始处理 (剩余等待: 0)
novelai-gateway  | 16:03:30 | INFO    | gateway    | ❄️ 冷却 0.9s
novelai-gateway  | 16:03:31 | INFO    | gateway    | 🔓 释放锁 (当前等待: 0)
novelai-gateway  | 📊 生成确认 | 类型: 小图 | 画幅: 832x1216 | 大小: 1.39MB | 今日累计: 小图=52, 大图=0
novelai-gateway  | 16:03:31 | INFO    | stats      | 生成确认 | 类型: 小图 | 画幅: 832x1216 | 大小: 1.39MB | 今日累计: 小图=52, 大图=0
novelai-gateway  | 16:03:33 | INFO    | gateway    | [generations] client body sampler='k_dpmpp_2m' noise_schedule='karras' | final NAI sampler='k_dpmpp_2m' noise_schedule='karras'
novelai-gateway  | 16:03:33 | INFO    | gateway    | ⏳ 排队中... (当前等待: 1)
novelai-gateway  | 16:03:33 | INFO    | gateway    | 🔒 获取锁，开始处理 (剩余等待: 0)
novelai-gateway  | 16:03:44 | INFO    | gateway    | ❄️ 冷却 0.9s
novelai-gateway  | 16:03:45 | INFO    | gateway    | 🔓 释放锁 (当前等待: 0)
novelai-gateway  | 📊 生成确认 | 类型: 小图 | 画幅: 832x1216 | 大小: 1.48MB | 今日累计: 小图=53, 大图=0
novelai-gateway  | 16:03:45 | INFO    | stats      | 生成确认 | 类型: 小图 | 画幅: 832x1216 | 大小: 1.48MB | 今日累计: 小图=53, 大图=0
novelai-gateway  | 16:03:47 | INFO    | gateway    | [generations] client body sampler='k_dpmpp_2m' noise_schedule='karras' | final NAI sampler='k_dpmpp_2m' noise_schedule='karras'
novelai-gateway  | 16:03:47 | INFO    | gateway    | ⏳ 排队中... (当前等待: 1)
novelai-gateway  | 16:03:47 | INFO    | gateway    | 🔒 获取锁，开始处理 (剩余等待: 0)
novelai-gateway  | 16:03:59 | INFO    | gateway    | ❄️ 冷却 0.5s
novelai-gateway  | 📊 生成确认 | 类型: 小图 | 画幅: 832x1216 | 大小: 1.64MB | 今日累计: 小图=54, 大图=0
novelai-gateway  | 16:03:59 | INFO    | gateway    | 🔓 释放锁 (当前等待: 0)
novelai-gateway  | 16:03:59 | INFO    | stats      | 生成确认 | 类型: 小图 | 画幅: 832x1216 | 大小: 1.64MB | 今日累计: 小图=54, 大图=0
novelai-gateway  | 16:04:01 | INFO    | gateway    | [generations] client body sampler='k_dpmpp_2m' noise_schedule='karras' | final NAI sampler='k_dpmpp_2m' noise_schedule='karras'
novelai-gateway  | 16:04:01 | INFO    | gateway    | ⏳ 排队中... (当前等待: 1)
novelai-gateway  | 16:04:01 | INFO    | gateway    | 🔒 获取锁，开始处理 (剩余等待: 0)
novelai-gateway  | 16:04:14 | INFO    | gateway    | ❄️ 冷却 0.6s
novelai-gateway  | 16:04:15 | INFO    | gateway    | 🔓 释放锁 (当前等待: 0)
novelai-gateway  | 📊 生成确认 | 类型: 小图 | 画幅: 832x1216 | 大小: 1.28MB | 今日累计: 小图=55, 大图=0
novelai-gateway  | 16:04:15 | INFO    | stats      | 生成确认 | 类型: 小图 | 画幅: 832x1216 | 大小: 1.28MB | 今日累计: 小图=55, 大图=0
novelai-gateway  | 16:04:17 | INFO    | gateway    | [generations] client body sampler='k_dpmpp_2m' noise_schedule='karras' | final NAI sampler='k_dpmpp_2m' noise_schedule='karras'
novelai-gateway  | 16:04:17 | INFO    | gateway    | ⏳ 排队中... (当前等待: 1)
novelai-gateway  | 16:04:17 | INFO    | gateway    | 🔒 获取锁，开始处理 (剩余等待: 0)
novelai-gateway  | 16:04:27 | INFO    | gateway    | ❄️ 冷却 1.0s
novelai-gateway  | 16:04:28 | INFO    | gateway    | 🔓 释放锁 (当前等待: 0)
novelai-gateway  | 📊 生成确认 | 类型: 小图 | 画幅: 832x1216 | 大小: 1.46MB | 今日累计: 小图=56, 大图=0
novelai-gateway  | 16:04:28 | INFO    | stats      | 生成确认 | 类型: 小图 | 画幅: 832x1216 | 大小: 1.46MB | 今日累计: 小图=56, 大图=0
novelai-gateway  | 16:04:30 | INFO    | gateway    | [generations] client body sampler='k_dpmpp_2m' noise_schedule='karras' | final NAI sampler='k_dpmpp_2m' noise_schedule='karras'
novelai-gateway  | 16:04:30 | INFO    | gateway    | ⏳ 排队中... (当前等待: 1)
novelai-gateway  | 16:04:30 | INFO    | gateway    | 🔒 获取锁，开始处理 (剩余等待: 0)
novelai-gateway  | 16:04:42 | INFO    | gateway    | ❄️ 冷却 0.6s
novelai-gateway  | 16:04:42 | INFO    | gateway    | 🔓 释放锁 (当前等待: 0)
novelai-gateway  | 16:04:42 | INFO    | stats      | 生成确认 | 类型: 小图 | 画幅: 832x1216 | 大小: 1.17MB | 今日累计: 小图=57, 大图=0
novelai-gateway  | 📊 生成确认 | 类型: 小图 | 画幅: 832x1216 | 大小: 1.17MB | 今日累计: 小图=57, 大图=0
novelai-gateway  | 16:04:56 | INFO    | gateway    | [generations] client body sampler='k_dpmpp_2m' noise_schedule='karras' | final NAI sampler='k_dpmpp_2m' noise_schedule='karras'
novelai-gateway  | 16:04:56 | INFO    | gateway    | ⏳ 排队中... (当前等待: 1)
novelai-gateway  | 16:04:56 | INFO    | gateway    | 🔒 获取锁，开始处理 (剩余等待: 0)
novelai-gateway  | 16:05:11 | INFO    | gateway    | ❄️ 冷却 0.7s
novelai-gateway  | 16:05:11 | INFO    | gateway    | 🔓 释放锁 (当前等待: 0)
novelai-gateway  | 16:05:11 | INFO    | stats      | 生成确认 | 类型: 小图 | 画幅: 832x1216 | 大小: 1.71MB | 今日累计: 小图=58, 大图=0
novelai-gateway  | 📊 生成确认 | 类型: 小图 | 画幅: 832x1216 | 大小: 1.71MB | 今日累计: 小图=58, 大图=0
novelai-gateway  | 16:05:13 | INFO    | gateway    | [generations] client body sampler='k_dpmpp_2m' noise_schedule='karras' | final NAI sampler='k_dpmpp_2m' noise_schedule='karras'
novelai-gateway  | 16:05:13 | INFO    | gateway    | ⏳ 排队中... (当前等待: 1)
novelai-gateway  | 16:05:13 | INFO    | gateway    | 🔒 获取锁，开始处理 (剩余等待: 0)
novelai-gateway  | 16:05:26 | INFO    | gateway    | ❄️ 冷却 0.9s
novelai-gateway  | 16:05:27 | INFO    | gateway    | 🔓 释放锁 (当前等待: 0)
novelai-gateway  | 📊 生成确认 | 类型: 小图 | 画幅: 832x1216 | 大小: 1.63MB | 今日累计: 小图=59, 大图=0
novelai-gateway  | 16:05:27 | INFO    | stats      | 生成确认 | 类型: 小图 | 画幅: 832x1216 | 大小: 1.63MB | 今日累计: 小图=59, 大图=0
novelai-gateway  | 16:05:29 | INFO    | gateway    | [generations] client body sampler='k_dpmpp_2m' noise_schedule='karras' | final NAI sampler='k_dpmpp_2m' noise_schedule='karras'
novelai-gateway  | 16:05:29 | INFO    | gateway    | ⏳ 排队中... (当前等待: 1)
novelai-gateway  | 16:05:29 | INFO    | gateway    | 🔒 获取锁，开始处理 (剩余等待: 0)
novelai-gateway  | 16:05:43 | INFO    | gateway    | ❄️ 冷却 0.6s
novelai-gateway  | 16:05:43 | INFO    | gateway    | 🔓 释放锁 (当前等待: 0)
novelai-gateway  | 📊 生成确认 | 类型: 小图 | 画幅: 832x1216 | 大小: 1.76MB | 今日累计: 小图=60, 大图=0
novelai-gateway  | 16:05:43 | INFO    | stats      | 生成确认 | 类型: 小图 | 画幅: 832x1216 | 大小: 1.76MB | 今日累计: 小图=60, 大图=0
novelai-gateway  | 16:05:45 | INFO    | gateway    | [generations] client body sampler='k_dpmpp_2m' noise_schedule='karras' | final NAI sampler='k_dpmpp_2m' noise_schedule='karras'
novelai-gateway  | 16:05:45 | INFO    | gateway    | ⏳ 排队中... (当前等待: 1)
novelai-gateway  | 16:05:45 | INFO    | gateway    | 🔒 获取锁，开始处理 (剩余等待: 0)
novelai-gateway  | 16:05:58 | INFO    | gateway    | ❄️ 冷却 0.8s
novelai-gateway  | 16:05:59 | INFO    | gateway    | 🔓 释放锁 (当前等待: 0)
novelai-gateway  | 16:05:59 | INFO    | stats      | 生成确认 | 类型: 小图 | 画幅: 832x1216 | 大小: 1.88MB | 今日累计: 小图=61, 大图=0
novelai-gateway  | 📊 生成确认 | 类型: 小图 | 画幅: 832x1216 | 大小: 1.88MB | 今日累计: 小图=61, 大图=0
novelai-gateway  | 16:06:01 | INFO    | gateway    | [generations] client body sampler='k_dpmpp_2m' noise_schedule='karras' | final NAI sampler='k_dpmpp_2m' noise_schedule='karras'
novelai-gateway  | 16:06:01 | INFO    | gateway    | ⏳ 排队中... (当前等待: 1)
novelai-gateway  | 16:06:01 | INFO    | gateway    | 🔒 获取锁，开始处理 (剩余等待: 0)
novelai-gateway  | 16:06:14 | INFO    | gateway    | ❄️ 冷却 0.7s
novelai-gateway  | 16:06:15 | INFO    | gateway    | 🔓 释放锁 (当前等待: 0)
novelai-gateway  | 16:06:15 | INFO    | stats      | 生成确认 | 类型: 小图 | 画幅: 832x1216 | 大小: 1.41MB | 今日累计: 小图=62, 大图=0
novelai-gateway  | 📊 生成确认 | 类型: 小图 | 画幅: 832x1216 | 大小: 1.41MB | 今日累计: 小图=62, 大图=0
novelai-gateway  | 16:06:17 | INFO    | gateway    | [generations] client body sampler='k_dpmpp_2m' noise_schedule='karras' | final NAI sampler='k_dpmpp_2m' noise_schedule='karras'
novelai-gateway  | 16:06:17 | INFO    | gateway    | ⏳ 排队中... (当前等待: 1)
novelai-gateway  | 16:06:17 | INFO    | gateway    | 🔒 获取锁，开始处理 (剩余等待: 0)
novelai-gateway  | 16:06:29 | INFO    | gateway    | ❄️ 冷却 0.9s
novelai-gateway  | 16:06:30 | INFO    | gateway    | 🔓 释放锁 (当前等待: 0)
novelai-gateway  | 16:06:30 | INFO    | stats      | 生成确认 | 类型: 小图 | 画幅: 832x1216 | 大小: 1.70MB | 今日累计: 小图=63, 大图=0
novelai-gateway  | 📊 生成确认 | 类型: 小图 | 画幅: 832x1216 | 大小: 1.70MB | 今日累计: 小图=63, 大图=0
novelai-gateway  | 16:06:32 | INFO    | gateway    | [generations] client body sampler='k_dpmpp_2m' noise_schedule='karras' | final NAI sampler='k_dpmpp_2m' noise_schedule='karras'
novelai-gateway  | 16:06:32 | INFO    | gateway    | ⏳ 排队中... (当前等待: 1)
novelai-gateway  | 16:06:32 | INFO    | gateway    | 🔒 获取锁，开始处理 (剩余等待: 0)
novelai-gateway  | 16:06:44 | INFO    | gateway    | ❄️ 冷却 0.9s
novelai-gateway  | 📊 生成确认 | 类型: 小图 | 画幅: 832x1216 | 大小: 1.70MB | 今日累计: 小图=64, 大图=0
novelai-gateway  | 16:06:45 | INFO    | gateway    | 🔓 释放锁 (当前等待: 0)
novelai-gateway  | 16:06:45 | INFO    | stats      | 生成确认 | 类型: 小图 | 画幅: 832x1216 | 大小: 1.70MB | 今日累计: 小图=64, 大图=0
novelai-gateway  | 16:07:57 | INFO    | gateway    | [generations] client body sampler='k_dpmpp_2m' noise_schedule='karras' | final NAI sampler='k_dpmpp_2m' noise_schedule='karras'
novelai-gateway  | 16:07:57 | INFO    | gateway    | ⏳ 排队中... (当前等待: 1)
novelai-gateway  | 16:07:57 | INFO    | gateway    | 🔒 获取锁，开始处理 (剩余等待: 0)
novelai-gateway  | 16:08:09 | INFO    | gateway    | ❄️ 冷却 0.6s
novelai-gateway  | 16:08:10 | INFO    | gateway    | 🔓 释放锁 (当前等待: 0)
novelai-gateway  | 16:08:10 | INFO    | stats      | 生成确认 | 类型: 小图 | 画幅: 832x1216 | 大小: 1.73MB | 今日累计: 小图=65, 大图=0
novelai-gateway  | 📊 生成确认 | 类型: 小图 | 画幅: 832x1216 | 大小: 1.73MB | 今日累计: 小图=65, 大图=0
novelai-gateway  | 16:08:12 | INFO    | gateway    | [generations] client body sampler='k_dpmpp_2m' noise_schedule='karras' | final NAI sampler='k_dpmpp_2m' noise_schedule='karras'
novelai-gateway  | 16:08:12 | INFO    | gateway    | ⏳ 排队中... (当前等待: 1)
novelai-gateway  | 16:08:12 | INFO    | gateway    | 🔒 获取锁，开始处理 (剩余等待: 0)
novelai-gateway  | 16:08:23 | INFO    | gateway    | ❄️ 冷却 0.6s
novelai-gateway  | 16:08:24 | INFO    | gateway    | 🔓 释放锁 (当前等待: 0)
novelai-gateway  | 16:08:24 | INFO    | stats      | 生成确认 | 类型: 小图 | 画幅: 832x1216 | 大小: 1.68MB | 今日累计: 小图=66, 大图=0
novelai-gateway  | 📊 生成确认 | 类型: 小图 | 画幅: 832x1216 | 大小: 1.68MB | 今日累计: 小图=66, 大图=0
novelai-gateway  | 16:08:26 | INFO    | gateway    | [generations] client body sampler='k_dpmpp_2m' noise_schedule='karras' | final NAI sampler='k_dpmpp_2m' noise_schedule='karras'
novelai-gateway  | 16:08:26 | INFO    | gateway    | ⏳ 排队中... (当前等待: 1)
novelai-gateway  | 16:08:26 | INFO    | gateway    | 🔒 获取锁，开始处理 (剩余等待: 0)
novelai-gateway  | 16:08:39 | INFO    | gateway    | ❄️ 冷却 0.9s
novelai-gateway  | 16:08:40 | INFO    | gateway    | 🔓 释放锁 (当前等待: 0)
novelai-gateway  | 📊 生成确认 | 类型: 小图 | 画幅: 832x1216 | 大小: 1.61MB | 今日累计: 小图=67, 大图=0
novelai-gateway  | 16:08:40 | INFO    | stats      | 生成确认 | 类型: 小图 | 画幅: 832x1216 | 大小: 1.61MB | 今日累计: 小图=67, 大图=0
novelai-gateway  | 16:08:42 | INFO    | gateway    | [generations] client body sampler='k_dpmpp_2m' noise_schedule='karras' | final NAI sampler='k_dpmpp_2m' noise_schedule='karras'
novelai-gateway  | 16:08:42 | INFO    | gateway    | ⏳ 排队中... (当前等待: 1)
novelai-gateway  | 16:08:42 | INFO    | gateway    | 🔒 获取锁，开始处理 (剩余等待: 0)
novelai-gateway  | 16:08:54 | INFO    | gateway    | ❄️ 冷却 0.6s
novelai-gateway  | 16:08:54 | INFO    | gateway    | 🔓 释放锁 (当前等待: 0)
novelai-gateway  | 16:08:54 | INFO    | stats      | 生成确认 | 类型: 小图 | 画幅: 832x1216 | 大小: 1.76MB | 今日累计: 小图=68, 大图=0
novelai-gateway  | 📊 生成确认 | 类型: 小图 | 画幅: 832x1216 | 大小: 1.76MB | 今日累计: 小图=68, 大图=0
novelai-gateway  | 16:08:56 | INFO    | gateway    | [generations] client body sampler='k_dpmpp_2m' noise_schedule='karras' | final NAI sampler='k_dpmpp_2m' noise_schedule='karras'
novelai-gateway  | 16:08:56 | INFO    | gateway    | ⏳ 排队中... (当前等待: 1)
novelai-gateway  | 16:08:56 | INFO    | gateway    | 🔒 获取锁，开始处理 (剩余等待: 0)
novelai-gateway  | 16:09:08 | INFO    | gateway    | ❄️ 冷却 0.6s
novelai-gateway  | 16:09:08 | INFO    | gateway    | 🔓 释放锁 (当前等待: 0)
novelai-gateway  | 📊 生成确认 | 类型: 小图 | 画幅: 832x1216 | 大小: 1.70MB | 今日累计: 小图=69, 大图=0
novelai-gateway  | 16:09:08 | INFO    | stats      | 生成确认 | 类型: 小图 | 画幅: 832x1216 | 大小: 1.70MB | 今日累计: 小图=69, 大图=0
novelai-gateway  | 16:09:52 | INFO    | gateway    | [generations] client body sampler='k_dpmpp_2m' noise_schedule='karras' | final NAI sampler='k_dpmpp_2m' noise_schedule='karras'
novelai-gateway  | 16:09:52 | INFO    | gateway    | ⏳ 排队中... (当前等待: 1)
novelai-gateway  | 16:09:52 | INFO    | gateway    | 🔒 获取锁，开始处理 (剩余等待: 0)
novelai-gateway  | 16:10:05 | INFO    | gateway    | ❄️ 冷却 1.0s
novelai-gateway  | 16:10:06 | INFO    | gateway    | 🔓 释放锁 (当前等待: 0)
novelai-gateway  | 📊 生成确认 | 类型: 小图 | 画幅: 832x1216 | 大小: 1.61MB | 今日累计: 小图=70, 大图=0
novelai-gateway  | 16:10:06 | INFO    | stats      | 生成确认 | 类型: 小图 | 画幅: 832x1216 | 大小: 1.61MB | 今日累计: 小图=70, 大图=0
novelai-gateway  | 16:10:08 | INFO    | gateway    | [generations] client body sampler='k_dpmpp_2m' noise_schedule='karras' | final NAI sampler='k_dpmpp_2m' noise_schedule='karras'
novelai-gateway  | 16:10:08 | INFO    | gateway    | ⏳ 排队中... (当前等待: 1)
novelai-gateway  | 16:10:08 | INFO    | gateway    | 🔒 获取锁，开始处理 (剩余等待: 0)
novelai-gateway  | 16:10:21 | INFO    | gateway    | ❄️ 冷却 0.8s
novelai-gateway  | 📊 生成确认 | 类型: 小图 | 画幅: 832x1216 | 大小: 1.50MB | 今日累计: 小图=71, 大图=0
novelai-gateway  | 16:10:21 | INFO    | gateway    | 🔓 释放锁 (当前等待: 0)
novelai-gateway  | 16:10:21 | INFO    | stats      | 生成确认 | 类型: 小图 | 画幅: 832x1216 | 大小: 1.50MB | 今日累计: 小图=71, 大图=0
novelai-gateway  | 16:10:23 | INFO    | gateway    | [generations] client body sampler='k_dpmpp_2m' noise_schedule='karras' | final NAI sampler='k_dpmpp_2m' noise_schedule='karras'
novelai-gateway  | 16:10:23 | INFO    | gateway    | ⏳ 排队中... (当前等待: 1)
novelai-gateway  | 16:10:23 | INFO    | gateway    | 🔒 获取锁，开始处理 (剩余等待: 0)
novelai-gateway  | 16:10:34 | INFO    | gateway    | ❄️ 冷却 0.9s
novelai-gateway  | 16:10:35 | INFO    | gateway    | 🔓 释放锁 (当前等待: 0)
novelai-gateway  | 16:10:35 | INFO    | stats      | 生成确认 | 类型: 小图 | 画幅: 832x1216 | 大小: 1.81MB | 今日累计: 小图=72, 大图=0
novelai-gateway  | 📊 生成确认 | 类型: 小图 | 画幅: 832x1216 | 大小: 1.81MB | 今日累计: 小图=72, 大图=0
novelai-gateway  | 16:10:37 | INFO    | gateway    | [generations] client body sampler='k_dpmpp_2m' noise_schedule='karras' | final NAI sampler='k_dpmpp_2m' noise_schedule='karras'
novelai-gateway  | 16:10:37 | INFO    | gateway    | ⏳ 排队中... (当前等待: 1)
novelai-gateway  | 16:10:37 | INFO    | gateway    | 🔒 获取锁，开始处理 (剩余等待: 0)
novelai-gateway  | 16:10:50 | INFO    | gateway    | ❄️ 冷却 0.8s
novelai-gateway  | 16:10:51 | INFO    | gateway    | 🔓 释放锁 (当前等待: 0)
novelai-gateway  | 16:10:51 | INFO    | stats      | 生成确认 | 类型: 小图 | 画幅: 832x1216 | 大小: 1.73MB | 今日累计: 小图=73, 大图=0
novelai-gateway  | 📊 生成确认 | 类型: 小图 | 画幅: 832x1216 | 大小: 1.73MB | 今日累计: 小图=73, 大图=0
novelai-gateway  | 16:10:53 | INFO    | gateway    | [generations] client body sampler='k_dpmpp_2m' noise_schedule='karras' | final NAI sampler='k_dpmpp_2m' noise_schedule='karras'
novelai-gateway  | 16:10:53 | INFO    | gateway    | ⏳ 排队中... (当前等待: 1)
novelai-gateway  | 16:10:53 | INFO    | gateway    | 🔒 获取锁，开始处理 (剩余等待: 0)
novelai-gateway  | 16:11:04 | INFO    | gateway    | ❄️ 冷却 0.6s
novelai-gateway  | 16:11:05 | INFO    | gateway    | 🔓 释放锁 (当前等待: 0)
novelai-gateway  | 16:11:05 | INFO    | stats      | 生成确认 | 类型: 小图 | 画幅: 832x1216 | 大小: 1.52MB | 今日累计: 小图=74, 大图=0
novelai-gateway  | 📊 生成确认 | 类型: 小图 | 画幅: 832x1216 | 大小: 1.52MB | 今日累计: 小图=74, 大图=0
novelai-gateway  | 16:11:07 | INFO    | gateway    | [generations] client body sampler='k_dpmpp_2m' noise_schedule='karras' | final NAI sampler='k_dpmpp_2m' noise_schedule='karras'
novelai-gateway  | 16:11:07 | INFO    | gateway    | ⏳ 排队中... (当前等待: 1)
novelai-gateway  | 16:11:07 | INFO    | gateway    | 🔒 获取锁，开始处理 (剩余等待: 0)
novelai-gateway  | 16:11:18 | INFO    | gateway    | ❄️ 冷却 0.9s
novelai-gateway  | 16:11:19 | INFO    | gateway    | 🔓 释放锁 (当前等待: 0)
novelai-gateway  | 16:11:19 | INFO    | stats      | 生成确认 | 类型: 小图 | 画幅: 832x1216 | 大小: 1.68MB | 今日累计: 小图=75, 大图=0
novelai-gateway  | 📊 生成确认 | 类型: 小图 | 画幅: 832x1216 | 大小: 1.68MB | 今日累计: 小图=75, 大图=0
novelai-gateway  | 16:11:21 | INFO    | gateway    | [generations] client body sampler='k_dpmpp_2m' noise_schedule='karras' | final NAI sampler='k_dpmpp_2m' noise_schedule='karras'
novelai-gateway  | 16:11:21 | INFO    | gateway    | ⏳ 排队中... (当前等待: 1)
novelai-gateway  | 16:11:21 | INFO    | gateway    | 🔒 获取锁，开始处理 (剩余等待: 0)
novelai-gateway  | 16:11:33 | INFO    | gateway    | ❄️ 冷却 1.0s
novelai-gateway  | 16:11:34 | INFO    | gateway    | 🔓 释放锁 (当前等待: 0)
novelai-gateway  | 📊 生成确认 | 类型: 小图 | 画幅: 832x1216 | 大小: 1.78MB | 今日累计: 小图=76, 大图=0
novelai-gateway  | 16:11:34 | INFO    | stats      | 生成确认 | 类型: 小图 | 画幅: 832x1216 | 大小: 1.78MB | 今日累计: 小图=76, 大图=0
novelai-gateway  | 16:11:36 | INFO    | gateway    | [generations] client body sampler='k_dpmpp_2m' noise_schedule='karras' | final NAI sampler='k_dpmpp_2m' noise_schedule='karras'
novelai-gateway  | 16:11:36 | INFO    | gateway    | ⏳ 排队中... (当前等待: 1)
novelai-gateway  | 16:11:36 | INFO    | gateway    | 🔒 获取锁，开始处理 (剩余等待: 0)
novelai-gateway  | 16:11:48 | INFO    | gateway    | ❄️ 冷却 0.7s
novelai-gateway  | 16:11:49 | INFO    | gateway    | 🔓 释放锁 (当前等待: 0)
novelai-gateway  | 16:11:49 | INFO    | stats      | 生成确认 | 类型: 小图 | 画幅: 832x1216 | 大小: 1.79MB | 今日累计: 小图=77, 大图=0
novelai-gateway  | 📊 生成确认 | 类型: 小图 | 画幅: 832x1216 | 大小: 1.79MB | 今日累计: 小图=77, 大图=0
novelai-gateway  | 16:11:51 | INFO    | gateway    | [generations] client body sampler='k_dpmpp_2m' noise_schedule='karras' | final NAI sampler='k_dpmpp_2m' noise_schedule='karras'
novelai-gateway  | 16:11:51 | INFO    | gateway    | ⏳ 排队中... (当前等待: 1)
novelai-gateway  | 16:11:51 | INFO    | gateway    | 🔒 获取锁，开始处理 (剩余等待: 0)
novelai-gateway  | 16:12:02 | INFO    | gateway    | ❄️ 冷却 0.9s
novelai-gateway  | 16:12:03 | INFO    | gateway    | 🔓 释放锁 (当前等待: 0)
novelai-gateway  | 📊 生成确认 | 类型: 小图 | 画幅: 832x1216 | 大小: 1.74MB | 今日累计: 小图=78, 大图=0
novelai-gateway  | 16:12:03 | INFO    | stats      | 生成确认 | 类型: 小图 | 画幅: 832x1216 | 大小: 1.74MB | 今日累计: 小图=78, 大图=0
novelai-gateway  | 16:12:05 | INFO    | gateway    | [generations] client body sampler='k_dpmpp_2m' noise_schedule='karras' | final NAI sampler='k_dpmpp_2m' noise_schedule='karras'
novelai-gateway  | 16:12:05 | INFO    | gateway    | ⏳ 排队中... (当前等待: 1)
novelai-gateway  | 16:12:05 | INFO    | gateway    | 🔒 获取锁，开始处理 (剩余等待: 0)
novelai-gateway  | 16:12:16 | INFO    | gateway    | ❄️ 冷却 0.5s
novelai-gateway  | 16:12:17 | INFO    | gateway    | 🔓 释放锁 (当前等待: 0)
novelai-gateway  | 16:12:17 | INFO    | stats      | 生成确认 | 类型: 小图 | 画幅: 832x1216 | 大小: 1.73MB | 今日累计: 小图=79, 大图=0
novelai-gateway  | 📊 生成确认 | 类型: 小图 | 画幅: 832x1216 | 大小: 1.73MB | 今日累计: 小图=79, 大图=0
novelai-gateway  | 16:12:27 | INFO    | gateway    | [generations] client body sampler='k_dpmpp_2m' noise_schedule='karras' | final NAI sampler='k_dpmpp_2m' noise_schedule='karras'
novelai-gateway  | 16:12:27 | INFO    | gateway    | ⏳ 排队中... (当前等待: 1)
novelai-gateway  | 16:12:27 | INFO    | gateway    | 🔒 获取锁，开始处理 (剩余等待: 0)
novelai-gateway  | 16:12:40 | INFO    | gateway    | ❄️ 冷却 0.8s
novelai-gateway  | 16:12:41 | INFO    | gateway    | 🔓 释放锁 (当前等待: 0)
novelai-gateway  | 📊 生成确认 | 类型: 小图 | 画幅: 832x1216 | 大小: 1.67MB | 今日累计: 小图=80, 大图=0
novelai-gateway  | 16:12:41 | INFO    | stats      | 生成确认 | 类型: 小图 | 画幅: 832x1216 | 大小: 1.67MB | 今日累计: 小图=80, 大图=0
novelai-gateway  | 16:12:43 | INFO    | gateway    | [generations] client body sampler='k_dpmpp_2m' noise_schedule='karras' | final NAI sampler='k_dpmpp_2m' noise_schedule='karras'
novelai-gateway  | 16:12:43 | INFO    | gateway    | ⏳ 排队中... (当前等待: 1)
novelai-gateway  | 16:12:43 | INFO    | gateway    | 🔒 获取锁，开始处理 (剩余等待: 0)
novelai-gateway  | 16:12:56 | INFO    | gateway    | ❄️ 冷却 0.6s
novelai-gateway  | 📊 生成确认 | 类型: 小图 | 画幅: 832x1216 | 大小: 1.82MB | 今日累计: 小图=81, 大图=0
novelai-gateway  | 16:12:57 | INFO    | gateway    | 🔓 释放锁 (当前等待: 0)
novelai-gateway  | 16:12:57 | INFO    | stats      | 生成确认 | 类型: 小图 | 画幅: 832x1216 | 大小: 1.82MB | 今日累计: 小图=81, 大图=0
novelai-gateway  | 16:12:59 | INFO    | gateway    | [generations] client body sampler='k_dpmpp_2m' noise_schedule='karras' | final NAI sampler='k_dpmpp_2m' noise_schedule='karras'
novelai-gateway  | 16:12:59 | INFO    | gateway    | ⏳ 排队中... (当前等待: 1)
novelai-gateway  | 16:12:59 | INFO    | gateway    | 🔒 获取锁，开始处理 (剩余等待: 0)
novelai-gateway  | 16:13:12 | INFO    | gateway    | ❄️ 冷却 0.7s
novelai-gateway  | 📊 生成确认 | 类型: 小图 | 画幅: 832x1216 | 大小: 1.71MB | 今日累计: 小图=82, 大图=0
novelai-gateway  | 16:13:13 | INFO    | gateway    | 🔓 释放锁 (当前等待: 0)
novelai-gateway  | 16:13:13 | INFO    | stats      | 生成确认 | 类型: 小图 | 画幅: 832x1216 | 大小: 1.71MB | 今日累计: 小图=82, 大图=0
novelai-gateway  | 16:13:15 | INFO    | gateway    | [generations] client body sampler='k_dpmpp_2m' noise_schedule='karras' | final NAI sampler='k_dpmpp_2m' noise_schedule='karras'
novelai-gateway  | 16:13:15 | INFO    | gateway    | ⏳ 排队中... (当前等待: 1)
novelai-gateway  | 16:13:15 | INFO    | gateway    | 🔒 获取锁，开始处理 (剩余等待: 0)
novelai-gateway  | 16:13:28 | INFO    | gateway    | ❄️ 冷却 0.6s
novelai-gateway  | 16:13:28 | INFO    | gateway    | 🔓 释放锁 (当前等待: 0)
novelai-gateway  | 16:13:28 | INFO    | stats      | 生成确认 | 类型: 小图 | 画幅: 832x1216 | 大小: 1.75MB | 今日累计: 小图=83, 大图=0
novelai-gateway  | 📊 生成确认 | 类型: 小图 | 画幅: 832x1216 | 大小: 1.75MB | 今日累计: 小图=83, 大图=0
novelai-gateway  | 16:13:31 | INFO    | gateway    | [generations] client body sampler='k_dpmpp_2m' noise_schedule='karras' | final NAI sampler='k_dpmpp_2m' noise_schedule='karras'
novelai-gateway  | 16:13:31 | INFO    | gateway    | ⏳ 排队中... (当前等待: 1)
novelai-gateway  | 16:13:31 | INFO    | gateway    | 🔒 获取锁，开始处理 (剩余等待: 0)
novelai-gateway  | 16:13:42 | INFO    | gateway    | ❄️ 冷却 0.7s
novelai-gateway  | 16:13:43 | INFO    | gateway    | 🔓 释放锁 (当前等待: 0)
novelai-gateway  | 📊 生成确认 | 类型: 小图 | 画幅: 832x1216 | 大小: 1.79MB | 今日累计: 小图=84, 大图=0
novelai-gateway  | 16:13:43 | INFO    | stats      | 生成确认 | 类型: 小图 | 画幅: 832x1216 | 大小: 1.79MB | 今日累计: 小图=84, 大图=0
novelai-gateway  | 16:13:45 | INFO    | gateway    | [generations] client body sampler='k_dpmpp_2m' noise_schedule='karras' | final NAI sampler='k_dpmpp_2m' noise_schedule='karras'
novelai-gateway  | 16:13:45 | INFO    | gateway    | ⏳ 排队中... (当前等待: 1)
novelai-gateway  | 16:13:45 | INFO    | gateway    | 🔒 获取锁，开始处理 (剩余等待: 0)
novelai-gateway  | 16:13:57 | INFO    | gateway    | ❄️ 冷却 0.6s
novelai-gateway  | 16:13:58 | INFO    | gateway    | 🔓 释放锁 (当前等待: 0)
novelai-gateway  | 📊 生成确认 | 类型: 小图 | 画幅: 832x1216 | 大小: 1.82MB | 今日累计: 小图=85, 大图=0
novelai-gateway  | 16:13:58 | INFO    | stats      | 生成确认 | 类型: 小图 | 画幅: 832x1216 | 大小: 1.82MB | 今日累计: 小图=85, 大图=0
novelai-gateway  | 16:14:00 | INFO    | gateway    | [generations] client body sampler='k_dpmpp_2m' noise_schedule='karras' | final NAI sampler='k_dpmpp_2m' noise_schedule='karras'
novelai-gateway  | 16:14:00 | INFO    | gateway    | ⏳ 排队中... (当前等待: 1)
novelai-gateway  | 16:14:00 | INFO    | gateway    | 🔒 获取锁，开始处理 (剩余等待: 0)
novelai-gateway  | 16:14:12 | INFO    | gateway    | ❄️ 冷却 0.8s
novelai-gateway  | 16:14:13 | INFO    | gateway    | 🔓 释放锁 (当前等待: 0)
novelai-gateway  | 📊 生成确认 | 类型: 小图 | 画幅: 832x1216 | 大小: 1.81MB | 今日累计: 小图=86, 大图=0
novelai-gateway  | 16:14:13 | INFO    | stats      | 生成确认 | 类型: 小图 | 画幅: 832x1216 | 大小: 1.81MB | 今日累计: 小图=86, 大图=0
novelai-gateway  | 16:14:15 | INFO    | gateway    | [generations] client body sampler='k_dpmpp_2m' noise_schedule='karras' | final NAI sampler='k_dpmpp_2m' noise_schedule='karras'
novelai-gateway  | 16:14:15 | INFO    | gateway    | ⏳ 排队中... (当前等待: 1)
novelai-gateway  | 16:14:15 | INFO    | gateway    | 🔒 获取锁，开始处理 (剩余等待: 0)
novelai-gateway  | 16:14:27 | INFO    | gateway    | ❄️ 冷却 0.9s
novelai-gateway  | 16:14:27 | INFO    | gateway    | 🔓 释放锁 (当前等待: 0)
novelai-gateway  | 📊 生成确认 | 类型: 小图 | 画幅: 832x1216 | 大小: 1.75MB | 今日累计: 小图=87, 大图=0
novelai-gateway  | 16:14:27 | INFO    | stats      | 生成确认 | 类型: 小图 | 画幅: 832x1216 | 大小: 1.75MB | 今日累计: 小图=87, 大图=0
novelai-gateway  | 16:23:59 | INFO    | gateway    | ⏳ 排队中... (当前等待: 1)
novelai-gateway  | 16:23:59 | INFO    | gateway    | 🔒 获取锁，开始处理 (剩余等待: 0)
novelai-gateway  | 16:24:12 | INFO    | gateway    | ❄️ 冷却 0.9s
novelai-gateway  | 📊 生成确认 | 类型: 小图 | 画幅: 832x1216 | 大小: 1.83MB | 今日累计: 小图=88, 大图=0
novelai-gateway  | 16:24:13 | INFO    | gateway    | 🔓 释放锁 (当前等待: 0)
novelai-gateway  | 16:24:13 | INFO    | stats      | 生成确认 | 类型: 小图 | 画幅: 832x1216 | 大小: 1.83MB | 今日累计: 小图=88, 大图=0
novelai-gateway  | 16:24:18 | INFO    | gateway    | ⏳ 排队中... (当前等待: 1)
novelai-gateway  | 16:24:18 | INFO    | gateway    | 🔒 获取锁，开始处理 (剩余等待: 0)
novelai-gateway  | 16:24:30 | INFO    | gateway    | ❄️ 冷却 0.8s
novelai-gateway  | 16:24:31 | INFO    | gateway    | 🔓 释放锁 (当前等待: 0)
novelai-gateway  | 📊 生成确认 | 类型: 小图 | 画幅: 832x1216 | 大小: 1.92MB | 今日累计: 小图=89, 大图=0
novelai-gateway  | 16:24:31 | INFO    | stats      | 生成确认 | 类型: 小图 | 画幅: 832x1216 | 大小: 1.92MB | 今日累计: 小图=89, 大图=0
novelai-gateway  | 16:24:36 | INFO    | gateway    | ⏳ 排队中... (当前等待: 1)
novelai-gateway  | 16:24:36 | INFO    | gateway    | 🔒 获取锁，开始处理 (剩余等待: 0)
novelai-gateway  | 16:24:50 | INFO    | gateway    | ❄️ 冷却 0.9s
novelai-gateway  | 📊 生成确认 | 类型: 小图 | 画幅: 832x1216 | 大小: 1.73MB | 今日累计: 小图=90, 大图=0
novelai-gateway  | 16:24:51 | INFO    | gateway    | 🔓 释放锁 (当前等待: 0)
novelai-gateway  | 16:24:51 | INFO    | stats      | 生成确认 | 类型: 小图 | 画幅: 832x1216 | 大小: 1.73MB | 今日累计: 小图=90, 大图=0
novelai-gateway  | 16:25:10 | INFO    | gateway    | [generations] client body sampler='k_dpmpp_2m' noise_schedule='karras' | final NAI sampler='k_dpmpp_2m' noise_schedule='karras'
novelai-gateway  | 16:25:10 | INFO    | gateway    | ⏳ 排队中... (当前等待: 1)
novelai-gateway  | 16:25:10 | INFO    | gateway    | 🔒 获取锁，开始处理 (剩余等待: 0)
novelai-gateway  | 16:25:24 | INFO    | gateway    | ❄️ 冷却 0.7s
novelai-gateway  | 16:25:24 | INFO    | gateway    | 🔓 释放锁 (当前等待: 0)
novelai-gateway  | 📊 生成确认 | 类型: 小图 | 画幅: 832x1216 | 大小: 1.89MB | 今日累计: 小图=91, 大图=0
novelai-gateway  | 16:25:24 | INFO    | stats      | 生成确认 | 类型: 小图 | 画幅: 832x1216 | 大小: 1.89MB | 今日累计: 小图=91, 大图=0
novelai-gateway  | 16:25:27 | INFO    | gateway    | [generations] client body sampler='k_dpmpp_2m' noise_schedule='karras' | final NAI sampler='k_dpmpp_2m' noise_schedule='karras'
novelai-gateway  | 16:25:27 | INFO    | gateway    | ⏳ 排队中... (当前等待: 1)
novelai-gateway  | 16:25:27 | INFO    | gateway    | 🔒 获取锁，开始处理 (剩余等待: 0)
novelai-gateway  | 16:25:38 | INFO    | gateway    | ❄️ 冷却 0.9s
novelai-gateway  | 📊 生成确认 | 类型: 小图 | 画幅: 832x1216 | 大小: 1.69MB | 今日累计: 小图=92, 大图=0
novelai-gateway  | 16:25:39 | INFO    | gateway    | 🔓 释放锁 (当前等待: 0)
novelai-gateway  | 16:25:39 | INFO    | stats      | 生成确认 | 类型: 小图 | 画幅: 832x1216 | 大小: 1.69MB | 今日累计: 小图=92, 大图=0
novelai-gateway  | 16:25:41 | INFO    | gateway    | [generations] client body sampler='k_dpmpp_2m' noise_schedule='karras' | final NAI sampler='k_dpmpp_2m' noise_schedule='karras'
novelai-gateway  | 16:25:41 | INFO    | gateway    | ⏳ 排队中... (当前等待: 1)
novelai-gateway  | 16:25:41 | INFO    | gateway    | 🔒 获取锁，开始处理 (剩余等待: 0)
novelai-gateway  | 16:25:52 | INFO    | gateway    | ❄️ 冷却 0.8s
novelai-gateway  | 📊 生成确认 | 类型: 小图 | 画幅: 832x1216 | 大小: 1.87MB | 今日累计: 小图=93, 大图=0
novelai-gateway  | 16:25:53 | INFO    | gateway    | 🔓 释放锁 (当前等待: 0)
novelai-gateway  | 16:25:53 | INFO    | stats      | 生成确认 | 类型: 小图 | 画幅: 832x1216 | 大小: 1.87MB | 今日累计: 小图=93, 大图=0
novelai-gateway  | 16:25:55 | INFO    | gateway    | [generations] client body sampler='k_dpmpp_2m' noise_schedule='karras' | final NAI sampler='k_dpmpp_2m' noise_schedule='karras'
novelai-gateway  | 16:25:55 | INFO    | gateway    | ⏳ 排队中... (当前等待: 1)
novelai-gateway  | 16:25:55 | INFO    | gateway    | 🔒 获取锁，开始处理 (剩余等待: 0)
novelai-gateway  | 16:26:08 | INFO    | gateway    | ❄️ 冷却 0.8s
novelai-gateway  | 16:26:09 | INFO    | gateway    | 🔓 释放锁 (当前等待: 0)
novelai-gateway  | 16:26:09 | INFO    | stats      | 生成确认 | 类型: 小图 | 画幅: 832x1216 | 大小: 2.07MB | 今日累计: 小图=94, 大图=0
novelai-gateway  | 📊 生成确认 | 类型: 小图 | 画幅: 832x1216 | 大小: 2.07MB | 今日累计: 小图=94, 大图=0
novelai-gateway  | 16:27:28 | INFO    | gateway    | [generations] client body sampler='k_dpmpp_2m' noise_schedule='karras' | final NAI sampler='k_dpmpp_2m' noise_schedule='karras'
novelai-gateway  | 16:27:29 | INFO    | gateway    | ✅ encode-vibe 成功: 原图 677368 chars → vibe 65360 chars
novelai-gateway  | 16:27:29 | INFO    | gateway    | ⏳ 排队中... (当前等待: 1)
novelai-gateway  | 16:27:29 | INFO    | gateway    | 🔒 获取锁，开始处理 (剩余等待: 0)
novelai-gateway  | 16:27:43 | INFO    | gateway    | ❄️ 冷却 0.9s
novelai-gateway  | 16:27:44 | INFO    | gateway    | 🔓 释放锁 (当前等待: 0)
novelai-gateway  | 📊 生成确认 | 类型: 小图 | 画幅: 832x1216 | 大小: 2.01MB | 今日累计: 小图=95, 大图=0
novelai-gateway  | 16:27:44 | INFO    | stats      | 生成确认 | 类型: 小图 | 画幅: 832x1216 | 大小: 2.01MB | 今日累计: 小图=95, 大图=0
novelai-gateway  | 16:27:48 | INFO    | gateway    | [generations] client body sampler='k_dpmpp_2m' noise_schedule='karras' | final NAI sampler='k_dpmpp_2m' noise_schedule='karras'
novelai-gateway  | 16:27:49 | INFO    | gateway    | ✅ encode-vibe 成功: 原图 677368 chars → vibe 65360 chars
novelai-gateway  | 16:27:49 | INFO    | gateway    | ⏳ 排队中... (当前等待: 1)
novelai-gateway  | 16:27:49 | INFO    | gateway    | 🔒 获取锁，开始处理 (剩余等待: 0)
novelai-gateway  | 16:28:03 | INFO    | gateway    | ❄️ 冷却 0.5s
novelai-gateway  | 📊 生成确认 | 类型: 小图 | 画幅: 832x1216 | 大小: 2.33MB | 今日累计: 小图=96, 大图=0
novelai-gateway  | 16:28:04 | INFO    | gateway    | 🔓 释放锁 (当前等待: 0)
novelai-gateway  | 16:28:04 | INFO    | stats      | 生成确认 | 类型: 小图 | 画幅: 832x1216 | 大小: 2.33MB | 今日累计: 小图=96, 大图=0
novelai-gateway  | 16:28:08 | INFO    | gateway    | [generations] client body sampler='k_dpmpp_2m' noise_schedule='karras' | final NAI sampler='k_dpmpp_2m' noise_schedule='karras'
novelai-gateway  | 16:28:09 | INFO    | gateway    | ✅ encode-vibe 成功: 原图 677368 chars → vibe 65368 chars
novelai-gateway  | 16:28:09 | INFO    | gateway    | ⏳ 排队中... (当前等待: 1)
novelai-gateway  | 16:28:09 | INFO    | gateway    | 🔒 获取锁，开始处理 (剩余等待: 0)
novelai-gateway  | 16:28:22 | INFO    | gateway    | ❄️ 冷却 0.6s
novelai-gateway  | 16:28:22 | INFO    | gateway    | 🔓 释放锁 (当前等待: 0)
novelai-gateway  | 16:28:22 | INFO    | stats      | 生成确认 | 类型: 小图 | 画幅: 832x1216 | 大小: 2.33MB | 今日累计: 小图=97, 大图=0
novelai-gateway  | 📊 生成确认 | 类型: 小图 | 画幅: 832x1216 | 大小: 2.33MB | 今日累计: 小图=97, 大图=0
novelai-gateway  | 17:02:58 | INFO    | gateway    | [generations] client body sampler='k_dpmpp_2m' noise_schedule='karras' | final NAI sampler='k_dpmpp_2m' noise_schedule='karras'
novelai-gateway  | 17:02:58 | INFO    | gateway    | ⏳ 排队中... (当前等待: 1)
novelai-gateway  | 17:02:58 | INFO    | gateway    | 🔒 获取锁，开始处理 (剩余等待: 0)
novelai-gateway  | 17:03:10 | INFO    | gateway    | ❄️ 冷却 0.8s
novelai-gateway  | 17:03:11 | INFO    | gateway    | 🔓 释放锁 (当前等待: 0)
novelai-gateway  | 17:03:11 | INFO    | stats      | 生成确认 | 类型: 小图 | 画幅: 832x1216 | 大小: 1.41MB | 今日累计: 小图=98, 大图=0
novelai-gateway  | 📊 生成确认 | 类型: 小图 | 画幅: 832x1216 | 大小: 1.41MB | 今日累计: 小图=98, 大图=0
novelai-gateway  | 17:05:32 | INFO    | gateway    | [generations] client body sampler='k_dpmpp_2m' noise_schedule='karras' | final NAI sampler='k_dpmpp_2m' noise_schedule='karras'
novelai-gateway  | 17:05:32 | INFO    | gateway    | ⏳ 排队中... (当前等待: 1)
novelai-gateway  | 17:05:32 | INFO    | gateway    | 🔒 获取锁，开始处理 (剩余等待: 0)
novelai-gateway  | 17:05:43 | INFO    | gateway    | ❄️ 冷却 1.0s
novelai-gateway  | 17:05:44 | INFO    | gateway    | 🔓 释放锁 (当前等待: 0)
novelai-gateway  | 17:05:44 | INFO    | stats      | 生成确认 | 类型: 小图 | 画幅: 832x1216 | 大小: 1.63MB | 今日累计: 小图=99, 大图=0
novelai-gateway  | 📊 生成确认 | 类型: 小图 | 画幅: 832x1216 | 大小: 1.63MB | 今日累计: 小图=99, 大图=0
novelai-gateway  | 17:05:47 | INFO    | gateway    | [generations] client body sampler='k_dpmpp_2m' noise_schedule='karras' | final NAI sampler='k_dpmpp_2m' noise_schedule='karras'
novelai-gateway  | 17:05:47 | INFO    | gateway    | ⏳ 排队中... (当前等待: 1)
novelai-gateway  | 17:05:47 | INFO    | gateway    | 🔒 获取锁，开始处理 (剩余等待: 0)
novelai-gateway  | 17:05:57 | INFO    | gateway    | ❄️ 冷却 0.7s
novelai-gateway  | 17:05:58 | INFO    | gateway    | 🔓 释放锁 (当前等待: 0)
novelai-gateway  | 📊 生成确认 | 类型: 小图 | 画幅: 832x1216 | 大小: 1.65MB | 今日累计: 小图=100, 大图=0
novelai-gateway  | 17:05:58 | INFO    | stats      | 生成确认 | 类型: 小图 | 画幅: 832x1216 | 大小: 1.65MB | 今日累计: 小图=100, 大图=0
novelai-gateway  | 17:06:01 | INFO    | gateway    | [generations] client body sampler='k_dpmpp_2m' noise_schedule='karras' | final NAI sampler='k_dpmpp_2m' noise_schedule='karras'
novelai-gateway  | 17:06:01 | INFO    | gateway    | ⏳ 排队中... (当前等待: 1)
novelai-gateway  | 17:06:01 | INFO    | gateway    | 🔒 获取锁，开始处理 (剩余等待: 0)
novelai-gateway  | 17:06:12 | INFO    | gateway    | ❄️ 冷却 0.8s
novelai-gateway  | 17:06:13 | INFO    | gateway    | 🔓 释放锁 (当前等待: 0)
novelai-gateway  | 📊 生成确认 | 类型: 小图 | 画幅: 832x1216 | 大小: 1.61MB | 今日累计: 小图=101, 大图=0
novelai-gateway  | 17:06:13 | INFO    | stats      | 生成确认 | 类型: 小图 | 画幅: 832x1216 | 大小: 1.61MB | 今日累计: 小图=101, 大图=0
novelai-gateway  | 17:06:15 | INFO    | gateway    | [generations] client body sampler='k_dpmpp_2m' noise_schedule='karras' | final NAI sampler='k_dpmpp_2m' noise_schedule='karras'
novelai-gateway  | 17:06:15 | INFO    | gateway    | ⏳ 排队中... (当前等待: 1)
novelai-gateway  | 17:06:15 | INFO    | gateway    | 🔒 获取锁，开始处理 (剩余等待: 0)
novelai-gateway  | 17:06:26 | INFO    | gateway    | ❄️ 冷却 0.8s
novelai-gateway  | 17:06:27 | INFO    | gateway    | 🔓 释放锁 (当前等待: 0)
novelai-gateway  | 📊 生成确认 | 类型: 小图 | 画幅: 832x1216 | 大小: 1.54MB | 今日累计: 小图=102, 大图=0
novelai-gateway  | 17:06:27 | INFO    | stats      | 生成确认 | 类型: 小图 | 画幅: 832x1216 | 大小: 1.54MB | 今日累计: 小图=102, 大图=0
novelai-gateway  | 17:06:29 | INFO    | gateway    | [generations] client body sampler='k_dpmpp_2m' noise_schedule='karras' | final NAI sampler='k_dpmpp_2m' noise_schedule='karras'
novelai-gateway  | 17:06:29 | INFO    | gateway    | ⏳ 排队中... (当前等待: 1)
novelai-gateway  | 17:06:29 | INFO    | gateway    | 🔒 获取锁，开始处理 (剩余等待: 0)
novelai-gateway  | 17:06:40 | INFO    | gateway    | ❄️ 冷却 0.7s
novelai-gateway  | 17:06:41 | INFO    | gateway    | 🔓 释放锁 (当前等待: 0)
novelai-gateway  | 📊 生成确认 | 类型: 小图 | 画幅: 832x1216 | 大小: 1.46MB | 今日累计: 小图=103, 大图=0
novelai-gateway  | 17:06:41 | INFO    | stats      | 生成确认 | 类型: 小图 | 画幅: 832x1216 | 大小: 1.46MB | 今日累计: 小图=103, 大图=0
novelai-gateway  | 17:06:43 | INFO    | gateway    | [generations] client body sampler='k_dpmpp_2m' noise_schedule='karras' | final NAI sampler='k_dpmpp_2m' noise_schedule='karras'
novelai-gateway  | 17:06:43 | INFO    | gateway    | ⏳ 排队中... (当前等待: 1)
novelai-gateway  | 17:06:43 | INFO    | gateway    | 🔒 获取锁，开始处理 (剩余等待: 0)
novelai-gateway  | 17:06:53 | INFO    | gateway    | ❄️ 冷却 0.5s
novelai-gateway  | 📊 生成确认 | 类型: 小图 | 画幅: 832x1216 | 大小: 1.58MB | 今日累计: 小图=104, 大图=0
novelai-gateway  | 17:06:54 | INFO    | gateway    | 🔓 释放锁 (当前等待: 0)
novelai-gateway  | 17:06:54 | INFO    | stats      | 生成确认 | 类型: 小图 | 画幅: 832x1216 | 大小: 1.58MB | 今日累计: 小图=104, 大图=0
novelai-gateway  | 17:06:56 | INFO    | gateway    | [generations] client body sampler='k_dpmpp_2m' noise_schedule='karras' | final NAI sampler='k_dpmpp_2m' noise_schedule='karras'
novelai-gateway  | 17:06:56 | INFO    | gateway    | ⏳ 排队中... (当前等待: 1)
novelai-gateway  | 17:06:56 | INFO    | gateway    | 🔒 获取锁，开始处理 (剩余等待: 0)
novelai-gateway  | 17:07:06 | INFO    | gateway    | ❄️ 冷却 0.6s
novelai-gateway  | 17:07:07 | INFO    | gateway    | 🔓 释放锁 (当前等待: 0)
novelai-gateway  | 17:07:07 | INFO    | stats      | 生成确认 | 类型: 小图 | 画幅: 832x1216 | 大小: 1.57MB | 今日累计: 小图=105, 大图=0
novelai-gateway  | 📊 生成确认 | 类型: 小图 | 画幅: 832x1216 | 大小: 1.57MB | 今日累计: 小图=105, 大图=0
novelai-gateway  | 17:10:00 | INFO    | gateway    | [generations] client body sampler='k_dpmpp_2m' noise_schedule='karras' | final NAI sampler='k_dpmpp_2m' noise_schedule='karras'
novelai-gateway  | 17:10:00 | INFO    | gateway    | ⏳ 排队中... (当前等待: 1)
novelai-gateway  | 17:10:00 | INFO    | gateway    | 🔒 获取锁，开始处理 (剩余等待: 0)
novelai-gateway  | 17:10:12 | INFO    | gateway    | ❄️ 冷却 0.8s
novelai-gateway  | 17:10:12 | INFO    | gateway    | 🔓 释放锁 (当前等待: 0)
novelai-gateway  | 17:10:12 | INFO    | stats      | 生成确认 | 类型: 小图 | 画幅: 832x1216 | 大小: 1.58MB | 今日累计: 小图=106, 大图=0
novelai-gateway  | 📊 生成确认 | 类型: 小图 | 画幅: 832x1216 | 大小: 1.58MB | 今日累计: 小图=106, 大图=0
novelai-gateway  | 17:10:15 | INFO    | gateway    | [generations] client body sampler='k_dpmpp_2m' noise_schedule='karras' | final NAI sampler='k_dpmpp_2m' noise_schedule='karras'
novelai-gateway  | 17:10:15 | INFO    | gateway    | ⏳ 排队中... (当前等待: 1)
novelai-gateway  | 17:10:15 | INFO    | gateway    | 🔒 获取锁，开始处理 (剩余等待: 0)
novelai-gateway  | 17:10:24 | INFO    | gateway    | ❄️ 冷却 0.6s
novelai-gateway  | 17:10:25 | INFO    | gateway    | 🔓 释放锁 (当前等待: 0)
novelai-gateway  | 17:10:25 | INFO    | stats      | 生成确认 | 类型: 小图 | 画幅: 832x1216 | 大小: 1.51MB | 今日累计: 小图=107, 大图=0
novelai-gateway  | 📊 生成确认 | 类型: 小图 | 画幅: 832x1216 | 大小: 1.51MB | 今日累计: 小图=107, 大图=0
novelai-gateway  | 17:10:27 | INFO    | gateway    | [generations] client body sampler='k_dpmpp_2m' noise_schedule='karras' | final NAI sampler='k_dpmpp_2m' noise_schedule='karras'
novelai-gateway  | 17:10:27 | INFO    | gateway    | ⏳ 排队中... (当前等待: 1)
novelai-gateway  | 17:10:27 | INFO    | gateway    | 🔒 获取锁，开始处理 (剩余等待: 0)
novelai-gateway  | 17:10:38 | INFO    | gateway    | ❄️ 冷却 0.7s
novelai-gateway  | 17:10:38 | INFO    | gateway    | 🔓 释放锁 (当前等待: 0)
novelai-gateway  | 📊 生成确认 | 类型: 小图 | 画幅: 832x1216 | 大小: 1.68MB | 今日累计: 小图=108, 大图=0
novelai-gateway  | 17:10:38 | INFO    | stats      | 生成确认 | 类型: 小图 | 画幅: 832x1216 | 大小: 1.68MB | 今日累计: 小图=108, 大图=0
novelai-gateway  | 17:10:41 | INFO    | gateway    | [generations] client body sampler='k_dpmpp_2m' noise_schedule='karras' | final NAI sampler='k_dpmpp_2m' noise_schedule='karras'
novelai-gateway  | 17:10:41 | INFO    | gateway    | ⏳ 排队中... (当前等待: 1)
novelai-gateway  | 17:10:41 | INFO    | gateway    | 🔒 获取锁，开始处理 (剩余等待: 0)
novelai-gateway  | 17:10:50 | INFO    | gateway    | ❄️ 冷却 0.9s
novelai-gateway  | 17:10:51 | INFO    | gateway    | 🔓 释放锁 (当前等待: 0)
novelai-gateway  | 17:10:51 | INFO    | stats      | 生成确认 | 类型: 小图 | 画幅: 832x1216 | 大小: 1.48MB | 今日累计: 小图=109, 大图=0
novelai-gateway  | 📊 生成确认 | 类型: 小图 | 画幅: 832x1216 | 大小: 1.48MB | 今日累计: 小图=109, 大图=0
novelai-gateway  | 17:10:54 | INFO    | gateway    | [generations] client body sampler='k_dpmpp_2m' noise_schedule='karras' | final NAI sampler='k_dpmpp_2m' noise_schedule='karras'
novelai-gateway  | 17:10:54 | INFO    | gateway    | ⏳ 排队中... (当前等待: 1)
novelai-gateway  | 17:10:54 | INFO    | gateway    | 🔒 获取锁，开始处理 (剩余等待: 0)
novelai-gateway  | 17:11:03 | INFO    | gateway    | ❄️ 冷却 0.7s
novelai-gateway  | 17:11:03 | INFO    | gateway    | 🔓 释放锁 (当前等待: 0)
novelai-gateway  | 📊 生成确认 | 类型: 小图 | 画幅: 832x1216 | 大小: 1.48MB | 今日累计: 小图=110, 大图=0
novelai-gateway  | 17:11:03 | INFO    | stats      | 生成确认 | 类型: 小图 | 画幅: 832x1216 | 大小: 1.48MB | 今日累计: 小图=110, 大图=0
novelai-gateway  | 17:11:06 | INFO    | gateway    | [generations] client body sampler='k_dpmpp_2m' noise_schedule='karras' | final NAI sampler='k_dpmpp_2m' noise_schedule='karras'
novelai-gateway  | 17:11:06 | INFO    | gateway    | ⏳ 排队中... (当前等待: 1)
novelai-gateway  | 17:11:06 | INFO    | gateway    | 🔒 获取锁，开始处理 (剩余等待: 0)
novelai-gateway  | 17:11:16 | INFO    | gateway    | ❄️ 冷却 0.5s
novelai-gateway  | 17:11:17 | INFO    | gateway    | 🔓 释放锁 (当前等待: 0)
novelai-gateway  | 📊 生成确认 | 类型: 小图 | 画幅: 832x1216 | 大小: 1.58MB | 今日累计: 小图=111, 大图=0
novelai-gateway  | 17:11:17 | INFO    | stats      | 生成确认 | 类型: 小图 | 画幅: 832x1216 | 大小: 1.58MB | 今日累计: 小图=111, 大图=0
novelai-gateway  | 17:11:19 | INFO    | gateway    | [generations] client body sampler='k_dpmpp_2m' noise_schedule='karras' | final NAI sampler='k_dpmpp_2m' noise_schedule='karras'
novelai-gateway  | 17:11:19 | INFO    | gateway    | ⏳ 排队中... (当前等待: 1)
novelai-gateway  | 17:11:19 | INFO    | gateway    | 🔒 获取锁，开始处理 (剩余等待: 0)
novelai-gateway  | 17:11:30 | INFO    | gateway    | ❄️ 冷却 0.5s
novelai-gateway  | 17:11:31 | INFO    | gateway    | 🔓 释放锁 (当前等待: 0)
novelai-gateway  | 17:11:31 | INFO    | stats      | 生成确认 | 类型: 小图 | 画幅: 832x1216 | 大小: 1.43MB | 今日累计: 小图=112, 大图=0
novelai-gateway  | 📊 生成确认 | 类型: 小图 | 画幅: 832x1216 | 大小: 1.43MB | 今日累计: 小图=112, 大图=0
novelai-gateway  | 17:12:34 | INFO    | gateway    | [generations] client body sampler='k_dpmpp_2m' noise_schedule='karras' | final NAI sampler='k_dpmpp_2m' noise_schedule='karras'
novelai-gateway  | 17:12:34 | INFO    | gateway    | ⏳ 排队中... (当前等待: 1)
novelai-gateway  | 17:12:34 | INFO    | gateway    | 🔒 获取锁，开始处理 (剩余等待: 0)
novelai-gateway  | 17:12:45 | INFO    | gateway    | ❄️ 冷却 0.7s
novelai-gateway  | 17:12:46 | INFO    | gateway    | 🔓 释放锁 (当前等待: 0)
novelai-gateway  | 📊 生成确认 | 类型: 小图 | 画幅: 832x1216 | 大小: 1.47MB | 今日累计: 小图=113, 大图=0
novelai-gateway  | 17:12:46 | INFO    | stats      | 生成确认 | 类型: 小图 | 画幅: 832x1216 | 大小: 1.47MB | 今日累计: 小图=113, 大图=0
novelai-gateway  | 17:12:48 | INFO    | gateway    | [generations] client body sampler='k_dpmpp_2m' noise_schedule='karras' | final NAI sampler='k_dpmpp_2m' noise_schedule='karras'
novelai-gateway  | 17:12:48 | INFO    | gateway    | ⏳ 排队中... (当前等待: 1)
novelai-gateway  | 17:12:48 | INFO    | gateway    | 🔒 获取锁，开始处理 (剩余等待: 0)
novelai-gateway  | 17:12:59 | INFO    | gateway    | ❄️ 冷却 0.6s
novelai-gateway  | 17:12:59 | INFO    | gateway    | 🔓 释放锁 (当前等待: 0)
novelai-gateway  | 📊 生成确认 | 类型: 小图 | 画幅: 832x1216 | 大小: 1.48MB | 今日累计: 小图=114, 大图=0
novelai-gateway  | 17:12:59 | INFO    | stats      | 生成确认 | 类型: 小图 | 画幅: 832x1216 | 大小: 1.48MB | 今日累计: 小图=114, 大图=0
novelai-gateway  | 17:13:02 | INFO    | gateway    | [generations] client body sampler='k_dpmpp_2m' noise_schedule='karras' | final NAI sampler='k_dpmpp_2m' noise_schedule='karras'
novelai-gateway  | 17:13:02 | INFO    | gateway    | ⏳ 排队中... (当前等待: 1)
novelai-gateway  | 17:13:02 | INFO    | gateway    | 🔒 获取锁，开始处理 (剩余等待: 0)
novelai-gateway  | 17:13:13 | INFO    | gateway    | ❄️ 冷却 0.6s
novelai-gateway  | 17:13:14 | INFO    | gateway    | 🔓 释放锁 (当前等待: 0)
novelai-gateway  | 📊 生成确认 | 类型: 小图 | 画幅: 832x1216 | 大小: 1.63MB | 今日累计: 小图=115, 大图=0
novelai-gateway  | 17:13:14 | INFO    | stats      | 生成确认 | 类型: 小图 | 画幅: 832x1216 | 大小: 1.63MB | 今日累计: 小图=115, 大图=0
novelai-gateway  | 17:13:16 | INFO    | gateway    | [generations] client body sampler='k_dpmpp_2m' noise_schedule='karras' | final NAI sampler='k_dpmpp_2m' noise_schedule='karras'
novelai-gateway  | 17:13:16 | INFO    | gateway    | ⏳ 排队中... (当前等待: 1)
novelai-gateway  | 17:13:16 | INFO    | gateway    | 🔒 获取锁，开始处理 (剩余等待: 0)
novelai-gateway  | 17:13:26 | INFO    | gateway    | ❄️ 冷却 0.8s
novelai-gateway  | 17:13:27 | INFO    | gateway    | 🔓 释放锁 (当前等待: 0)
novelai-gateway  | 📊 生成确认 | 类型: 小图 | 画幅: 832x1216 | 大小: 1.63MB | 今日累计: 小图=116, 大图=0
novelai-gateway  | 17:13:27 | INFO    | stats      | 生成确认 | 类型: 小图 | 画幅: 832x1216 | 大小: 1.63MB | 今日累计: 小图=116, 大图=0
novelai-gateway  | 17:13:29 | INFO    | gateway    | [generations] client body sampler='k_dpmpp_2m' noise_schedule='karras' | final NAI sampler='k_dpmpp_2m' noise_schedule='karras'
novelai-gateway  | 17:13:29 | INFO    | gateway    | ⏳ 排队中... (当前等待: 1)
novelai-gateway  | 17:13:29 | INFO    | gateway    | 🔒 获取锁，开始处理 (剩余等待: 0)
novelai-gateway  | 17:13:39 | INFO    | gateway    | ❄️ 冷却 0.8s
novelai-gateway  | 📊 生成确认 | 类型: 小图 | 画幅: 832x1216 | 大小: 1.64MB | 今日累计: 小图=117, 大图=0
novelai-gateway  | 17:13:40 | INFO    | gateway    | 🔓 释放锁 (当前等待: 0)
novelai-gateway  | 17:13:40 | INFO    | stats      | 生成确认 | 类型: 小图 | 画幅: 832x1216 | 大小: 1.64MB | 今日累计: 小图=117, 大图=0
novelai-gateway  | 17:13:42 | INFO    | gateway    | [generations] client body sampler='k_dpmpp_2m' noise_schedule='karras' | final NAI sampler='k_dpmpp_2m' noise_schedule='karras'
novelai-gateway  | 17:13:42 | INFO    | gateway    | ⏳ 排队中... (当前等待: 1)
novelai-gateway  | 17:13:42 | INFO    | gateway    | 🔒 获取锁，开始处理 (剩余等待: 0)
novelai-gateway  | 17:13:51 | INFO    | gateway    | ❄️ 冷却 0.5s
novelai-gateway  | 📊 生成确认 | 类型: 小图 | 画幅: 832x1216 | 大小: 1.45MB | 今日累计: 小图=118, 大图=0
novelai-gateway  | 17:13:52 | INFO    | gateway    | 🔓 释放锁 (当前等待: 0)
novelai-gateway  | 17:13:52 | INFO    | stats      | 生成确认 | 类型: 小图 | 画幅: 832x1216 | 大小: 1.45MB | 今日累计: 小图=118, 大图=0
novelai-gateway  | 17:13:54 | INFO    | gateway    | [generations] client body sampler='k_dpmpp_2m' noise_schedule='karras' | final NAI sampler='k_dpmpp_2m' noise_schedule='karras'
novelai-gateway  | 17:13:54 | INFO    | gateway    | ⏳ 排队中... (当前等待: 1)
novelai-gateway  | 17:13:54 | INFO    | gateway    | 🔒 获取锁，开始处理 (剩余等待: 0)
novelai-gateway  | 17:14:03 | INFO    | gateway    | ❄️ 冷却 0.7s
novelai-gateway  | 📊 生成确认 | 类型: 小图 | 画幅: 832x1216 | 大小: 1.52MB | 今日累计: 小图=119, 大图=0
novelai-gateway  | 17:14:03 | INFO    | gateway    | 🔓 释放锁 (当前等待: 0)
novelai-gateway  | 17:14:03 | INFO    | stats      | 生成确认 | 类型: 小图 | 画幅: 832x1216 | 大小: 1.52MB | 今日累计: 小图=119, 大图=0
novelai-gateway  | 17:14:06 | INFO    | gateway    | [generations] client body sampler='k_dpmpp_2m' noise_schedule='karras' | final NAI sampler='k_dpmpp_2m' noise_schedule='karras'
novelai-gateway  | 17:14:06 | INFO    | gateway    | ⏳ 排队中... (当前等待: 1)
novelai-gateway  | 17:14:06 | INFO    | gateway    | 🔒 获取锁，开始处理 (剩余等待: 0)
novelai-gateway  | 17:14:15 | INFO    | gateway    | ❄️ 冷却 0.9s
novelai-gateway  | 17:14:16 | INFO    | gateway    | 🔓 释放锁 (当前等待: 0)
novelai-gateway  | 📊 生成确认 | 类型: 小图 | 画幅: 832x1216 | 大小: 1.55MB | 今日累计: 小图=120, 大图=0
novelai-gateway  | 17:14:16 | INFO    | stats      | 生成确认 | 类型: 小图 | 画幅: 832x1216 | 大小: 1.55MB | 今日累计: 小图=120, 大图=0
novelai-gateway  | 17:14:18 | INFO    | gateway    | [generations] client body sampler='k_dpmpp_2m' noise_schedule='karras' | final NAI sampler='k_dpmpp_2m' noise_schedule='karras'
novelai-gateway  | 17:14:18 | INFO    | gateway    | ⏳ 排队中... (当前等待: 1)
novelai-gateway  | 17:14:18 | INFO    | gateway    | 🔒 获取锁，开始处理 (剩余等待: 0)
novelai-gateway  | 17:14:28 | INFO    | gateway    | ❄️ 冷却 0.6s
novelai-gateway  | 17:14:28 | INFO    | gateway    | 🔓 释放锁 (当前等待: 0)
novelai-gateway  | 17:14:28 | INFO    | stats      | 生成确认 | 类型: 小图 | 画幅: 832x1216 | 大小: 1.50MB | 今日累计: 小图=121, 大图=0
novelai-gateway  | 📊 生成确认 | 类型: 小图 | 画幅: 832x1216 | 大小: 1.50MB | 今日累计: 小图=121, 大图=0
novelai-gateway  | 17:14:31 | INFO    | gateway    | [generations] client body sampler='k_dpmpp_2m' noise_schedule='karras' | final NAI sampler='k_dpmpp_2m' noise_schedule='karras'
novelai-gateway  | 17:14:31 | INFO    | gateway    | ⏳ 排队中... (当前等待: 1)
novelai-gateway  | 17:14:31 | INFO    | gateway    | 🔒 获取锁，开始处理 (剩余等待: 0)
novelai-gateway  | 17:14:40 | INFO    | gateway    | ❄️ 冷却 0.7s
novelai-gateway  | 17:14:41 | INFO    | gateway    | 🔓 释放锁 (当前等待: 0)
novelai-gateway  | 17:14:41 | INFO    | stats      | 生成确认 | 类型: 小图 | 画幅: 832x1216 | 大小: 1.52MB | 今日累计: 小图=122, 大图=0
novelai-gateway  | 📊 生成确认 | 类型: 小图 | 画幅: 832x1216 | 大小: 1.52MB | 今日累计: 小图=122, 大图=0
novelai-gateway  | 17:14:42 | INFO    | gateway    | [generations] client body sampler='k_dpmpp_2m' noise_schedule='karras' | final NAI sampler='k_dpmpp_2m' noise_schedule='karras'
novelai-gateway  | 17:14:42 | INFO    | gateway    | ⏳ 排队中... (当前等待: 1)
novelai-gateway  | 17:14:42 | INFO    | gateway    | 🔒 获取锁，开始处理 (剩余等待: 0)
novelai-gateway  | 17:14:51 | INFO    | gateway    | ❄️ 冷却 0.7s
novelai-gateway  | 17:14:52 | INFO    | gateway    | 🔓 释放锁 (当前等待: 0)
novelai-gateway  | 17:14:52 | INFO    | stats      | 生成确认 | 类型: 小图 | 画幅: 832x1216 | 大小: 1.40MB | 今日累计: 小图=123, 大图=0
novelai-gateway  | 📊 生成确认 | 类型: 小图 | 画幅: 832x1216 | 大小: 1.40MB | 今日累计: 小图=123, 大图=0
novelai-gateway  | 17:14:54 | INFO    | gateway    | [generations] client body sampler='k_dpmpp_2m' noise_schedule='karras' | final NAI sampler='k_dpmpp_2m' noise_schedule='karras'
novelai-gateway  | 17:14:54 | INFO    | gateway    | ⏳ 排队中... (当前等待: 1)
novelai-gateway  | 17:14:54 | INFO    | gateway    | 🔒 获取锁，开始处理 (剩余等待: 0)
novelai-gateway  | 17:15:02 | INFO    | gateway    | ❄️ 冷却 0.7s
novelai-gateway  | 17:15:03 | INFO    | gateway    | 🔓 释放锁 (当前等待: 0)
novelai-gateway  | 17:15:03 | INFO    | stats      | 生成确认 | 类型: 小图 | 画幅: 832x1216 | 大小: 1.67MB | 今日累计: 小图=124, 大图=0
novelai-gateway  | 📊 生成确认 | 类型: 小图 | 画幅: 832x1216 | 大小: 1.67MB | 今日累计: 小图=124, 大图=0
novelai-gateway  | 17:15:05 | INFO    | gateway    | [generations] client body sampler='k_dpmpp_2m' noise_schedule='karras' | final NAI sampler='k_dpmpp_2m' noise_schedule='karras'
novelai-gateway  | 17:15:05 | INFO    | gateway    | ⏳ 排队中... (当前等待: 1)
novelai-gateway  | 17:15:05 | INFO    | gateway    | 🔒 获取锁，开始处理 (剩余等待: 0)
novelai-gateway  | 17:15:15 | INFO    | gateway    | ❄️ 冷却 1.0s
novelai-gateway  | 📊 生成确认 | 类型: 小图 | 画幅: 832x1216 | 大小: 1.52MB | 今日累计: 小图=125, 大图=0
novelai-gateway  | 17:15:16 | INFO    | gateway    | 🔓 释放锁 (当前等待: 0)
novelai-gateway  | 17:15:16 | INFO    | stats      | 生成确认 | 类型: 小图 | 画幅: 832x1216 | 大小: 1.52MB | 今日累计: 小图=125, 大图=0
novelai-gateway  | 17:15:18 | INFO    | gateway    | [generations] client body sampler='k_dpmpp_2m' noise_schedule='karras' | final NAI sampler='k_dpmpp_2m' noise_schedule='karras'
novelai-gateway  | 17:15:18 | INFO    | gateway    | ⏳ 排队中... (当前等待: 1)
novelai-gateway  | 17:15:18 | INFO    | gateway    | 🔒 获取锁，开始处理 (剩余等待: 0)
novelai-gateway  | 17:15:28 | INFO    | gateway    | ❄️ 冷却 0.6s
novelai-gateway  | 17:15:29 | INFO    | gateway    | 🔓 释放锁 (当前等待: 0)
novelai-gateway  | 📊 生成确认 | 类型: 小图 | 画幅: 832x1216 | 大小: 1.55MB | 今日累计: 小图=126, 大图=0
novelai-gateway  | 17:15:29 | INFO    | stats      | 生成确认 | 类型: 小图 | 画幅: 832x1216 | 大小: 1.55MB | 今日累计: 小图=126, 大图=0
novelai-gateway  | 17:15:31 | INFO    | gateway    | [generations] client body sampler='k_dpmpp_2m' noise_schedule='karras' | final NAI sampler='k_dpmpp_2m' noise_schedule='karras'
novelai-gateway  | 17:15:31 | INFO    | gateway    | ⏳ 排队中... (当前等待: 1)
novelai-gateway  | 17:15:31 | INFO    | gateway    | 🔒 获取锁，开始处理 (剩余等待: 0)
novelai-gateway  | 17:15:39 | INFO    | gateway    | ❄️ 冷却 0.8s
novelai-gateway  | 17:15:40 | INFO    | gateway    | 🔓 释放锁 (当前等待: 0)
novelai-gateway  | 📊 生成确认 | 类型: 小图 | 画幅: 832x1216 | 大小: 1.43MB | 今日累计: 小图=127, 大图=0
novelai-gateway  | 17:15:40 | INFO    | stats      | 生成确认 | 类型: 小图 | 画幅: 832x1216 | 大小: 1.43MB | 今日累计: 小图=127, 大图=0
novelai-gateway  | 17:15:42 | INFO    | gateway    | [generations] client body sampler='k_dpmpp_2m' noise_schedule='karras' | final NAI sampler='k_dpmpp_2m' noise_schedule='karras'
novelai-gateway  | 17:15:42 | INFO    | gateway    | ⏳ 排队中... (当前等待: 1)
novelai-gateway  | 17:15:42 | INFO    | gateway    | 🔒 获取锁，开始处理 (剩余等待: 0)
novelai-gateway  | 17:15:51 | INFO    | gateway    | ❄️ 冷却 0.9s
novelai-gateway  | 17:15:52 | INFO    | gateway    | 🔓 释放锁 (当前等待: 0)
novelai-gateway  | 17:15:52 | INFO    | stats      | 生成确认 | 类型: 小图 | 画幅: 832x1216 | 大小: 1.59MB | 今日累计: 小图=128, 大图=0
novelai-gateway  | 📊 生成确认 | 类型: 小图 | 画幅: 832x1216 | 大小: 1.59MB | 今日累计: 小图=128, 大图=0
novelai-gateway  | 17:15:54 | INFO    | gateway    | [generations] client body sampler='k_dpmpp_2m' noise_schedule='karras' | final NAI sampler='k_dpmpp_2m' noise_schedule='karras'
novelai-gateway  | 17:15:54 | INFO    | gateway    | ⏳ 排队中... (当前等待: 1)
novelai-gateway  | 17:15:54 | INFO    | gateway    | 🔒 获取锁，开始处理 (剩余等待: 0)
novelai-gateway  | 17:16:04 | INFO    | gateway    | ❄️ 冷却 0.7s
novelai-gateway  | 17:16:04 | INFO    | gateway    | 🔓 释放锁 (当前等待: 0)
novelai-gateway  | 📊 生成确认 | 类型: 小图 | 画幅: 832x1216 | 大小: 1.56MB | 今日累计: 小图=129, 大图=0
novelai-gateway  | 17:16:04 | INFO    | stats      | 生成确认 | 类型: 小图 | 画幅: 832x1216 | 大小: 1.56MB | 今日累计: 小图=129, 大图=0
novelai-gateway  | 17:16:07 | INFO    | gateway    | [generations] client body sampler='k_dpmpp_2m' noise_schedule='karras' | final NAI sampler='k_dpmpp_2m' noise_schedule='karras'
novelai-gateway  | 17:16:07 | INFO    | gateway    | ⏳ 排队中... (当前等待: 1)
novelai-gateway  | 17:16:07 | INFO    | gateway    | 🔒 获取锁，开始处理 (剩余等待: 0)
novelai-gateway  | 17:16:16 | INFO    | gateway    | ❄️ 冷却 0.8s
novelai-gateway  | 17:16:17 | INFO    | gateway    | 🔓 释放锁 (当前等待: 0)
novelai-gateway  | 📊 生成确认 | 类型: 小图 | 画幅: 832x1216 | 大小: 1.67MB | 今日累计: 小图=130, 大图=0
novelai-gateway  | 17:16:17 | INFO    | stats      | 生成确认 | 类型: 小图 | 画幅: 832x1216 | 大小: 1.67MB | 今日累计: 小图=130, 大图=0
novelai-gateway  | 17:16:19 | INFO    | gateway    | [generations] client body sampler='k_dpmpp_2m' noise_schedule='karras' | final NAI sampler='k_dpmpp_2m' noise_schedule='karras'
novelai-gateway  | 17:16:19 | INFO    | gateway    | ⏳ 排队中... (当前等待: 1)
novelai-gateway  | 17:16:19 | INFO    | gateway    | 🔒 获取锁，开始处理 (剩余等待: 0)
novelai-gateway  | 17:16:29 | INFO    | gateway    | ❄️ 冷却 0.6s
novelai-gateway  | 17:16:30 | INFO    | gateway    | 🔓 释放锁 (当前等待: 0)
novelai-gateway  | 17:16:30 | INFO    | stats      | 生成确认 | 类型: 小图 | 画幅: 832x1216 | 大小: 1.38MB | 今日累计: 小图=131, 大图=0
novelai-gateway  | 📊 生成确认 | 类型: 小图 | 画幅: 832x1216 | 大小: 1.38MB | 今日累计: 小图=131, 大图=0
novelai-gateway  | 17:16:32 | INFO    | gateway    | [generations] client body sampler='k_dpmpp_2m' noise_schedule='karras' | final NAI sampler='k_dpmpp_2m' noise_schedule='karras'
novelai-gateway  | 17:16:32 | INFO    | gateway    | ⏳ 排队中... (当前等待: 1)
novelai-gateway  | 17:16:32 | INFO    | gateway    | 🔒 获取锁，开始处理 (剩余等待: 0)
novelai-gateway  | 17:16:41 | INFO    | gateway    | ❄️ 冷却 0.7s
novelai-gateway  | 17:16:42 | INFO    | gateway    | 🔓 释放锁 (当前等待: 0)
novelai-gateway  | 17:16:42 | INFO    | stats      | 生成确认 | 类型: 小图 | 画幅: 832x1216 | 大小: 1.53MB | 今日累计: 小图=132, 大图=0
novelai-gateway  | 📊 生成确认 | 类型: 小图 | 画幅: 832x1216 | 大小: 1.53MB | 今日累计: 小图=132, 大图=0
novelai-gateway  | 17:16:44 | INFO    | gateway    | [generations] client body sampler='k_dpmpp_2m' noise_schedule='karras' | final NAI sampler='k_dpmpp_2m' noise_schedule='karras'
novelai-gateway  | 17:16:44 | INFO    | gateway    | ⏳ 排队中... (当前等待: 1)
novelai-gateway  | 17:16:44 | INFO    | gateway    | 🔒 获取锁，开始处理 (剩余等待: 0)
novelai-gateway  | 17:16:54 | INFO    | gateway    | ❄️ 冷却 0.6s
novelai-gateway  | 17:16:54 | INFO    | gateway    | 🔓 释放锁 (当前等待: 0)
novelai-gateway  | 📊 生成确认 | 类型: 小图 | 画幅: 832x1216 | 大小: 1.38MB | 今日累计: 小图=133, 大图=0
novelai-gateway  | 17:16:54 | INFO    | stats      | 生成确认 | 类型: 小图 | 画幅: 832x1216 | 大小: 1.38MB | 今日累计: 小图=133, 大图=0
novelai-gateway  | 17:16:56 | INFO    | gateway    | [generations] client body sampler='k_dpmpp_2m' noise_schedule='karras' | final NAI sampler='k_dpmpp_2m' noise_schedule='karras'
novelai-gateway  | 17:16:56 | INFO    | gateway    | ⏳ 排队中... (当前等待: 1)
novelai-gateway  | 17:16:56 | INFO    | gateway    | 🔒 获取锁，开始处理 (剩余等待: 0)
novelai-gateway  | 17:17:05 | INFO    | gateway    | ❄️ 冷却 0.6s
novelai-gateway  | 17:17:06 | INFO    | gateway    | 🔓 释放锁 (当前等待: 0)
novelai-gateway  | 📊 生成确认 | 类型: 小图 | 画幅: 832x1216 | 大小: 1.60MB | 今日累计: 小图=134, 大图=0
novelai-gateway  | 17:17:06 | INFO    | stats      | 生成确认 | 类型: 小图 | 画幅: 832x1216 | 大小: 1.60MB | 今日累计: 小图=134, 大图=0
novelai-gateway  | 17:17:08 | INFO    | gateway    | [generations] client body sampler='k_dpmpp_2m' noise_schedule='karras' | final NAI sampler='k_dpmpp_2m' noise_schedule='karras'
novelai-gateway  | 17:17:08 | INFO    | gateway    | ⏳ 排队中... (当前等待: 1)
novelai-gateway  | 17:17:08 | INFO    | gateway    | 🔒 获取锁，开始处理 (剩余等待: 0)
novelai-gateway  | 17:17:17 | INFO    | gateway    | ❄️ 冷却 1.0s
novelai-gateway  | 17:17:18 | INFO    | gateway    | 🔓 释放锁 (当前等待: 0)
novelai-gateway  | 📊 生成确认 | 类型: 小图 | 画幅: 832x1216 | 大小: 1.65MB | 今日累计: 小图=135, 大图=0
novelai-gateway  | 17:17:18 | INFO    | stats      | 生成确认 | 类型: 小图 | 画幅: 832x1216 | 大小: 1.65MB | 今日累计: 小图=135, 大图=0
novelai-gateway  | 17:17:21 | INFO    | gateway    | [generations] client body sampler='k_dpmpp_2m' noise_schedule='karras' | final NAI sampler='k_dpmpp_2m' noise_schedule='karras'
novelai-gateway  | 17:17:21 | INFO    | gateway    | ⏳ 排队中... (当前等待: 1)
novelai-gateway  | 17:17:21 | INFO    | gateway    | 🔒 获取锁，开始处理 (剩余等待: 0)
novelai-gateway  | 17:17:29 | INFO    | gateway    | ❄️ 冷却 0.9s
novelai-gateway  | 17:17:30 | INFO    | gateway    | 🔓 释放锁 (当前等待: 0)
novelai-gateway  | 17:17:30 | INFO    | stats      | 生成确认 | 类型: 小图 | 画幅: 832x1216 | 大小: 1.64MB | 今日累计: 小图=136, 大图=0
novelai-gateway  | 📊 生成确认 | 类型: 小图 | 画幅: 832x1216 | 大小: 1.64MB | 今日累计: 小图=136, 大图=0
novelai-gateway  | 17:17:33 | INFO    | gateway    | [generations] client body sampler='k_dpmpp_2m' noise_schedule='karras' | final NAI sampler='k_dpmpp_2m' noise_schedule='karras'
novelai-gateway  | 17:17:33 | INFO    | gateway    | ⏳ 排队中... (当前等待: 1)
novelai-gateway  | 17:17:33 | INFO    | gateway    | 🔒 获取锁，开始处理 (剩余等待: 0)
novelai-gateway  | 17:17:42 | INFO    | gateway    | ❄️ 冷却 0.8s
novelai-gateway  | 17:17:43 | INFO    | gateway    | 🔓 释放锁 (当前等待: 0)
novelai-gateway  | 17:17:43 | INFO    | stats      | 生成确认 | 类型: 小图 | 画幅: 832x1216 | 大小: 1.48MB | 今日累计: 小图=137, 大图=0
novelai-gateway  | 📊 生成确认 | 类型: 小图 | 画幅: 832x1216 | 大小: 1.48MB | 今日累计: 小图=137, 大图=0
novelai-gateway  | 17:17:46 | INFO    | gateway    | [generations] client body sampler='k_dpmpp_2m' noise_schedule='karras' | final NAI sampler='k_dpmpp_2m' noise_schedule='karras'
novelai-gateway  | 17:17:46 | INFO    | gateway    | ⏳ 排队中... (当前等待: 1)
novelai-gateway  | 17:17:46 | INFO    | gateway    | 🔒 获取锁，开始处理 (剩余等待: 0)
novelai-gateway  | 17:17:54 | INFO    | gateway    | ❄️ 冷却 0.9s
novelai-gateway  | 17:17:55 | INFO    | gateway    | 🔓 释放锁 (当前等待: 0)
novelai-gateway  | 📊 生成确认 | 类型: 小图 | 画幅: 832x1216 | 大小: 1.53MB | 今日累计: 小图=138, 大图=0
novelai-gateway  | 17:17:55 | INFO    | stats      | 生成确认 | 类型: 小图 | 画幅: 832x1216 | 大小: 1.53MB | 今日累计: 小图=138, 大图=0
novelai-gateway  | 17:17:58 | INFO    | gateway    | [generations] client body sampler='k_dpmpp_2m' noise_schedule='karras' | final NAI sampler='k_dpmpp_2m' noise_schedule='karras'
novelai-gateway  | 17:17:58 | INFO    | gateway    | ⏳ 排队中... (当前等待: 1)
novelai-gateway  | 17:17:58 | INFO    | gateway    | 🔒 获取锁，开始处理 (剩余等待: 0)
novelai-gateway  | 17:18:07 | INFO    | gateway    | ❄️ 冷却 0.7s
novelai-gateway  | 17:18:07 | INFO    | gateway    | 🔓 释放锁 (当前等待: 0)
novelai-gateway  | 📊 生成确认 | 类型: 小图 | 画幅: 832x1216 | 大小: 1.58MB | 今日累计: 小图=139, 大图=0
novelai-gateway  | 17:18:07 | INFO    | stats      | 生成确认 | 类型: 小图 | 画幅: 832x1216 | 大小: 1.58MB | 今日累计: 小图=139, 大图=0
novelai-gateway  | 17:18:10 | INFO    | gateway    | [generations] client body sampler='k_dpmpp_2m' noise_schedule='karras' | final NAI sampler='k_dpmpp_2m' noise_schedule='karras'
novelai-gateway  | 17:18:10 | INFO    | gateway    | ⏳ 排队中... (当前等待: 1)
novelai-gateway  | 17:18:10 | INFO    | gateway    | 🔒 获取锁，开始处理 (剩余等待: 0)
novelai-gateway  | 17:18:18 | INFO    | gateway    | ❄️ 冷却 1.0s
novelai-gateway  | 17:18:19 | INFO    | gateway    | 🔓 释放锁 (当前等待: 0)
novelai-gateway  | 📊 生成确认 | 类型: 小图 | 画幅: 832x1216 | 大小: 1.65MB | 今日累计: 小图=140, 大图=0
novelai-gateway  | 17:18:19 | INFO    | stats      | 生成确认 | 类型: 小图 | 画幅: 832x1216 | 大小: 1.65MB | 今日累计: 小图=140, 大图=0
novelai-gateway  | 17:18:22 | INFO    | gateway    | [generations] client body sampler='k_dpmpp_2m' noise_schedule='karras' | final NAI sampler='k_dpmpp_2m' noise_schedule='karras'
novelai-gateway  | 17:18:22 | INFO    | gateway    | ⏳ 排队中... (当前等待: 1)
novelai-gateway  | 17:18:22 | INFO    | gateway    | 🔒 获取锁，开始处理 (剩余等待: 0)
novelai-gateway  | 17:18:31 | INFO    | gateway    | ❄️ 冷却 0.6s
novelai-gateway  | 17:18:32 | INFO    | gateway    | 🔓 释放锁 (当前等待: 0)
novelai-gateway  | 📊 生成确认 | 类型: 小图 | 画幅: 832x1216 | 大小: 1.60MB | 今日累计: 小图=141, 大图=0
novelai-gateway  | 17:18:32 | INFO    | stats      | 生成确认 | 类型: 小图 | 画幅: 832x1216 | 大小: 1.60MB | 今日累计: 小图=141, 大图=0
novelai-gateway  | 17:18:34 | INFO    | gateway    | [generations] client body sampler='k_dpmpp_2m' noise_schedule='karras' | final NAI sampler='k_dpmpp_2m' noise_schedule='karras'
novelai-gateway  | 17:18:34 | INFO    | gateway    | ⏳ 排队中... (当前等待: 1)
novelai-gateway  | 17:18:34 | INFO    | gateway    | 🔒 获取锁，开始处理 (剩余等待: 0)
novelai-gateway  | 17:18:42 | INFO    | gateway    | ❄️ 冷却 0.7s
novelai-gateway  | 17:18:43 | INFO    | gateway    | 🔓 释放锁 (当前等待: 0)
novelai-gateway  | 17:18:43 | INFO    | stats      | 生成确认 | 类型: 小图 | 画幅: 832x1216 | 大小: 1.62MB | 今日累计: 小图=142, 大图=0
novelai-gateway  | 📊 生成确认 | 类型: 小图 | 画幅: 832x1216 | 大小: 1.62MB | 今日累计: 小图=142, 大图=0
novelai-gateway  | 17:33:15 | INFO    | gateway    | [generations] client body sampler='k_dpmpp_2m' noise_schedule='native' | final NAI sampler='k_dpmpp_2m' noise_schedule='native'
novelai-gateway  | 17:33:15 | INFO    | gateway    | ⏳ 排队中... (当前等待: 1)
novelai-gateway  | 17:33:15 | INFO    | gateway    | 🔒 获取锁，开始处理 (剩余等待: 0)
novelai-gateway  | 17:33:26 | INFO    | gateway    | ❄️ 冷却 0.7s
novelai-gateway  | 17:33:26 | INFO    | gateway    | 🔓 释放锁 (当前等待: 0)
novelai-gateway  | 17:33:26 | INFO    | stats      | 生成确认 | 类型: 小图 | 画幅: 1216x832 | 大小: 1.57MB | 今日累计: 小图=143, 大图=0
novelai-gateway  | 📊 生成确认 | 类型: 小图 | 画幅: 1216x832 | 大小: 1.57MB | 今日累计: 小图=143, 大图=0
novelai-gateway  | 17:33:29 | INFO    | gateway    | [generations] client body sampler='k_dpmpp_2m' noise_schedule='native' | final NAI sampler='k_dpmpp_2m' noise_schedule='native'
novelai-gateway  | 17:33:29 | INFO    | gateway    | ⏳ 排队中... (当前等待: 1)
novelai-gateway  | 17:33:29 | INFO    | gateway    | 🔒 获取锁，开始处理 (剩余等待: 0)
novelai-gateway  | 17:33:39 | INFO    | gateway    | ❄️ 冷却 0.5s
novelai-gateway  | 17:33:40 | INFO    | gateway    | 🔓 释放锁 (当前等待: 0)
novelai-gateway  | 17:33:40 | INFO    | stats      | 生成确认 | 类型: 小图 | 画幅: 1216x832 | 大小: 1.52MB | 今日累计: 小图=144, 大图=0
novelai-gateway  | 📊 生成确认 | 类型: 小图 | 画幅: 1216x832 | 大小: 1.52MB | 今日累计: 小图=144, 大图=0
novelai-gateway  | 17:33:42 | INFO    | gateway    | [generations] client body sampler='k_dpmpp_2m' noise_schedule='native' | final NAI sampler='k_dpmpp_2m' noise_schedule='native'
novelai-gateway  | 17:33:42 | INFO    | gateway    | ⏳ 排队中... (当前等待: 1)
novelai-gateway  | 17:33:42 | INFO    | gateway    | 🔒 获取锁，开始处理 (剩余等待: 0)
novelai-gateway  | 17:33:52 | INFO    | gateway    | ❄️ 冷却 0.6s
novelai-gateway  | 📊 生成确认 | 类型: 小图 | 画幅: 1216x832 | 大小: 1.59MB | 今日累计: 小图=145, 大图=0
novelai-gateway  | 17:33:52 | INFO    | gateway    | 🔓 释放锁 (当前等待: 0)
novelai-gateway  | 17:33:52 | INFO    | stats      | 生成确认 | 类型: 小图 | 画幅: 1216x832 | 大小: 1.59MB | 今日累计: 小图=145, 大图=0
novelai-gateway  | 18:44:32 | INFO    | gateway    | ⏳ 排队中... (当前等待: 1)
novelai-gateway  | 18:44:32 | INFO    | gateway    | 🔒 获取锁，开始处理 (剩余等待: 0)
novelai-gateway  | 18:44:40 | INFO    | gateway    | ❄️ 冷却 0.6s
novelai-gateway  | 18:44:41 | INFO    | gateway    | 🔓 释放锁 (当前等待: 0)
novelai-gateway  | 18:44:41 | INFO    | stats      | 生成确认 | 类型: 大图 | 画幅: 1024x1536 | 大小: 3.27MB | 今日累计: 小图=145, 大图=1
novelai-gateway  | 📊 生成确认 | 类型: 大图 | 画幅: 1024x1536 | 大小: 3.27MB | 今日累计: 小图=145, 大图=1
novelai-gateway  | 18:46:57 | INFO    | gateway    | ⏳ 排队中... (当前等待: 1)
novelai-gateway  | 18:46:57 | INFO    | gateway    | 🔒 获取锁，开始处理 (剩余等待: 0)
novelai-gateway  | 18:47:04 | INFO    | gateway    | ❄️ 冷却 0.5s
novelai-gateway  | 18:47:05 | INFO    | gateway    | 🔓 释放锁 (当前等待: 0)
novelai-gateway  | 18:47:05 | INFO    | stats      | 生成确认 | 类型: 大图 | 画幅: 1024x1536 | 大小: 3.27MB | 今日累计: 小图=145, 大图=2
novelai-gateway  | 📊 生成确认 | 类型: 大图 | 画幅: 1024x1536 | 大小: 3.27MB | 今日累计: 小图=145, 大图=2
novelai-gateway  | 18:47:39 | INFO    | gateway    | [generations] client body sampler='k_dpmpp_2m' noise_schedule='native' | final NAI sampler='k_dpmpp_2m' noise_schedule='native'
novelai-gateway  | 18:47:39 | INFO    | gateway    | ⏳ 排队中... (当前等待: 1)
novelai-gateway  | 18:47:39 | INFO    | gateway    | 🔒 获取锁，开始处理 (剩余等待: 0)
novelai-gateway  | 18:47:50 | INFO    | gateway    | ❄️ 冷却 0.6s
novelai-gateway  | 18:47:50 | INFO    | gateway    | 🔓 释放锁 (当前等待: 0)
novelai-gateway  | 18:47:50 | INFO    | stats      | 生成确认 | 类型: 大图 | 画幅: 1024x1536 | 大小: 3.38MB | 今日累计: 小图=145, 大图=3
novelai-gateway  | 📊 生成确认 | 类型: 大图 | 画幅: 1024x1536 | 大小: 3.38MB | 今日累计: 小图=145, 大图=3
novelai-gateway  | 19:13:34 | INFO    | gateway    | [generations] client body sampler='k_euler' noise_schedule='native' | final NAI sampler='k_euler' noise_schedule='native'
novelai-gateway  | 19:13:34 | INFO    | gateway    | ⏳ 排队中... (当前等待: 1)
novelai-gateway  | 19:13:34 | INFO    | gateway    | 🔒 获取锁，开始处理 (剩余等待: 0)
novelai-gateway  | 19:13:46 | INFO    | gateway    | ❄️ 冷却 0.6s
novelai-gateway  | 19:13:46 | INFO    | gateway    | 🔓 释放锁 (当前等待: 0)
novelai-gateway  | 📊 生成确认 | 类型: 大图 | 画幅: 1024x1536 | 大小: 3.40MB | 今日累计: 小图=145, 大图=4
novelai-gateway  | 19:13:46 | INFO    | stats      | 生成确认 | 类型: 大图 | 画幅: 1024x1536 | 大小: 3.40MB | 今日累计: 小图=145, 大图=4
novelai-gateway  | 19:15:00 | INFO    | gateway    | [generations] client body sampler='k_euler' noise_schedule='native' | final NAI sampler='k_euler' noise_schedule='native'
novelai-gateway  | 19:15:00 | INFO    | gateway    | ⏳ 排队中... (当前等待: 1)
novelai-gateway  | 19:15:00 | INFO    | gateway    | 🔒 获取锁，开始处理 (剩余等待: 0)
novelai-gateway  | 19:15:09 | INFO    | gateway    | ❄️ 冷却 0.8s
novelai-gateway  | 19:15:10 | INFO    | gateway    | 🔓 释放锁 (当前等待: 0)
novelai-gateway  | 19:15:10 | INFO    | stats      | 生成确认 | 类型: 大图 | 画幅: 1024x1536 | 大小: 3.33MB | 今日累计: 小图=145, 大图=5
novelai-gateway  | 📊 生成确认 | 类型: 大图 | 画幅: 1024x1536 | 大小: 3.33MB | 今日累计: 小图=145, 大图=5
novelai-gateway  | 19:16:19 | INFO    | gateway    | [generations] client body sampler='k_euler' noise_schedule='native' | final NAI sampler='k_euler' noise_schedule='native'
novelai-gateway  | 19:16:19 | INFO    | gateway    | ⏳ 排队中... (当前等待: 1)
novelai-gateway  | 19:16:19 | INFO    | gateway    | 🔒 获取锁，开始处理 (剩余等待: 0)
novelai-gateway  | 19:16:28 | INFO    | gateway    | ❄️ 冷却 0.6s
novelai-gateway  | 19:16:29 | INFO    | gateway    | 🔓 释放锁 (当前等待: 0)
novelai-gateway  | 📊 生成确认 | 类型: 大图 | 画幅: 1024x1536 | 大小: 3.36MB | 今日累计: 小图=145, 大图=6
novelai-gateway  | 19:16:29 | INFO    | stats      | 生成确认 | 类型: 大图 | 画幅: 1024x1536 | 大小: 3.36MB | 今日累计: 小图=145, 大图=6
novelai-gateway  | 19:16:50 | INFO    | gateway    | [generations] client body sampler='k_dpmpp_2m' noise_schedule='native' | final NAI sampler='k_dpmpp_2m' noise_schedule='native'
novelai-gateway  | 19:16:50 | INFO    | gateway    | ⏳ 排队中... (当前等待: 1)
novelai-gateway  | 19:16:50 | INFO    | gateway    | 🔒 获取锁，开始处理 (剩余等待: 0)
novelai-gateway  | 19:17:02 | INFO    | gateway    | ❄️ 冷却 0.8s
novelai-gateway  | 📊 生成确认 | 类型: 大图 | 画幅: 1024x1536 | 大小: 3.72MB | 今日累计: 小图=145, 大图=7
novelai-gateway  | 19:17:03 | INFO    | gateway    | 🔓 释放锁 (当前等待: 0)
novelai-gateway  | 19:17:03 | INFO    | stats      | 生成确认 | 类型: 大图 | 画幅: 1024x1536 | 大小: 3.72MB | 今日累计: 小图=145, 大图=7
novelai-gateway  | 19:17:23 | INFO    | gateway    | [generations] client body sampler='k_dpmpp_2m' noise_schedule='native' | final NAI sampler='k_dpmpp_2m' noise_schedule='native'
novelai-gateway  | 19:17:23 | INFO    | gateway    | ⏳ 排队中... (当前等待: 1)
novelai-gateway  | 19:17:23 | INFO    | gateway    | 🔒 获取锁，开始处理 (剩余等待: 0)
novelai-gateway  | 19:17:36 | INFO    | gateway    | ❄️ 冷却 0.7s
novelai-gateway  | 19:17:37 | INFO    | gateway    | 🔓 释放锁 (当前等待: 0)
novelai-gateway  | 19:17:37 | INFO    | stats      | 生成确认 | 类型: 大图 | 画幅: 1024x1536 | 大小: 3.77MB | 今日累计: 小图=145, 大图=8
novelai-gateway  | 📊 生成确认 | 类型: 大图 | 画幅: 1024x1536 | 大小: 3.77MB | 今日累计: 小图=145, 大图=8
novelai-gateway  | 19:36:41 | INFO    | gateway    | [generations] client body sampler='k_dpmpp_2s_ancestral' noise_schedule='native' | final NAI sampler='k_dpmpp_2s_ancestral' noise_schedule='native'
novelai-gateway  | 19:36:41 | INFO    | gateway    | ⏳ 排队中... (当前等待: 1)
novelai-gateway  | 19:36:41 | INFO    | gateway    | 🔒 获取锁，开始处理 (剩余等待: 0)
novelai-gateway  | 19:36:52 | INFO    | gateway    | ❄️ 冷却 1.0s
novelai-gateway  | 19:36:53 | INFO    | gateway    | 🔓 释放锁 (当前等待: 0)
novelai-gateway  | 19:36:53 | INFO    | stats      | 生成确认 | 类型: 大图 | 画幅: 1024x1536 | 大小: 4.11MB | 今日累计: 小图=145, 大图=9
novelai-gateway  | 📊 生成确认 | 类型: 大图 | 画幅: 1024x1536 | 大小: 4.11MB | 今日累计: 小图=145, 大图=9
novelai-gateway  | 19:37:15 | INFO    | gateway    | [generations] client body sampler='k_euler' noise_schedule='native' | final NAI sampler='k_euler' noise_schedule='native'
novelai-gateway  | 19:37:15 | INFO    | gateway    | ⏳ 排队中... (当前等待: 1)
novelai-gateway  | 19:37:15 | INFO    | gateway    | 🔒 获取锁，开始处理 (剩余等待: 0)
novelai-gateway  | 19:37:26 | INFO    | gateway    | ❄️ 冷却 0.9s
novelai-gateway  | 📊 生成确认 | 类型: 大图 | 画幅: 1024x1536 | 大小: 3.48MB | 今日累计: 小图=145, 大图=10
novelai-gateway  | 19:37:27 | INFO    | gateway    | 🔓 释放锁 (当前等待: 0)
novelai-gateway  | 19:37:27 | INFO    | stats      | 生成确认 | 类型: 大图 | 画幅: 1024x1536 | 大小: 3.48MB | 今日累计: 小图=145, 大图=10
novelai-gateway  | 19:40:02 | INFO    | gateway    | [generations] client body sampler='k_dpmpp_2m' noise_schedule='native' | final NAI sampler='k_dpmpp_2m' noise_schedule='native'
novelai-gateway  | 19:40:02 | INFO    | gateway    | ⏳ 排队中... (当前等待: 1)
novelai-gateway  | 19:40:02 | INFO    | gateway    | 🔒 获取锁，开始处理 (剩余等待: 0)
novelai-gateway  | 19:40:10 | INFO    | gateway    | ❄️ 冷却 0.8s
novelai-gateway  | 19:40:10 | INFO    | gateway    | 🔓 释放锁 (当前等待: 0)
novelai-gateway  | 📊 生成确认 | 类型: 小图 | 画幅: 832x1216 | 大小: 2.17MB | 今日累计: 小图=146, 大图=10
novelai-gateway  | 19:40:10 | INFO    | stats      | 生成确认 | 类型: 小图 | 画幅: 832x1216 | 大小: 2.17MB | 今日累计: 小图=146, 大图=10
novelai-gateway  | 19:40:26 | INFO    | gateway    | [generations] client body sampler='k_dpmpp_2m' noise_schedule='native' | final NAI sampler='k_dpmpp_2m' noise_schedule='native'
novelai-gateway  | 19:40:26 | INFO    | gateway    | ⏳ 排队中... (当前等待: 1)
novelai-gateway  | 19:40:26 | INFO    | gateway    | 🔒 获取锁，开始处理 (剩余等待: 0)
novelai-gateway  | 19:40:32 | INFO    | gateway    | ❄️ 冷却 0.8s
novelai-gateway  | 19:40:33 | INFO    | gateway    | 🔓 释放锁 (当前等待: 0)
novelai-gateway  | 19:40:33 | INFO    | stats      | 生成确认 | 类型: 小图 | 画幅: 832x1216 | 大小: 2.36MB | 今日累计: 小图=147, 大图=10
novelai-gateway  | 📊 生成确认 | 类型: 小图 | 画幅: 832x1216 | 大小: 2.36MB | 今日累计: 小图=147, 大图=10
novelai-gateway  | 19:40:48 | INFO    | gateway    | [generations] client body sampler='k_euler' noise_schedule='native' | final NAI sampler='k_euler' noise_schedule='native'
novelai-gateway  | 19:40:48 | INFO    | gateway    | ⏳ 排队中... (当前等待: 1)
novelai-gateway  | 19:40:48 | INFO    | gateway    | 🔒 获取锁，开始处理 (剩余等待: 0)
novelai-gateway  | 19:40:58 | INFO    | gateway    | ❄️ 冷却 0.6s
novelai-gateway  | 19:40:59 | INFO    | gateway    | 🔓 释放锁 (当前等待: 0)
novelai-gateway  | 19:40:59 | INFO    | stats      | 生成确认 | 类型: 小图 | 画幅: 832x1216 | 大小: 2.18MB | 今日累计: 小图=148, 大图=10
novelai-gateway  | 📊 生成确认 | 类型: 小图 | 画幅: 832x1216 | 大小: 2.18MB | 今日累计: 小图=148, 大图=10
novelai-gateway  | 19:41:46 | INFO    | gateway    | [generations] client body sampler='k_euler' noise_schedule='native' | final NAI sampler='k_euler' noise_schedule='native'
novelai-gateway  | 19:41:46 | INFO    | gateway    | ⏳ 排队中... (当前等待: 1)
novelai-gateway  | 19:41:46 | INFO    | gateway    | 🔒 获取锁，开始处理 (剩余等待: 0)
novelai-gateway  | 19:41:51 | INFO    | gateway    | ❄️ 冷却 0.8s
novelai-gateway  | 19:41:52 | INFO    | gateway    | 🔓 释放锁 (当前等待: 0)
novelai-gateway  | 19:41:52 | INFO    | stats      | 生成确认 | 类型: 小图 | 画幅: 832x1216 | 大小: 2.16MB | 今日累计: 小图=149, 大图=10
novelai-gateway  | 📊 生成确认 | 类型: 小图 | 画幅: 832x1216 | 大小: 2.16MB | 今日累计: 小图=149, 大图=10
novelai-gateway  | 19:42:55 | INFO    | gateway    | [generations] client body sampler='k_euler' noise_schedule='native' | final NAI sampler='k_euler' noise_schedule='native'
novelai-gateway  | 19:42:55 | INFO    | gateway    | ⏳ 排队中... (当前等待: 1)
novelai-gateway  | 19:42:55 | INFO    | gateway    | 🔒 获取锁，开始处理 (剩余等待: 0)
novelai-gateway  | 19:43:02 | INFO    | gateway    | ❄️ 冷却 0.9s
novelai-gateway  | 19:43:03 | INFO    | gateway    | 🔓 释放锁 (当前等待: 0)
novelai-gateway  | 📊 生成确认 | 类型: 小图 | 画幅: 832x1216 | 大小: 2.31MB | 今日累计: 小图=150, 大图=10
novelai-gateway  | 19:43:03 | INFO    | stats      | 生成确认 | 类型: 小图 | 画幅: 832x1216 | 大小: 2.31MB | 今日累计: 小图=150, 大图=10
novelai-gateway  | 19:43:23 | INFO    | gateway    | [generations] client body sampler='k_dpmpp_2m' noise_schedule='native' | final NAI sampler='k_dpmpp_2m' noise_schedule='native'
novelai-gateway  | 19:43:23 | INFO    | gateway    | ⏳ 排队中... (当前等待: 1)
novelai-gateway  | 19:43:23 | INFO    | gateway    | 🔒 获取锁，开始处理 (剩余等待: 0)
novelai-gateway  | 19:43:30 | INFO    | gateway    | ❄️ 冷却 0.9s
novelai-gateway  | 19:43:31 | INFO    | gateway    | 🔓 释放锁 (当前等待: 0)
novelai-gateway  | 19:43:31 | INFO    | stats      | 生成确认 | 类型: 小图 | 画幅: 832x1216 | 大小: 2.29MB | 今日累计: 小图=151, 大图=10
novelai-gateway  | 📊 生成确认 | 类型: 小图 | 画幅: 832x1216 | 大小: 2.29MB | 今日累计: 小图=151, 大图=10
novelai-gateway  | 19:44:49 | INFO    | gateway    | [generations] client body sampler='k_euler' noise_schedule='native' | final NAI sampler='k_euler' noise_schedule='native'
novelai-gateway  | 19:44:49 | INFO    | gateway    | ⏳ 排队中... (当前等待: 1)
novelai-gateway  | 19:44:49 | INFO    | gateway    | 🔒 获取锁，开始处理 (剩余等待: 0)
novelai-gateway  | 19:45:01 | INFO    | gateway    | ❄️ 冷却 0.7s
novelai-gateway  | 19:45:02 | INFO    | gateway    | 🔓 释放锁 (当前等待: 0)
novelai-gateway  | 📊 生成确认 | 类型: 大图 | 画幅: 1024x1536 | 大小: 3.26MB | 今日累计: 小图=151, 大图=11
novelai-gateway  | 19:45:02 | INFO    | stats      | 生成确认 | 类型: 大图 | 画幅: 1024x1536 | 大小: 3.26MB | 今日累计: 小图=151, 大图=11
novelai-gateway  | 19:45:24 | INFO    | gateway    | [generations] client body sampler='k_dpmpp_2m' noise_schedule='native' | final NAI sampler='k_dpmpp_2m' noise_schedule='native'
novelai-gateway  | 19:45:24 | INFO    | gateway    | ⏳ 排队中... (当前等待: 1)
novelai-gateway  | 19:45:24 | INFO    | gateway    | 🔒 获取锁，开始处理 (剩余等待: 0)
novelai-gateway  | 19:45:35 | INFO    | gateway    | ❄️ 冷却 0.8s
novelai-gateway  | 19:45:35 | INFO    | gateway    | 🔓 释放锁 (当前等待: 0)
novelai-gateway  | 19:45:35 | INFO    | stats      | 生成确认 | 类型: 大图 | 画幅: 1024x1536 | 大小: 3.27MB | 今日累计: 小图=151, 大图=12
novelai-gateway  | 📊 生成确认 | 类型: 大图 | 画幅: 1024x1536 | 大小: 3.27MB | 今日累计: 小图=151, 大图=12
novelai-gateway  | 19:46:41 | INFO    | gateway    | [generations] client body sampler='k_dpmpp_2m' noise_schedule='native' | final NAI sampler='k_dpmpp_2m' noise_schedule='native'
novelai-gateway  | 19:46:41 | INFO    | gateway    | ⏳ 排队中... (当前等待: 1)
novelai-gateway  | 19:46:41 | INFO    | gateway    | 🔒 获取锁，开始处理 (剩余等待: 0)
novelai-gateway  | 19:46:49 | INFO    | gateway    | ❄️ 冷却 0.8s
novelai-gateway  | 19:46:50 | INFO    | gateway    | 🔓 释放锁 (当前等待: 0)
novelai-gateway  | 19:46:50 | INFO    | stats      | 生成确认 | 类型: 大图 | 画幅: 1024x1536 | 大小: 3.61MB | 今日累计: 小图=151, 大图=13
novelai-gateway  | 📊 生成确认 | 类型: 大图 | 画幅: 1024x1536 | 大小: 3.61MB | 今日累计: 小图=151, 大图=13
novelai-gateway  | 19:55:35 | INFO    | gateway    | [generations] client body sampler='k_dpmpp_2m' noise_schedule='native' | final NAI sampler='k_dpmpp_2m' noise_schedule='native'
novelai-gateway  | 19:55:35 | INFO    | gateway    | ⏳ 排队中... (当前等待: 1)
novelai-gateway  | 19:55:35 | INFO    | gateway    | 🔒 获取锁，开始处理 (剩余等待: 0)
novelai-gateway  | 19:55:44 | INFO    | gateway    | ❄️ 冷却 0.7s
novelai-gateway  | 19:55:45 | INFO    | gateway    | 🔓 释放锁 (当前等待: 0)
novelai-gateway  | 📊 生成确认 | 类型: 小图 | 画幅: 832x1216 | 大小: 2.33MB | 今日累计: 小图=152, 大图=13
novelai-gateway  | 19:55:45 | INFO    | stats      | 生成确认 | 类型: 小图 | 画幅: 832x1216 | 大小: 2.33MB | 今日累计: 小图=152, 大图=13
novelai-gateway  | 19:56:14 | INFO    | gateway    | [generations] client body sampler='k_dpmpp_2m' noise_schedule='native' | final NAI sampler='k_dpmpp_2m' noise_schedule='native'
novelai-gateway  | 19:56:14 | INFO    | gateway    | ⏳ 排队中... (当前等待: 1)
novelai-gateway  | 19:56:14 | INFO    | gateway    | 🔒 获取锁，开始处理 (剩余等待: 0)
novelai-gateway  | 19:56:23 | INFO    | gateway    | ❄️ 冷却 0.6s
novelai-gateway  | 19:56:23 | INFO    | gateway    | 🔓 释放锁 (当前等待: 0)
novelai-gateway  | 19:56:23 | INFO    | stats      | 生成确认 | 类型: 小图 | 画幅: 832x1216 | 大小: 2.29MB | 今日累计: 小图=153, 大图=13
novelai-gateway  | 📊 生成确认 | 类型: 小图 | 画幅: 832x1216 | 大小: 2.29MB | 今日累计: 小图=153, 大图=13
novelai-gateway  | 19:56:26 | INFO    | gateway    | [generations] client body sampler='k_dpmpp_2m' noise_schedule='native' | final NAI sampler='k_dpmpp_2m' noise_schedule='native'
novelai-gateway  | 19:56:26 | INFO    | gateway    | ⏳ 排队中... (当前等待: 1)
novelai-gateway  | 19:56:26 | INFO    | gateway    | 🔒 获取锁，开始处理 (剩余等待: 0)
novelai-gateway  | 19:56:34 | INFO    | gateway    | ❄️ 冷却 0.8s
novelai-gateway  | 19:56:34 | INFO    | gateway    | 🔓 释放锁 (当前等待: 0)
novelai-gateway  | 📊 生成确认 | 类型: 小图 | 画幅: 832x1216 | 大小: 2.23MB | 今日累计: 小图=154, 大图=13
novelai-gateway  | 19:56:34 | INFO    | stats      | 生成确认 | 类型: 小图 | 画幅: 832x1216 | 大小: 2.23MB | 今日累计: 小图=154, 大图=13
novelai-gateway  | 02:35:09 | INFO    | gateway    | [generations] client body sampler='k_dpmpp_2m' noise_schedule='native' | final NAI sampler='k_dpmpp_2m' noise_schedule='native'
novelai-gateway  | 02:35:12 | INFO    | gateway    | ✅ encode-vibe 成功: 原图 2170984 chars → vibe 65256 chars
novelai-gateway  | 02:35:12 | INFO    | gateway    | ⏳ 排队中... (当前等待: 1)
novelai-gateway  | 02:35:12 | INFO    | gateway    | 🔒 获取锁，开始处理 (剩余等待: 0)
novelai-gateway  | 02:35:23 | INFO    | gateway    | ❄️ 冷却 0.7s
novelai-gateway  | 02:35:23 | INFO    | gateway    | 🔓 释放锁 (当前等待: 0)
novelai-gateway  | 02:35:23 | INFO    | stats      | 生成确认 | 类型: 小图 | 画幅: 832x1216 | 大小: 2.13MB | 今日累计: 小图=1, 大图=0
novelai-gateway  | 📊 生成确认 | 类型: 小图 | 画幅: 832x1216 | 大小: 2.13MB | 今日累计: 小图=1, 大图=0
novelai-gateway  | 02:35:27 | INFO    | gateway    | [generations] client body sampler='k_dpmpp_2m' noise_schedule='native' | final NAI sampler='k_dpmpp_2m' noise_schedule='native'
novelai-gateway  | 02:35:29 | INFO    | gateway    | ✅ encode-vibe 成功: 原图 2170984 chars → vibe 65256 chars
novelai-gateway  | 02:35:29 | INFO    | gateway    | ⏳ 排队中... (当前等待: 1)
novelai-gateway  | 02:35:29 | INFO    | gateway    | 🔒 获取锁，开始处理 (剩余等待: 0)
novelai-gateway  | 02:35:38 | INFO    | gateway    | ❄️ 冷却 0.6s
novelai-gateway  | 02:35:39 | INFO    | gateway    | 🔓 释放锁 (当前等待: 0)
novelai-gateway  | 02:35:39 | INFO    | stats      | 生成确认 | 类型: 小图 | 画幅: 832x1216 | 大小: 2.14MB | 今日累计: 小图=2, 大图=0
novelai-gateway  | 📊 生成确认 | 类型: 小图 | 画幅: 832x1216 | 大小: 2.14MB | 今日累计: 小图=2, 大图=0
novelai-gateway  | 02:35:42 | INFO    | gateway    | [generations] client body sampler='k_dpmpp_2m' noise_schedule='native' | final NAI sampler='k_dpmpp_2m' noise_schedule='native'
novelai-gateway  | 02:35:44 | INFO    | gateway    | ✅ encode-vibe 成功: 原图 2170984 chars → vibe 65248 chars
novelai-gateway  | 02:35:44 | INFO    | gateway    | ⏳ 排队中... (当前等待: 1)
novelai-gateway  | 02:35:44 | INFO    | gateway    | 🔒 获取锁，开始处理 (剩余等待: 0)
novelai-gateway  | 02:35:54 | INFO    | gateway    | ❄️ 冷却 0.9s
novelai-gateway  | 📊 生成确认 | 类型: 小图 | 画幅: 832x1216 | 大小: 2.19MB | 今日累计: 小图=3, 大图=0
novelai-gateway  | 02:35:55 | INFO    | gateway    | 🔓 释放锁 (当前等待: 0)
novelai-gateway  | 02:35:55 | INFO    | stats      | 生成确认 | 类型: 小图 | 画幅: 832x1216 | 大小: 2.19MB | 今日累计: 小图=3, 大图=0
novelai-gateway  | 02:38:01 | INFO    | gateway    | [generations] client body sampler='k_dpmpp_2m' noise_schedule='native' | final NAI sampler='k_dpmpp_2m' noise_schedule='native'
novelai-gateway  | 02:38:01 | INFO    | gateway    | ⏳ 排队中... (当前等待: 1)
novelai-gateway  | 02:38:01 | INFO    | gateway    | 🔒 获取锁，开始处理 (剩余等待: 0)
novelai-gateway  | 02:38:12 | INFO    | gateway    | ❄️ 冷却 0.5s
novelai-gateway  | 02:38:12 | INFO    | gateway    | 🔓 释放锁 (当前等待: 0)
novelai-gateway  | 02:38:12 | INFO    | stats      | 生成确认 | 类型: 小图 | 画幅: 832x1216 | 大小: 2.16MB | 今日累计: 小图=4, 大图=0
novelai-gateway  | 📊 生成确认 | 类型: 小图 | 画幅: 832x1216 | 大小: 2.16MB | 今日累计: 小图=4, 大图=0
novelai-gateway  | 02:38:14 | INFO    | gateway    | [generations] client body sampler='k_dpmpp_2m' noise_schedule='native' | final NAI sampler='k_dpmpp_2m' noise_schedule='native'
novelai-gateway  | 02:38:14 | INFO    | gateway    | ⏳ 排队中... (当前等待: 1)
novelai-gateway  | 02:38:14 | INFO    | gateway    | 🔒 获取锁，开始处理 (剩余等待: 0)
novelai-gateway  | 02:38:26 | INFO    | gateway    | ❄️ 冷却 0.6s
novelai-gateway  | 02:38:26 | INFO    | gateway    | 🔓 释放锁 (当前等待: 0)
novelai-gateway  | 02:38:26 | INFO    | stats      | 生成确认 | 类型: 小图 | 画幅: 832x1216 | 大小: 2.20MB | 今日累计: 小图=5, 大图=0
novelai-gateway  | 📊 生成确认 | 类型: 小图 | 画幅: 832x1216 | 大小: 2.20MB | 今日累计: 小图=5, 大图=0
novelai-gateway  | 02:38:29 | INFO    | gateway    | [generations] client body sampler='k_dpmpp_2m' noise_schedule='native' | final NAI sampler='k_dpmpp_2m' noise_schedule='native'
novelai-gateway  | 02:38:29 | INFO    | gateway    | ⏳ 排队中... (当前等待: 1)
novelai-gateway  | 02:38:29 | INFO    | gateway    | 🔒 获取锁，开始处理 (剩余等待: 0)
novelai-gateway  | 02:38:38 | INFO    | gateway    | ❄️ 冷却 0.9s
novelai-gateway  | 📊 生成确认 | 类型: 小图 | 画幅: 832x1216 | 大小: 2.26MB | 今日累计: 小图=6, 大图=0
novelai-gateway  | 02:38:39 | INFO    | gateway    | 🔓 释放锁 (当前等待: 0)
novelai-gateway  | 02:38:39 | INFO    | stats      | 生成确认 | 类型: 小图 | 画幅: 832x1216 | 大小: 2.26MB | 今日累计: 小图=6, 大图=0
novelai-gateway  | 02:46:25 | INFO    | gateway    | [generations] client body sampler='k_dpmpp_2m' noise_schedule='native' | final NAI sampler='k_dpmpp_2m' noise_schedule='native'
novelai-gateway  | 02:46:25 | INFO    | gateway    | ⏳ 排队中... (当前等待: 1)
novelai-gateway  | 02:46:25 | INFO    | gateway    | 🔒 获取锁，开始处理 (剩余等待: 0)
novelai-gateway  | 02:46:31 | INFO    | gateway    | ❄️ 冷却 1.0s
novelai-gateway  | 02:46:32 | INFO    | gateway    | 🔓 释放锁 (当前等待: 0)
novelai-gateway  | 📊 生成确认 | 类型: 小图 | 画幅: 832x1216 | 大小: 2.02MB | 今日累计: 小图=7, 大图=0
novelai-gateway  | 02:46:32 | INFO    | stats      | 生成确认 | 类型: 小图 | 画幅: 832x1216 | 大小: 2.02MB | 今日累计: 小图=7, 大图=0
novelai-gateway  | 04:44:38 | INFO    | gateway    | [generations] client body sampler='k_dpmpp_2m' noise_schedule='native' | final NAI sampler='k_dpmpp_2m' noise_schedule='native'
novelai-gateway  | 04:44:38 | INFO    | gateway    | ⏳ 排队中... (当前等待: 1)
novelai-gateway  | 04:44:38 | INFO    | gateway    | 🔒 获取锁，开始处理 (剩余等待: 0)
novelai-gateway  | 04:44:49 | INFO    | gateway    | ❄️ 冷却 0.8s
novelai-gateway  | 04:44:50 | INFO    | gateway    | 🔓 释放锁 (当前等待: 0)
novelai-gateway  | 04:44:50 | INFO    | stats      | 生成确认 | 类型: 小图 | 画幅: 1024x1024 | 大小: 2.88MB | 今日累计: 小图=8, 大图=0
novelai-gateway  | 📊 生成确认 | 类型: 小图 | 画幅: 1024x1024 | 大小: 2.88MB | 今日累计: 小图=8, 大图=0
novelai-gateway  | 04:46:00 | INFO    | gateway    | [generations] client body sampler='k_dpmpp_2m' noise_schedule='native' | final NAI sampler='k_dpmpp_2m' noise_schedule='native'
novelai-gateway  | 04:46:00 | INFO    | gateway    | ⏳ 排队中... (当前等待: 1)
novelai-gateway  | 04:46:00 | INFO    | gateway    | 🔒 获取锁，开始处理 (剩余等待: 0)
novelai-gateway  | 04:46:11 | INFO    | gateway    | ❄️ 冷却 0.6s
novelai-gateway  | 04:46:12 | INFO    | gateway    | 🔓 释放锁 (当前等待: 0)
novelai-gateway  | 04:46:12 | INFO    | stats      | 生成确认 | 类型: 小图 | 画幅: 1024x1024 | 大小: 2.24MB | 今日累计: 小图=9, 大图=0
novelai-gateway  | 📊 生成确认 | 类型: 小图 | 画幅: 1024x1024 | 大小: 2.24MB | 今日累计: 小图=9, 大图=0
novelai-gateway  | 05:36:17 | INFO    | gateway    | [generations] client body sampler='k_dpmpp_2m' noise_schedule='karras' | final NAI sampler='k_dpmpp_2m' noise_schedule='karras'
novelai-gateway  | 05:36:17 | INFO    | gateway    | ⏳ 排队中... (当前等待: 1)
novelai-gateway  | 05:36:17 | INFO    | gateway    | 🔒 获取锁，开始处理 (剩余等待: 0)
novelai-gateway  | 05:36:29 | INFO    | gateway    | ❄️ 冷却 0.7s
novelai-gateway  | 05:36:30 | INFO    | gateway    | 🔓 释放锁 (当前等待: 0)
novelai-gateway  | 05:36:30 | INFO    | stats      | 生成确认 | 类型: 小图 | 画幅: 832x1216 | 大小: 1.75MB | 今日累计: 小图=10, 大图=0
novelai-gateway  | 📊 生成确认 | 类型: 小图 | 画幅: 832x1216 | 大小: 1.75MB | 今日累计: 小图=10, 大图=0
novelai-gateway  | 05:37:25 | INFO    | gateway    | [generations] client body sampler='k_dpmpp_2m' noise_schedule='karras' | final NAI sampler='k_dpmpp_2m' noise_schedule='karras'
novelai-gateway  | 05:37:25 | INFO    | gateway    | ⏳ 排队中... (当前等待: 1)
novelai-gateway  | 05:37:25 | INFO    | gateway    | 🔒 获取锁，开始处理 (剩余等待: 0)
novelai-gateway  | 05:37:38 | INFO    | gateway    | ❄️ 冷却 0.6s
novelai-gateway  | 05:37:38 | INFO    | gateway    | 🔓 释放锁 (当前等待: 0)
novelai-gateway  | 📊 生成确认 | 类型: 小图 | 画幅: 832x1216 | 大小: 1.72MB | 今日累计: 小图=11, 大图=0
novelai-gateway  | 05:37:38 | INFO    | stats      | 生成确认 | 类型: 小图 | 画幅: 832x1216 | 大小: 1.72MB | 今日累计: 小图=11, 大图=0
novelai-gateway  | 05:37:56 | INFO    | gateway    | [generations] client body sampler='k_dpmpp_2m' noise_schedule='karras' | final NAI sampler='k_dpmpp_2m' noise_schedule='karras'
novelai-gateway  | 05:37:56 | INFO    | gateway    | ⏳ 排队中... (当前等待: 1)
novelai-gateway  | 05:37:56 | INFO    | gateway    | 🔒 获取锁，开始处理 (剩余等待: 0)
novelai-gateway  | 05:38:08 | INFO    | gateway    | ❄️ 冷却 1.0s
novelai-gateway  | 05:38:09 | INFO    | gateway    | 🔓 释放锁 (当前等待: 0)
novelai-gateway  | 05:38:09 | INFO    | stats      | 生成确认 | 类型: 小图 | 画幅: 832x1216 | 大小: 1.70MB | 今日累计: 小图=12, 大图=0
novelai-gateway  | 📊 生成确认 | 类型: 小图 | 画幅: 832x1216 | 大小: 1.70MB | 今日累计: 小图=12, 大图=0
novelai-gateway  | 05:38:13 | INFO    | gateway    | [generations] client body sampler='k_dpmpp_2m' noise_schedule='karras' | final NAI sampler='k_dpmpp_2m' noise_schedule='karras'
novelai-gateway  | 05:38:13 | INFO    | gateway    | ⏳ 排队中... (当前等待: 1)
novelai-gateway  | 05:38:13 | INFO    | gateway    | 🔒 获取锁，开始处理 (剩余等待: 0)
novelai-gateway  | 05:38:25 | INFO    | gateway    | ❄️ 冷却 0.8s
novelai-gateway  | 05:38:26 | INFO    | gateway    | 🔓 释放锁 (当前等待: 0)
novelai-gateway  | 📊 生成确认 | 类型: 小图 | 画幅: 832x1216 | 大小: 1.99MB | 今日累计: 小图=13, 大图=0
novelai-gateway  | 05:38:26 | INFO    | stats      | 生成确认 | 类型: 小图 | 画幅: 832x1216 | 大小: 1.99MB | 今日累计: 小图=13, 大图=0
novelai-gateway  | 05:38:28 | INFO    | gateway    | [generations] client body sampler='k_dpmpp_2m' noise_schedule='karras' | final NAI sampler='k_dpmpp_2m' noise_schedule='karras'
novelai-gateway  | 05:38:28 | INFO    | gateway    | ⏳ 排队中... (当前等待: 1)
novelai-gateway  | 05:38:28 | INFO    | gateway    | 🔒 获取锁，开始处理 (剩余等待: 0)
novelai-gateway  | 05:38:39 | INFO    | gateway    | ❄️ 冷却 0.6s
novelai-gateway  | 05:38:40 | INFO    | gateway    | 🔓 释放锁 (当前等待: 0)
novelai-gateway  | 05:38:40 | INFO    | stats      | 生成确认 | 类型: 小图 | 画幅: 832x1216 | 大小: 1.70MB | 今日累计: 小图=14, 大图=0
novelai-gateway  | 📊 生成确认 | 类型: 小图 | 画幅: 832x1216 | 大小: 1.70MB | 今日累计: 小图=14, 大图=0
novelai-gateway  | 05:38:43 | INFO    | gateway    | [generations] client body sampler='k_dpmpp_2m' noise_schedule='karras' | final NAI sampler='k_dpmpp_2m' noise_schedule='karras'
novelai-gateway  | 05:38:43 | INFO    | gateway    | ⏳ 排队中... (当前等待: 1)
novelai-gateway  | 05:38:43 | INFO    | gateway    | 🔒 获取锁，开始处理 (剩余等待: 0)
novelai-gateway  | 05:38:53 | INFO    | gateway    | ❄️ 冷却 0.7s
novelai-gateway  | 05:38:54 | INFO    | gateway    | 🔓 释放锁 (当前等待: 0)
novelai-gateway  | 05:38:54 | INFO    | stats      | 生成确认 | 类型: 小图 | 画幅: 832x1216 | 大小: 2.00MB | 今日累计: 小图=15, 大图=0
novelai-gateway  | 📊 生成确认 | 类型: 小图 | 画幅: 832x1216 | 大小: 2.00MB | 今日累计: 小图=15, 大图=0
novelai-gateway  | 05:38:57 | INFO    | gateway    | [generations] client body sampler='k_dpmpp_2m' noise_schedule='karras' | final NAI sampler='k_dpmpp_2m' noise_schedule='karras'
novelai-gateway  | 05:38:57 | INFO    | gateway    | ⏳ 排队中... (当前等待: 1)
novelai-gateway  | 05:38:57 | INFO    | gateway    | 🔒 获取锁，开始处理 (剩余等待: 0)
novelai-gateway  | 05:39:08 | INFO    | gateway    | [generations] client body sampler='k_euler_ancestral' noise_schedule='karras' | final NAI sampler='k_euler_ancestral' noise_schedule='karras'
novelai-gateway  | 05:39:08 | INFO    | gateway    | ⏳ 排队中... (当前等待: 1)
novelai-gateway  | 05:39:11 | INFO    | gateway    | ❄️ 冷却 0.8s
novelai-gateway  | 05:39:12 | INFO    | gateway    | 🔓 释放锁 (当前等待: 1)
novelai-gateway  | 📊 生成确认 | 类型: 小图 | 画幅: 832x1216 | 大小: 1.89MB | 今日累计: 小图=16, 大图=0
novelai-gateway  | 05:39:12 | INFO    | stats      | 生成确认 | 类型: 小图 | 画幅: 832x1216 | 大小: 1.89MB | 今日累计: 小图=16, 大图=0
novelai-gateway  | 05:39:12 | INFO    | gateway    | 🔒 获取锁，开始处理 (剩余等待: 0)
novelai-gateway  | 05:39:16 | INFO    | gateway    | [generations] client body sampler='k_dpmpp_2m' noise_schedule='karras' | final NAI sampler='k_dpmpp_2m' noise_schedule='karras'
novelai-gateway  | 05:39:16 | INFO    | gateway    | ⏳ 排队中... (当前等待: 1)
novelai-gateway  | 05:39:18 | INFO    | gateway    | ❄️ 冷却 0.6s
novelai-gateway  | 05:39:19 | INFO    | gateway    | 🔓 释放锁 (当前等待: 1)
novelai-gateway  | 05:39:19 | INFO    | stats      | 生成确认 | 类型: 小图 | 画幅: 832x1216 | 大小: 2.23MB | 今日累计: 小图=17, 大图=0
novelai-gateway  | 📊 生成确认 | 类型: 小图 | 画幅: 832x1216 | 大小: 2.23MB | 今日累计: 小图=17, 大图=0
novelai-gateway  | 05:39:19 | INFO    | gateway    | 🔒 获取锁，开始处理 (剩余等待: 0)
novelai-gateway  | 05:39:31 | INFO    | gateway    | ❄️ 冷却 0.8s
novelai-gateway  | 📊 生成确认 | 类型: 小图 | 画幅: 832x1216 | 大小: 1.95MB | 今日累计: 小图=18, 大图=0
novelai-gateway  | 05:39:32 | INFO    | gateway    | 🔓 释放锁 (当前等待: 0)
novelai-gateway  | 05:39:32 | INFO    | stats      | 生成确认 | 类型: 小图 | 画幅: 832x1216 | 大小: 1.95MB | 今日累计: 小图=18, 大图=0
novelai-gateway  | 05:40:07 | INFO    | gateway    | [generations] client body sampler='k_euler_ancestral' noise_schedule='karras' | final NAI sampler='k_euler_ancestral' noise_schedule='karras'
novelai-gateway  | 05:40:07 | INFO    | gateway    | ⏳ 排队中... (当前等待: 1)
novelai-gateway  | 05:40:07 | INFO    | gateway    | 🔒 获取锁，开始处理 (剩余等待: 0)
novelai-gateway  | 05:40:19 | INFO    | gateway    | ❄️ 冷却 0.8s
novelai-gateway  | 05:40:20 | INFO    | gateway    | 🔓 释放锁 (当前等待: 0)
novelai-gateway  | 05:40:20 | INFO    | stats      | 生成确认 | 类型: 小图 | 画幅: 832x1216 | 大小: 2.33MB | 今日累计: 小图=19, 大图=0
novelai-gateway  | 📊 生成确认 | 类型: 小图 | 画幅: 832x1216 | 大小: 2.33MB | 今日累计: 小图=19, 大图=0
novelai-gateway  | 05:41:02 | INFO    | gateway    | [generations] client body sampler='k_euler_ancestral' noise_schedule='karras' | final NAI sampler='k_euler_ancestral' noise_schedule='karras'
novelai-gateway  | 05:41:02 | INFO    | gateway    | ⏳ 排队中... (当前等待: 1)
novelai-gateway  | 05:41:02 | INFO    | gateway    | 🔒 获取锁，开始处理 (剩余等待: 0)
novelai-gateway  | 05:41:13 | INFO    | gateway    | ❄️ 冷却 0.6s
novelai-gateway  | 05:41:14 | INFO    | gateway    | 🔓 释放锁 (当前等待: 0)
novelai-gateway  | 📊 生成确认 | 类型: 小图 | 画幅: 832x1216 | 大小: 2.33MB | 今日累计: 小图=20, 大图=0
novelai-gateway  | 05:41:14 | INFO    | stats      | 生成确认 | 类型: 小图 | 画幅: 832x1216 | 大小: 2.33MB | 今日累计: 小图=20, 大图=0
novelai-gateway  | 05:41:17 | INFO    | gateway    | [generations] client body sampler='k_dpmpp_2m' noise_schedule='karras' | final NAI sampler='k_dpmpp_2m' noise_schedule='karras'
novelai-gateway  | 05:41:17 | INFO    | gateway    | ⏳ 排队中... (当前等待: 1)
novelai-gateway  | 05:41:17 | INFO    | gateway    | 🔒 获取锁，开始处理 (剩余等待: 0)
novelai-gateway  | 05:41:27 | INFO    | gateway    | ❄️ 冷却 0.5s
novelai-gateway  | 05:41:27 | INFO    | gateway    | 🔓 释放锁 (当前等待: 0)
novelai-gateway  | 05:41:27 | INFO    | stats      | 生成确认 | 类型: 小图 | 画幅: 832x1216 | 大小: 2.13MB | 今日累计: 小图=21, 大图=0
novelai-gateway  | 📊 生成确认 | 类型: 小图 | 画幅: 832x1216 | 大小: 2.13MB | 今日累计: 小图=21, 大图=0
novelai-gateway  | 05:41:30 | INFO    | gateway    | [generations] client body sampler='k_dpmpp_2m' noise_schedule='karras' | final NAI sampler='k_dpmpp_2m' noise_schedule='karras'
novelai-gateway  | 05:41:30 | INFO    | gateway    | ⏳ 排队中... (当前等待: 1)
novelai-gateway  | 05:41:30 | INFO    | gateway    | 🔒 获取锁，开始处理 (剩余等待: 0)
novelai-gateway  | 05:41:43 | INFO    | gateway    | ❄️ 冷却 0.7s
novelai-gateway  | 05:41:43 | INFO    | gateway    | 🔓 释放锁 (当前等待: 0)
novelai-gateway  | 📊 生成确认 | 类型: 小图 | 画幅: 832x1216 | 大小: 2.07MB | 今日累计: 小图=22, 大图=0
novelai-gateway  | 05:41:43 | INFO    | stats      | 生成确认 | 类型: 小图 | 画幅: 832x1216 | 大小: 2.07MB | 今日累计: 小图=22, 大图=0
novelai-gateway  | 05:41:46 | INFO    | gateway    | [generations] client body sampler='k_dpmpp_2m' noise_schedule='karras' | final NAI sampler='k_dpmpp_2m' noise_schedule='karras'
novelai-gateway  | 05:41:46 | INFO    | gateway    | ⏳ 排队中... (当前等待: 1)
novelai-gateway  | 05:41:46 | INFO    | gateway    | 🔒 获取锁，开始处理 (剩余等待: 0)
novelai-gateway  | 05:41:49 | INFO    | gateway    | [generations] client body sampler='k_euler_ancestral' noise_schedule='karras' | final NAI sampler='k_euler_ancestral' noise_schedule='karras'
novelai-gateway  | 05:41:49 | INFO    | gateway    | ⏳ 排队中... (当前等待: 1)
novelai-gateway  | 05:41:58 | INFO    | gateway    | ❄️ 冷却 0.6s
novelai-gateway  | 05:41:59 | INFO    | gateway    | 🔓 释放锁 (当前等待: 1)
novelai-gateway  | 05:41:59 | INFO    | stats      | 生成确认 | 类型: 小图 | 画幅: 832x1216 | 大小: 2.12MB | 今日累计: 小图=23, 大图=0
novelai-gateway  | 📊 生成确认 | 类型: 小图 | 画幅: 832x1216 | 大小: 2.12MB | 今日累计: 小图=23, 大图=0
novelai-gateway  | 05:41:59 | INFO    | gateway    | 🔒 获取锁，开始处理 (剩余等待: 0)
novelai-gateway  | 05:42:02 | INFO    | gateway    | [generations] client body sampler='k_dpmpp_2m' noise_schedule='karras' | final NAI sampler='k_dpmpp_2m' noise_schedule='karras'
novelai-gateway  | 05:42:02 | INFO    | gateway    | ⏳ 排队中... (当前等待: 1)
novelai-gateway  | 05:42:09 | INFO    | gateway    | ❄️ 冷却 0.9s
novelai-gateway  | 05:42:10 | INFO    | gateway    | 🔓 释放锁 (当前等待: 1)
novelai-gateway  | 05:42:10 | INFO    | stats      | 生成确认 | 类型: 小图 | 画幅: 832x1216 | 大小: 2.30MB | 今日累计: 小图=24, 大图=0
novelai-gateway  | 📊 生成确认 | 类型: 小图 | 画幅: 832x1216 | 大小: 2.30MB | 今日累计: 小图=24, 大图=0
novelai-gateway  | 05:42:11 | INFO    | gateway    | 🔒 获取锁，开始处理 (剩余等待: 0)
novelai-gateway  | 05:42:21 | INFO    | gateway    | ❄️ 冷却 0.7s
novelai-gateway  | 05:42:22 | INFO    | gateway    | 🔓 释放锁 (当前等待: 0)
novelai-gateway  | 📊 生成确认 | 类型: 小图 | 画幅: 832x1216 | 大小: 2.08MB | 今日累计: 小图=25, 大图=0
novelai-gateway  | 05:42:22 | INFO    | stats      | 生成确认 | 类型: 小图 | 画幅: 832x1216 | 大小: 2.08MB | 今日累计: 小图=25, 大图=0
novelai-gateway  | 05:42:24 | INFO    | gateway    | [generations] client body sampler='k_dpmpp_2m' noise_schedule='karras' | final NAI sampler='k_dpmpp_2m' noise_schedule='karras'
novelai-gateway  | 05:42:24 | INFO    | gateway    | ⏳ 排队中... (当前等待: 1)
novelai-gateway  | 05:42:24 | INFO    | gateway    | 🔒 获取锁，开始处理 (剩余等待: 0)
novelai-gateway  | 05:42:36 | INFO    | gateway    | ❄️ 冷却 0.5s
novelai-gateway  | 05:42:37 | INFO    | gateway    | 🔓 释放锁 (当前等待: 0)
novelai-gateway  | 📊 生成确认 | 类型: 小图 | 画幅: 832x1216 | 大小: 2.09MB | 今日累计: 小图=26, 大图=0
novelai-gateway  | 05:42:37 | INFO    | stats      | 生成确认 | 类型: 小图 | 画幅: 832x1216 | 大小: 2.09MB | 今日累计: 小图=26, 大图=0
novelai-gateway  | 05:44:33 | INFO    | gateway    | [generations] client body sampler='k_dpmpp_2m' noise_schedule='karras' | final NAI sampler='k_dpmpp_2m' noise_schedule='karras'
novelai-gateway  | 05:44:33 | INFO    | gateway    | ⏳ 排队中... (当前等待: 1)
novelai-gateway  | 05:44:33 | INFO    | gateway    | 🔒 获取锁，开始处理 (剩余等待: 0)
novelai-gateway  | 05:44:45 | INFO    | gateway    | ❄️ 冷却 0.7s
novelai-gateway  | 05:44:46 | INFO    | gateway    | 🔓 释放锁 (当前等待: 0)
novelai-gateway  | 05:44:46 | INFO    | stats      | 生成确认 | 类型: 小图 | 画幅: 832x1216 | 大小: 2.12MB | 今日累计: 小图=27, 大图=0
novelai-gateway  | 📊 生成确认 | 类型: 小图 | 画幅: 832x1216 | 大小: 2.12MB | 今日累计: 小图=27, 大图=0
novelai-gateway  | 05:44:48 | INFO    | gateway    | [generations] client body sampler='k_dpmpp_2m' noise_schedule='karras' | final NAI sampler='k_dpmpp_2m' noise_schedule='karras'
novelai-gateway  | 05:44:48 | INFO    | gateway    | ⏳ 排队中... (当前等待: 1)
novelai-gateway  | 05:44:48 | INFO    | gateway    | 🔒 获取锁，开始处理 (剩余等待: 0)
novelai-gateway  | 05:45:02 | INFO    | gateway    | ❄️ 冷却 0.7s
novelai-gateway  | 05:45:02 | INFO    | gateway    | 🔓 释放锁 (当前等待: 0)
novelai-gateway  | 📊 生成确认 | 类型: 小图 | 画幅: 832x1216 | 大小: 2.18MB | 今日累计: 小图=28, 大图=0
novelai-gateway  | 05:45:02 | INFO    | stats      | 生成确认 | 类型: 小图 | 画幅: 832x1216 | 大小: 2.18MB | 今日累计: 小图=28, 大图=0
novelai-gateway  | 05:45:04 | INFO    | gateway    | [generations] client body sampler='k_dpmpp_2m' noise_schedule='karras' | final NAI sampler='k_dpmpp_2m' noise_schedule='karras'
novelai-gateway  | 05:45:04 | INFO    | gateway    | ⏳ 排队中... (当前等待: 1)
novelai-gateway  | 05:45:04 | INFO    | gateway    | 🔒 获取锁，开始处理 (剩余等待: 0)
novelai-gateway  | 05:45:15 | INFO    | gateway    | ❄️ 冷却 0.7s
novelai-gateway  | 05:45:16 | INFO    | gateway    | 🔓 释放锁 (当前等待: 0)
novelai-gateway  | 📊 生成确认 | 类型: 小图 | 画幅: 832x1216 | 大小: 1.97MB | 今日累计: 小图=29, 大图=0
novelai-gateway  | 05:45:16 | INFO    | stats      | 生成确认 | 类型: 小图 | 画幅: 832x1216 | 大小: 1.97MB | 今日累计: 小图=29, 大图=0
novelai-gateway  | 05:46:35 | INFO    | gateway    | [generations] client body sampler='k_dpmpp_2m' noise_schedule='karras' | final NAI sampler='k_dpmpp_2m' noise_schedule='karras'
novelai-gateway  | 05:46:35 | INFO    | gateway    | ⏳ 排队中... (当前等待: 1)
novelai-gateway  | 05:46:35 | INFO    | gateway    | 🔒 获取锁，开始处理 (剩余等待: 0)
novelai-gateway  | 05:46:48 | INFO    | gateway    | ❄️ 冷却 0.8s
novelai-gateway  | 05:46:49 | INFO    | gateway    | 🔓 释放锁 (当前等待: 0)
novelai-gateway  | 📊 生成确认 | 类型: 小图 | 画幅: 832x1216 | 大小: 1.67MB | 今日累计: 小图=30, 大图=0
novelai-gateway  | 05:46:49 | INFO    | stats      | 生成确认 | 类型: 小图 | 画幅: 832x1216 | 大小: 1.67MB | 今日累计: 小图=30, 大图=0
novelai-gateway  | 05:46:51 | INFO    | gateway    | [generations] client body sampler='k_dpmpp_2m' noise_schedule='karras' | final NAI sampler='k_dpmpp_2m' noise_schedule='karras'
novelai-gateway  | 05:46:51 | INFO    | gateway    | ⏳ 排队中... (当前等待: 1)
novelai-gateway  | 05:46:51 | INFO    | gateway    | 🔒 获取锁，开始处理 (剩余等待: 0)
novelai-gateway  | 05:47:03 | INFO    | gateway    | ❄️ 冷却 0.9s
novelai-gateway  | 📊 生成确认 | 类型: 小图 | 画幅: 832x1216 | 大小: 1.67MB | 今日累计: 小图=31, 大图=0
novelai-gateway  | 05:47:04 | INFO    | gateway    | 🔓 释放锁 (当前等待: 0)
novelai-gateway  | 05:47:04 | INFO    | stats      | 生成确认 | 类型: 小图 | 画幅: 832x1216 | 大小: 1.67MB | 今日累计: 小图=31, 大图=0
novelai-gateway  | 05:47:06 | INFO    | gateway    | [generations] client body sampler='k_dpmpp_2m' noise_schedule='karras' | final NAI sampler='k_dpmpp_2m' noise_schedule='karras'
novelai-gateway  | 05:47:06 | INFO    | gateway    | ⏳ 排队中... (当前等待: 1)
novelai-gateway  | 05:47:06 | INFO    | gateway    | 🔒 获取锁，开始处理 (剩余等待: 0)
novelai-gateway  | 05:47:17 | INFO    | gateway    | ❄️ 冷却 0.9s
novelai-gateway  | 05:47:18 | INFO    | gateway    | 🔓 释放锁 (当前等待: 0)
novelai-gateway  | 📊 生成确认 | 类型: 小图 | 画幅: 832x1216 | 大小: 1.70MB | 今日累计: 小图=32, 大图=0
novelai-gateway  | 05:47:18 | INFO    | stats      | 生成确认 | 类型: 小图 | 画幅: 832x1216 | 大小: 1.70MB | 今日累计: 小图=32, 大图=0
novelai-gateway  | 05:47:20 | INFO    | gateway    | [generations] client body sampler='k_dpmpp_2m' noise_schedule='karras' | final NAI sampler='k_dpmpp_2m' noise_schedule='karras'
novelai-gateway  | 05:47:20 | INFO    | gateway    | ⏳ 排队中... (当前等待: 1)
novelai-gateway  | 05:47:20 | INFO    | gateway    | 🔒 获取锁，开始处理 (剩余等待: 0)
novelai-gateway  | 05:47:32 | INFO    | gateway    | ❄️ 冷却 1.0s
novelai-gateway  | 05:47:33 | INFO    | gateway    | 🔓 释放锁 (当前等待: 0)
novelai-gateway  | 📊 生成确认 | 类型: 小图 | 画幅: 832x1216 | 大小: 1.69MB | 今日累计: 小图=33, 大图=0
novelai-gateway  | 05:47:33 | INFO    | stats      | 生成确认 | 类型: 小图 | 画幅: 832x1216 | 大小: 1.69MB | 今日累计: 小图=33, 大图=0
novelai-gateway  | 05:47:36 | INFO    | gateway    | [generations] client body sampler='k_dpmpp_2m' noise_schedule='karras' | final NAI sampler='k_dpmpp_2m' noise_schedule='karras'
novelai-gateway  | 05:47:36 | INFO    | gateway    | ⏳ 排队中... (当前等待: 1)
novelai-gateway  | 05:47:36 | INFO    | gateway    | 🔒 获取锁，开始处理 (剩余等待: 0)
novelai-gateway  | 05:47:49 | INFO    | gateway    | ❄️ 冷却 0.7s
novelai-gateway  | 05:47:49 | INFO    | gateway    | 🔓 释放锁 (当前等待: 0)
novelai-gateway  | 05:47:49 | INFO    | stats      | 生成确认 | 类型: 小图 | 画幅: 832x1216 | 大小: 1.68MB | 今日累计: 小图=34, 大图=0
novelai-gateway  | 📊 生成确认 | 类型: 小图 | 画幅: 832x1216 | 大小: 1.68MB | 今日累计: 小图=34, 大图=0
novelai-gateway  | 05:47:52 | INFO    | gateway    | [generations] client body sampler='k_dpmpp_2m' noise_schedule='karras' | final NAI sampler='k_dpmpp_2m' noise_schedule='karras'
novelai-gateway  | 05:47:52 | INFO    | gateway    | ⏳ 排队中... (当前等待: 1)
novelai-gateway  | 05:47:52 | INFO    | gateway    | 🔒 获取锁，开始处理 (剩余等待: 0)
novelai-gateway  | 05:48:02 | INFO    | gateway    | ❄️ 冷却 0.7s
novelai-gateway  | 05:48:02 | INFO    | gateway    | 🔓 释放锁 (当前等待: 0)
novelai-gateway  | 05:48:02 | INFO    | stats      | 生成确认 | 类型: 小图 | 画幅: 832x1216 | 大小: 1.55MB | 今日累计: 小图=35, 大图=0
novelai-gateway  | 📊 生成确认 | 类型: 小图 | 画幅: 832x1216 | 大小: 1.55MB | 今日累计: 小图=35, 大图=0
novelai-gateway  | 05:48:04 | INFO    | gateway    | [generations] client body sampler='k_dpmpp_2m' noise_schedule='karras' | final NAI sampler='k_dpmpp_2m' noise_schedule='karras'
novelai-gateway  | 05:48:04 | INFO    | gateway    | ⏳ 排队中... (当前等待: 1)
novelai-gateway  | 05:48:04 | INFO    | gateway    | 🔒 获取锁，开始处理 (剩余等待: 0)
novelai-gateway  | 05:48:15 | INFO    | gateway    | ❄️ 冷却 0.7s
novelai-gateway  | 📊 生成确认 | 类型: 小图 | 画幅: 832x1216 | 大小: 1.75MB | 今日累计: 小图=36, 大图=0
novelai-gateway  | 05:48:16 | INFO    | gateway    | 🔓 释放锁 (当前等待: 0)
novelai-gateway  | 05:48:16 | INFO    | stats      | 生成确认 | 类型: 小图 | 画幅: 832x1216 | 大小: 1.75MB | 今日累计: 小图=36, 大图=0
novelai-gateway  | 05:49:18 | INFO    | gateway    | [generations] client body sampler='k_euler_ancestral' noise_schedule='karras' | final NAI sampler='k_euler_ancestral' noise_schedule='karras'
novelai-gateway  | 05:49:18 | INFO    | gateway    | ⏳ 排队中... (当前等待: 1)
novelai-gateway  | 05:49:18 | INFO    | gateway    | 🔒 获取锁，开始处理 (剩余等待: 0)
novelai-gateway  | 05:49:24 | INFO    | gateway    | ❄️ 冷却 0.8s
novelai-gateway  | 05:49:25 | INFO    | gateway    | 🔓 释放锁 (当前等待: 0)
novelai-gateway  | 📊 生成确认 | 类型: 小图 | 画幅: 832x1216 | 大小: 2.21MB | 今日累计: 小图=37, 大图=0
novelai-gateway  | 05:49:25 | INFO    | stats      | 生成确认 | 类型: 小图 | 画幅: 832x1216 | 大小: 2.21MB | 今日累计: 小图=37, 大图=0
novelai-gateway  | 05:49:28 | INFO    | gateway    | [generations] client body sampler='k_dpmpp_2m' noise_schedule='karras' | final NAI sampler='k_dpmpp_2m' noise_schedule='karras'
novelai-gateway  | 05:49:28 | INFO    | gateway    | ⏳ 排队中... (当前等待: 1)
novelai-gateway  | 05:49:28 | INFO    | gateway    | 🔒 获取锁，开始处理 (剩余等待: 0)
novelai-gateway  | 05:49:39 | INFO    | gateway    | ❄️ 冷却 0.8s
novelai-gateway  | 05:49:40 | INFO    | gateway    | 🔓 释放锁 (当前等待: 0)
novelai-gateway  | 05:49:40 | INFO    | stats      | 生成确认 | 类型: 小图 | 画幅: 832x1216 | 大小: 1.97MB | 今日累计: 小图=38, 大图=0
novelai-gateway  | 📊 生成确认 | 类型: 小图 | 画幅: 832x1216 | 大小: 1.97MB | 今日累计: 小图=38, 大图=0
novelai-gateway  | 05:49:42 | INFO    | gateway    | [generations] client body sampler='k_dpmpp_2m' noise_schedule='karras' | final NAI sampler='k_dpmpp_2m' noise_schedule='karras'
novelai-gateway  | 05:49:42 | INFO    | gateway    | ⏳ 排队中... (当前等待: 1)
novelai-gateway  | 05:49:42 | INFO    | gateway    | 🔒 获取锁，开始处理 (剩余等待: 0)
novelai-gateway  | 05:49:52 | INFO    | gateway    | ❄️ 冷却 0.8s
novelai-gateway  | 05:49:53 | INFO    | gateway    | 🔓 释放锁 (当前等待: 0)
novelai-gateway  | 📊 生成确认 | 类型: 小图 | 画幅: 832x1216 | 大小: 1.93MB | 今日累计: 小图=39, 大图=0
novelai-gateway  | 05:49:53 | INFO    | stats      | 生成确认 | 类型: 小图 | 画幅: 832x1216 | 大小: 1.93MB | 今日累计: 小图=39, 大图=0
novelai-gateway  | 05:49:56 | INFO    | gateway    | [generations] client body sampler='k_dpmpp_2m' noise_schedule='karras' | final NAI sampler='k_dpmpp_2m' noise_schedule='karras'
novelai-gateway  | 05:49:56 | INFO    | gateway    | ⏳ 排队中... (当前等待: 1)
novelai-gateway  | 05:49:56 | INFO    | gateway    | 🔒 获取锁，开始处理 (剩余等待: 0)
novelai-gateway  | 05:50:06 | INFO    | gateway    | ❄️ 冷却 0.8s
novelai-gateway  | 05:50:06 | INFO    | gateway    | 🔓 释放锁 (当前等待: 0)
novelai-gateway  | 📊 生成确认 | 类型: 小图 | 画幅: 832x1216 | 大小: 1.81MB | 今日累计: 小图=40, 大图=0
novelai-gateway  | 05:50:06 | INFO    | stats      | 生成确认 | 类型: 小图 | 画幅: 832x1216 | 大小: 1.81MB | 今日累计: 小图=40, 大图=0
novelai-gateway  | 05:50:08 | INFO    | gateway    | [generations] client body sampler='k_dpmpp_2m' noise_schedule='karras' | final NAI sampler='k_dpmpp_2m' noise_schedule='karras'
novelai-gateway  | 05:50:08 | INFO    | gateway    | ⏳ 排队中... (当前等待: 1)
novelai-gateway  | 05:50:08 | INFO    | gateway    | 🔒 获取锁，开始处理 (剩余等待: 0)
novelai-gateway  | 05:50:19 | INFO    | gateway    | ❄️ 冷却 0.8s
novelai-gateway  | 05:50:19 | INFO    | gateway    | 🔓 释放锁 (当前等待: 0)
novelai-gateway  | 📊 生成确认 | 类型: 小图 | 画幅: 832x1216 | 大小: 1.95MB | 今日累计: 小图=41, 大图=0
novelai-gateway  | 05:50:19 | INFO    | stats      | 生成确认 | 类型: 小图 | 画幅: 832x1216 | 大小: 1.95MB | 今日累计: 小图=41, 大图=0
novelai-gateway  | 05:50:22 | INFO    | gateway    | [generations] client body sampler='k_dpmpp_2m' noise_schedule='karras' | final NAI sampler='k_dpmpp_2m' noise_schedule='karras'
novelai-gateway  | 05:50:22 | INFO    | gateway    | ⏳ 排队中... (当前等待: 1)
novelai-gateway  | 05:50:22 | INFO    | gateway    | 🔒 获取锁，开始处理 (剩余等待: 0)
novelai-gateway  | 05:50:33 | INFO    | gateway    | ❄️ 冷却 0.7s
novelai-gateway  | 05:50:33 | INFO    | gateway    | 🔓 释放锁 (当前等待: 0)
novelai-gateway  | 05:50:33 | INFO    | stats      | 生成确认 | 类型: 小图 | 画幅: 832x1216 | 大小: 1.76MB | 今日累计: 小图=42, 大图=0
novelai-gateway  | 📊 生成确认 | 类型: 小图 | 画幅: 832x1216 | 大小: 1.76MB | 今日累计: 小图=42, 大图=0
novelai-gateway  | 05:50:36 | INFO    | gateway    | [generations] client body sampler='k_dpmpp_2m' noise_schedule='karras' | final NAI sampler='k_dpmpp_2m' noise_schedule='karras'
novelai-gateway  | 05:50:36 | INFO    | gateway    | ⏳ 排队中... (当前等待: 1)
novelai-gateway  | 05:50:36 | INFO    | gateway    | 🔒 获取锁，开始处理 (剩余等待: 0)
novelai-gateway  | 05:50:46 | INFO    | gateway    | ❄️ 冷却 0.8s
novelai-gateway  | 📊 生成确认 | 类型: 小图 | 画幅: 832x1216 | 大小: 1.89MB | 今日累计: 小图=43, 大图=0
novelai-gateway  | 05:50:47 | INFO    | gateway    | 🔓 释放锁 (当前等待: 0)
novelai-gateway  | 05:50:47 | INFO    | stats      | 生成确认 | 类型: 小图 | 画幅: 832x1216 | 大小: 1.89MB | 今日累计: 小图=43, 大图=0
novelai-gateway  | 05:50:50 | INFO    | gateway    | [generations] client body sampler='k_dpmpp_2m' noise_schedule='karras' | final NAI sampler='k_dpmpp_2m' noise_schedule='karras'
novelai-gateway  | 05:50:50 | INFO    | gateway    | ⏳ 排队中... (当前等待: 1)
novelai-gateway  | 05:50:50 | INFO    | gateway    | 🔒 获取锁，开始处理 (剩余等待: 0)
novelai-gateway  | 05:50:59 | INFO    | gateway    | ❄️ 冷却 0.6s
novelai-gateway  | 05:51:00 | INFO    | gateway    | 🔓 释放锁 (当前等待: 0)
novelai-gateway  | 05:51:00 | INFO    | stats      | 生成确认 | 类型: 小图 | 画幅: 832x1216 | 大小: 1.77MB | 今日累计: 小图=44, 大图=0
novelai-gateway  | 📊 生成确认 | 类型: 小图 | 画幅: 832x1216 | 大小: 1.77MB | 今日累计: 小图=44, 大图=0
novelai-gateway  | 05:51:02 | INFO    | gateway    | [generations] client body sampler='k_dpmpp_2m' noise_schedule='karras' | final NAI sampler='k_dpmpp_2m' noise_schedule='karras'
novelai-gateway  | 05:51:02 | INFO    | gateway    | ⏳ 排队中... (当前等待: 1)
novelai-gateway  | 05:51:02 | INFO    | gateway    | 🔒 获取锁，开始处理 (剩余等待: 0)
novelai-gateway  | 05:51:12 | INFO    | gateway    | ❄️ 冷却 0.9s
novelai-gateway  | 📊 生成确认 | 类型: 小图 | 画幅: 832x1216 | 大小: 1.99MB | 今日累计: 小图=45, 大图=0
novelai-gateway  | 05:51:13 | INFO    | gateway    | 🔓 释放锁 (当前等待: 0)
novelai-gateway  | 05:51:13 | INFO    | stats      | 生成确认 | 类型: 小图 | 画幅: 832x1216 | 大小: 1.99MB | 今日累计: 小图=45, 大图=0
novelai-gateway  | 05:51:16 | INFO    | gateway    | [generations] client body sampler='k_dpmpp_2m' noise_schedule='karras' | final NAI sampler='k_dpmpp_2m' noise_schedule='karras'
novelai-gateway  | 05:51:16 | INFO    | gateway    | ⏳ 排队中... (当前等待: 1)
novelai-gateway  | 05:51:16 | INFO    | gateway    | 🔒 获取锁，开始处理 (剩余等待: 0)
novelai-gateway  | 05:51:27 | INFO    | gateway    | ❄️ 冷却 1.0s
novelai-gateway  | 05:51:28 | INFO    | gateway    | 🔓 释放锁 (当前等待: 0)
novelai-gateway  | 📊 生成确认 | 类型: 小图 | 画幅: 832x1216 | 大小: 1.92MB | 今日累计: 小图=46, 大图=0
novelai-gateway  | 05:51:28 | INFO    | stats      | 生成确认 | 类型: 小图 | 画幅: 832x1216 | 大小: 1.92MB | 今日累计: 小图=46, 大图=0
novelai-gateway  | 05:51:30 | INFO    | gateway    | [generations] client body sampler='k_dpmpp_2m' noise_schedule='karras' | final NAI sampler='k_dpmpp_2m' noise_schedule='karras'
novelai-gateway  | 05:51:30 | INFO    | gateway    | ⏳ 排队中... (当前等待: 1)
novelai-gateway  | 05:51:30 | INFO    | gateway    | 🔒 获取锁，开始处理 (剩余等待: 0)
novelai-gateway  | 05:51:40 | INFO    | gateway    | ❄️ 冷却 0.6s
novelai-gateway  | 05:51:41 | INFO    | gateway    | 🔓 释放锁 (当前等待: 0)
novelai-gateway  | 05:51:41 | INFO    | stats      | 生成确认 | 类型: 小图 | 画幅: 832x1216 | 大小: 1.75MB | 今日累计: 小图=47, 大图=0
novelai-gateway  | 📊 生成确认 | 类型: 小图 | 画幅: 832x1216 | 大小: 1.75MB | 今日累计: 小图=47, 大图=0
novelai-gateway  | 05:51:43 | INFO    | gateway    | [generations] client body sampler='k_dpmpp_2m' noise_schedule='karras' | final NAI sampler='k_dpmpp_2m' noise_schedule='karras'
novelai-gateway  | 05:51:43 | INFO    | gateway    | ⏳ 排队中... (当前等待: 1)
novelai-gateway  | 05:51:43 | INFO    | gateway    | 🔒 获取锁，开始处理 (剩余等待: 0)
novelai-gateway  | 05:51:53 | INFO    | gateway    | ❄️ 冷却 0.9s
novelai-gateway  | 05:51:54 | INFO    | gateway    | 🔓 释放锁 (当前等待: 0)
novelai-gateway  | 05:51:54 | INFO    | stats      | 生成确认 | 类型: 小图 | 画幅: 832x1216 | 大小: 1.87MB | 今日累计: 小图=48, 大图=0
novelai-gateway  | 📊 生成确认 | 类型: 小图 | 画幅: 832x1216 | 大小: 1.87MB | 今日累计: 小图=48, 大图=0
novelai-gateway  | 05:51:56 | INFO    | gateway    | [generations] client body sampler='k_dpmpp_2m' noise_schedule='karras' | final NAI sampler='k_dpmpp_2m' noise_schedule='karras'
novelai-gateway  | 05:51:56 | INFO    | gateway    | ⏳ 排队中... (当前等待: 1)
novelai-gateway  | 05:51:56 | INFO    | gateway    | 🔒 获取锁，开始处理 (剩余等待: 0)
novelai-gateway  | 05:52:07 | INFO    | gateway    | ❄️ 冷却 1.0s
novelai-gateway  | 📊 生成确认 | 类型: 小图 | 画幅: 832x1216 | 大小: 1.88MB | 今日累计: 小图=49, 大图=0
novelai-gateway  | 05:52:08 | INFO    | gateway    | 🔓 释放锁 (当前等待: 0)
novelai-gateway  | 05:52:08 | INFO    | stats      | 生成确认 | 类型: 小图 | 画幅: 832x1216 | 大小: 1.88MB | 今日累计: 小图=49, 大图=0
novelai-gateway  | 05:52:34 | INFO    | gateway    | [generations] client body sampler='k_euler_ancestral' noise_schedule='karras' | final NAI sampler='k_euler_ancestral' noise_schedule='karras'
novelai-gateway  | 05:52:34 | INFO    | gateway    | ⏳ 排队中... (当前等待: 1)
novelai-gateway  | 05:52:34 | INFO    | gateway    | 🔒 获取锁，开始处理 (剩余等待: 0)
novelai-gateway  | 05:52:45 | INFO    | gateway    | ❄️ 冷却 0.9s
novelai-gateway  | 05:52:46 | INFO    | gateway    | 🔓 释放锁 (当前等待: 0)
novelai-gateway  | 📊 生成确认 | 类型: 小图 | 画幅: 832x1216 | 大小: 2.22MB | 今日累计: 小图=50, 大图=0
novelai-gateway  | 05:52:46 | INFO    | stats      | 生成确认 | 类型: 小图 | 画幅: 832x1216 | 大小: 2.22MB | 今日累计: 小图=50, 大图=0
novelai-gateway  | 05:53:20 | INFO    | gateway    | [generations] client body sampler='k_euler_ancestral' noise_schedule='karras' | final NAI sampler='k_euler_ancestral' noise_schedule='karras'
novelai-gateway  | 05:53:20 | INFO    | gateway    | ⏳ 排队中... (当前等待: 1)
novelai-gateway  | 05:53:20 | INFO    | gateway    | 🔒 获取锁，开始处理 (剩余等待: 0)
novelai-gateway  | 05:53:28 | INFO    | gateway    | ❄️ 冷却 0.9s
novelai-gateway  | 05:53:29 | INFO    | gateway    | 🔓 释放锁 (当前等待: 0)
novelai-gateway  | 05:53:29 | INFO    | stats      | 生成确认 | 类型: 小图 | 画幅: 832x1216 | 大小: 2.33MB | 今日累计: 小图=51, 大图=0
novelai-gateway  | 📊 生成确认 | 类型: 小图 | 画幅: 832x1216 | 大小: 2.33MB | 今日累计: 小图=51, 大图=0
novelai-gateway  | 05:54:05 | INFO    | gateway    | [generations] client body sampler='k_euler_ancestral' noise_schedule='karras' | final NAI sampler='k_euler_ancestral' noise_schedule='karras'
novelai-gateway  | 05:54:05 | INFO    | gateway    | ⏳ 排队中... (当前等待: 1)
novelai-gateway  | 05:54:05 | INFO    | gateway    | 🔒 获取锁，开始处理 (剩余等待: 0)
novelai-gateway  | 05:54:16 | INFO    | gateway    | ❄️ 冷却 0.9s
novelai-gateway  | 📊 生成确认 | 类型: 小图 | 画幅: 832x1216 | 大小: 2.16MB | 今日累计: 小图=52, 大图=0
novelai-gateway  | 05:54:17 | INFO    | gateway    | 🔓 释放锁 (当前等待: 0)
novelai-gateway  | 05:54:17 | INFO    | stats      | 生成确认 | 类型: 小图 | 画幅: 832x1216 | 大小: 2.16MB | 今日累计: 小图=52, 大图=0
novelai-gateway  | 05:56:36 | INFO    | gateway    | [generations] client body sampler='k_euler_ancestral' noise_schedule='karras' | final NAI sampler='k_euler_ancestral' noise_schedule='karras'
novelai-gateway  | 05:56:36 | INFO    | gateway    | ⏳ 排队中... (当前等待: 1)
novelai-gateway  | 05:56:36 | INFO    | gateway    | 🔒 获取锁，开始处理 (剩余等待: 0)
novelai-gateway  | 05:56:43 | INFO    | gateway    | ❄️ 冷却 1.0s
novelai-gateway  | 05:56:44 | INFO    | gateway    | 🔓 释放锁 (当前等待: 0)
novelai-gateway  | 05:56:44 | INFO    | stats      | 生成确认 | 类型: 小图 | 画幅: 832x1216 | 大小: 2.24MB | 今日累计: 小图=53, 大图=0
novelai-gateway  | 📊 生成确认 | 类型: 小图 | 画幅: 832x1216 | 大小: 2.24MB | 今日累计: 小图=53, 大图=0
novelai-gateway  | 05:57:31 | INFO    | gateway    | [generations] client body sampler='k_euler_ancestral' noise_schedule='karras' | final NAI sampler='k_euler_ancestral' noise_schedule='karras'
novelai-gateway  | 05:57:31 | INFO    | gateway    | ⏳ 排队中... (当前等待: 1)
novelai-gateway  | 05:57:31 | INFO    | gateway    | 🔒 获取锁，开始处理 (剩余等待: 0)
novelai-gateway  | 05:57:38 | INFO    | gateway    | ❄️ 冷却 0.7s
novelai-gateway  | 05:57:39 | INFO    | gateway    | 🔓 释放锁 (当前等待: 0)
novelai-gateway  | 05:57:39 | INFO    | stats      | 生成确认 | 类型: 小图 | 画幅: 832x1216 | 大小: 2.35MB | 今日累计: 小图=54, 大图=0
novelai-gateway  | 📊 生成确认 | 类型: 小图 | 画幅: 832x1216 | 大小: 2.35MB | 今日累计: 小图=54, 大图=0
novelai-gateway  | 05:58:17 | INFO    | gateway    | [generations] client body sampler='k_euler_ancestral' noise_schedule='karras' | final NAI sampler='k_euler_ancestral' noise_schedule='karras'
novelai-gateway  | 05:58:17 | INFO    | gateway    | ⏳ 排队中... (当前等待: 1)
novelai-gateway  | 05:58:17 | INFO    | gateway    | 🔒 获取锁，开始处理 (剩余等待: 0)
novelai-gateway  | 05:58:27 | INFO    | gateway    | ❄️ 冷却 0.7s
novelai-gateway  | 05:58:28 | INFO    | gateway    | 🔓 释放锁 (当前等待: 0)
novelai-gateway  | 📊 生成确认 | 类型: 小图 | 画幅: 832x1216 | 大小: 2.37MB | 今日累计: 小图=55, 大图=0
novelai-gateway  | 05:58:28 | INFO    | stats      | 生成确认 | 类型: 小图 | 画幅: 832x1216 | 大小: 2.37MB | 今日累计: 小图=55, 大图=0
novelai-gateway  | 05:59:09 | INFO    | gateway    | [generations] client body sampler='k_euler_ancestral' noise_schedule='karras' | final NAI sampler='k_euler_ancestral' noise_schedule='karras'
novelai-gateway  | 05:59:09 | INFO    | gateway    | ⏳ 排队中... (当前等待: 1)
novelai-gateway  | 05:59:09 | INFO    | gateway    | 🔒 获取锁，开始处理 (剩余等待: 0)
novelai-gateway  | 05:59:15 | INFO    | gateway    | ❄️ 冷却 0.8s
novelai-gateway  | 05:59:16 | INFO    | gateway    | 🔓 释放锁 (当前等待: 0)
novelai-gateway  | 📊 生成确认 | 类型: 小图 | 画幅: 832x1216 | 大小: 2.35MB | 今日累计: 小图=56, 大图=0
novelai-gateway  | 05:59:16 | INFO    | stats      | 生成确认 | 类型: 小图 | 画幅: 832x1216 | 大小: 2.35MB | 今日累计: 小图=56, 大图=0
novelai-gateway  | 05:59:41 | INFO    | gateway    | [generations] client body sampler='k_euler_ancestral' noise_schedule='karras' | final NAI sampler='k_euler_ancestral' noise_schedule='karras'
novelai-gateway  | 05:59:41 | INFO    | gateway    | ⏳ 排队中... (当前等待: 1)
novelai-gateway  | 05:59:41 | INFO    | gateway    | 🔒 获取锁，开始处理 (剩余等待: 0)
novelai-gateway  | 05:59:50 | INFO    | gateway    | ❄️ 冷却 0.9s
novelai-gateway  | 05:59:51 | INFO    | gateway    | 🔓 释放锁 (当前等待: 0)
novelai-gateway  | 05:59:51 | INFO    | stats      | 生成确认 | 类型: 小图 | 画幅: 832x1216 | 大小: 2.24MB | 今日累计: 小图=57, 大图=0
novelai-gateway  | 📊 生成确认 | 类型: 小图 | 画幅: 832x1216 | 大小: 2.24MB | 今日累计: 小图=57, 大图=0
novelai-gateway  | 06:00:06 | INFO    | gateway    | [generations] client body sampler='k_euler_ancestral' noise_schedule='karras' | final NAI sampler='k_euler_ancestral' noise_schedule='karras'
novelai-gateway  | 06:00:06 | INFO    | gateway    | ⏳ 排队中... (当前等待: 1)
novelai-gateway  | 06:00:06 | INFO    | gateway    | 🔒 获取锁，开始处理 (剩余等待: 0)
novelai-gateway  | 06:00:17 | INFO    | gateway    | ❄️ 冷却 0.8s
novelai-gateway  | 📊 生成确认 | 类型: 小图 | 画幅: 832x1216 | 大小: 2.22MB | 今日累计: 小图=58, 大图=0
novelai-gateway  | 06:00:18 | INFO    | gateway    | 🔓 释放锁 (当前等待: 0)
novelai-gateway  | 06:00:18 | INFO    | stats      | 生成确认 | 类型: 小图 | 画幅: 832x1216 | 大小: 2.22MB | 今日累计: 小图=58, 大图=0
novelai-gateway  | 06:00:42 | INFO    | gateway    | [generations] client body sampler='k_euler_ancestral' noise_schedule='karras' | final NAI sampler='k_euler_ancestral' noise_schedule='karras'
novelai-gateway  | 06:00:42 | INFO    | gateway    | ⏳ 排队中... (当前等待: 1)
novelai-gateway  | 06:00:42 | INFO    | gateway    | 🔒 获取锁，开始处理 (剩余等待: 0)
novelai-gateway  | 06:00:49 | INFO    | gateway    | ❄️ 冷却 0.6s
novelai-gateway  | 06:00:49 | INFO    | gateway    | 🔓 释放锁 (当前等待: 0)
novelai-gateway  | 06:00:49 | INFO    | stats      | 生成确认 | 类型: 小图 | 画幅: 832x1216 | 大小: 2.31MB | 今日累计: 小图=59, 大图=0
novelai-gateway  | 📊 生成确认 | 类型: 小图 | 画幅: 832x1216 | 大小: 2.31MB | 今日累计: 小图=59, 大图=0
novelai-gateway  | 06:03:31 | INFO    | gateway    | [generations] client body sampler='k_euler_ancestral' noise_schedule='karras' | final NAI sampler='k_euler_ancestral' noise_schedule='karras'
novelai-gateway  | 06:03:31 | INFO    | gateway    | ⏳ 排队中... (当前等待: 1)
novelai-gateway  | 06:03:31 | INFO    | gateway    | 🔒 获取锁，开始处理 (剩余等待: 0)
novelai-gateway  | 06:03:41 | INFO    | gateway    | ❄️ 冷却 0.8s
novelai-gateway  | 06:03:42 | INFO    | gateway    | 🔓 释放锁 (当前等待: 0)
novelai-gateway  | 06:03:42 | INFO    | stats      | 生成确认 | 类型: 小图 | 画幅: 832x1216 | 大小: 2.24MB | 今日累计: 小图=60, 大图=0
novelai-gateway  | 📊 生成确认 | 类型: 小图 | 画幅: 832x1216 | 大小: 2.24MB | 今日累计: 小图=60, 大图=0
novelai-gateway  | 06:04:08 | INFO    | gateway    | [generations] client body sampler='k_euler_ancestral' noise_schedule='karras' | final NAI sampler='k_euler_ancestral' noise_schedule='karras'
novelai-gateway  | 06:04:08 | INFO    | gateway    | ⏳ 排队中... (当前等待: 1)
novelai-gateway  | 06:04:08 | INFO    | gateway    | 🔒 获取锁，开始处理 (剩余等待: 0)
novelai-gateway  | 06:04:18 | INFO    | gateway    | ❄️ 冷却 0.6s
novelai-gateway  | 06:04:19 | INFO    | gateway    | 🔓 释放锁 (当前等待: 0)
novelai-gateway  | 📊 生成确认 | 类型: 小图 | 画幅: 832x1216 | 大小: 2.36MB | 今日累计: 小图=61, 大图=0
novelai-gateway  | 06:04:19 | INFO    | stats      | 生成确认 | 类型: 小图 | 画幅: 832x1216 | 大小: 2.36MB | 今日累计: 小图=61, 大图=0
novelai-gateway  | 06:05:26 | INFO    | gateway    | [generations] client body sampler='k_euler_ancestral' noise_schedule='karras' | final NAI sampler='k_euler_ancestral' noise_schedule='karras'
novelai-gateway  | 06:05:26 | INFO    | gateway    | ⏳ 排队中... (当前等待: 1)
novelai-gateway  | 06:05:26 | INFO    | gateway    | 🔒 获取锁，开始处理 (剩余等待: 0)
novelai-gateway  | 06:05:36 | INFO    | gateway    | ❄️ 冷却 0.9s
novelai-gateway  | 06:05:37 | INFO    | gateway    | 🔓 释放锁 (当前等待: 0)
novelai-gateway  | 📊 生成确认 | 类型: 小图 | 画幅: 832x1216 | 大小: 2.38MB | 今日累计: 小图=62, 大图=0
novelai-gateway  | 06:05:37 | INFO    | stats      | 生成确认 | 类型: 小图 | 画幅: 832x1216 | 大小: 2.38MB | 今日累计: 小图=62, 大图=0
novelai-gateway  | 06:05:51 | INFO    | gateway    | [generations] client body sampler='k_euler_ancestral' noise_schedule='karras' | final NAI sampler='k_euler_ancestral' noise_schedule='karras'
novelai-gateway  | 06:05:51 | INFO    | gateway    | ⏳ 排队中... (当前等待: 1)
novelai-gateway  | 06:05:51 | INFO    | gateway    | 🔒 获取锁，开始处理 (剩余等待: 0)
novelai-gateway  | 06:05:58 | INFO    | gateway    | ❄️ 冷却 0.6s
novelai-gateway  | 06:05:59 | INFO    | gateway    | 🔓 释放锁 (当前等待: 0)
novelai-gateway  | 📊 生成确认 | 类型: 小图 | 画幅: 832x1216 | 大小: 2.33MB | 今日累计: 小图=63, 大图=0
novelai-gateway  | 06:05:59 | INFO    | stats      | 生成确认 | 类型: 小图 | 画幅: 832x1216 | 大小: 2.33MB | 今日累计: 小图=63, 大图=0
novelai-gateway  | 06:06:28 | INFO    | gateway    | [generations] client body sampler='k_euler_ancestral' noise_schedule='karras' | final NAI sampler='k_euler_ancestral' noise_schedule='karras'
novelai-gateway  | 06:06:28 | INFO    | gateway    | ⏳ 排队中... (当前等待: 1)
novelai-gateway  | 06:06:28 | INFO    | gateway    | 🔒 获取锁，开始处理 (剩余等待: 0)
novelai-gateway  | 06:06:34 | INFO    | gateway    | ❄️ 冷却 0.6s
novelai-gateway  | 06:06:34 | INFO    | gateway    | 🔓 释放锁 (当前等待: 0)
novelai-gateway  | 06:06:34 | INFO    | stats      | 生成确认 | 类型: 小图 | 画幅: 832x1216 | 大小: 2.37MB | 今日累计: 小图=64, 大图=0
novelai-gateway  | 📊 生成确认 | 类型: 小图 | 画幅: 832x1216 | 大小: 2.37MB | 今日累计: 小图=64, 大图=0
novelai-gateway  | 06:07:44 | INFO    | gateway    | [generations] client body sampler='k_euler_ancestral' noise_schedule='karras' | final NAI sampler='k_euler_ancestral' noise_schedule='karras'
novelai-gateway  | 06:07:44 | INFO    | gateway    | ⏳ 排队中... (当前等待: 1)
novelai-gateway  | 06:07:44 | INFO    | gateway    | 🔒 获取锁，开始处理 (剩余等待: 0)
novelai-gateway  | 06:07:51 | INFO    | gateway    | ❄️ 冷却 0.6s
novelai-gateway  | 06:07:51 | INFO    | gateway    | 🔓 释放锁 (当前等待: 0)
novelai-gateway  | 06:07:51 | INFO    | stats      | 生成确认 | 类型: 小图 | 画幅: 832x1216 | 大小: 2.05MB | 今日累计: 小图=65, 大图=0
novelai-gateway  | 📊 生成确认 | 类型: 小图 | 画幅: 832x1216 | 大小: 2.05MB | 今日累计: 小图=65, 大图=0
novelai-gateway  | 06:08:18 | INFO    | gateway    | [generations] client body sampler='k_euler_ancestral' noise_schedule='karras' | final NAI sampler='k_euler_ancestral' noise_schedule='karras'
novelai-gateway  | 06:08:18 | INFO    | gateway    | ⏳ 排队中... (当前等待: 1)
novelai-gateway  | 06:08:18 | INFO    | gateway    | 🔒 获取锁，开始处理 (剩余等待: 0)
novelai-gateway  | 06:08:25 | INFO    | gateway    | ❄️ 冷却 0.7s
novelai-gateway  | 06:08:26 | INFO    | gateway    | 🔓 释放锁 (当前等待: 0)
novelai-gateway  | 📊 生成确认 | 类型: 小图 | 画幅: 832x1216 | 大小: 2.36MB | 今日累计: 小图=66, 大图=0
novelai-gateway  | 06:08:26 | INFO    | stats      | 生成确认 | 类型: 小图 | 画幅: 832x1216 | 大小: 2.36MB | 今日累计: 小图=66, 大图=0
novelai-gateway  | 06:10:08 | INFO    | gateway    | [generations] client body sampler='k_euler_ancestral' noise_schedule='karras' | final NAI sampler='k_euler_ancestral' noise_schedule='karras'
novelai-gateway  | 06:10:08 | INFO    | gateway    | ⏳ 排队中... (当前等待: 1)
novelai-gateway  | 06:10:08 | INFO    | gateway    | 🔒 获取锁，开始处理 (剩余等待: 0)
novelai-gateway  | 06:10:19 | INFO    | gateway    | ❄️ 冷却 0.7s
novelai-gateway  | 06:10:20 | INFO    | gateway    | 🔓 释放锁 (当前等待: 0)
novelai-gateway  | 06:10:20 | INFO    | stats      | 生成确认 | 类型: 小图 | 画幅: 832x1216 | 大小: 2.30MB | 今日累计: 小图=67, 大图=0
novelai-gateway  | 📊 生成确认 | 类型: 小图 | 画幅: 832x1216 | 大小: 2.30MB | 今日累计: 小图=67, 大图=0
novelai-gateway  | 06:12:11 | INFO    | gateway    | [generations] client body sampler='k_euler_ancestral' noise_schedule='karras' | final NAI sampler='k_euler_ancestral' noise_schedule='karras'
novelai-gateway  | 06:12:11 | INFO    | gateway    | ⏳ 排队中... (当前等待: 1)
novelai-gateway  | 06:12:11 | INFO    | gateway    | 🔒 获取锁，开始处理 (剩余等待: 0)
novelai-gateway  | 06:12:18 | INFO    | gateway    | ❄️ 冷却 0.6s
novelai-gateway  | 📊 生成确认 | 类型: 小图 | 画幅: 832x1216 | 大小: 2.22MB | 今日累计: 小图=68, 大图=0
novelai-gateway  | 06:12:18 | INFO    | gateway    | 🔓 释放锁 (当前等待: 0)
novelai-gateway  | 06:12:18 | INFO    | stats      | 生成确认 | 类型: 小图 | 画幅: 832x1216 | 大小: 2.22MB | 今日累计: 小图=68, 大图=0
novelai-gateway  | 06:12:54 | INFO    | gateway    | [generations] client body sampler='k_euler_ancestral' noise_schedule='karras' | final NAI sampler='k_euler_ancestral' noise_schedule='karras'
novelai-gateway  | 06:12:54 | INFO    | gateway    | ⏳ 排队中... (当前等待: 1)
novelai-gateway  | 06:12:54 | INFO    | gateway    | 🔒 获取锁，开始处理 (剩余等待: 0)
novelai-gateway  | 06:13:04 | INFO    | gateway    | ❄️ 冷却 0.6s
novelai-gateway  | 06:13:05 | INFO    | gateway    | 🔓 释放锁 (当前等待: 0)
novelai-gateway  | 06:13:05 | INFO    | stats      | 生成确认 | 类型: 小图 | 画幅: 832x1216 | 大小: 2.31MB | 今日累计: 小图=69, 大图=0
novelai-gateway  | 📊 生成确认 | 类型: 小图 | 画幅: 832x1216 | 大小: 2.31MB | 今日累计: 小图=69, 大图=0
novelai-gateway  | 06:13:43 | INFO    | gateway    | [generations] client body sampler='k_euler_ancestral' noise_schedule='karras' | final NAI sampler='k_euler_ancestral' noise_schedule='karras'
novelai-gateway  | 06:13:43 | INFO    | gateway    | ⏳ 排队中... (当前等待: 1)
novelai-gateway  | 06:13:43 | INFO    | gateway    | 🔒 获取锁，开始处理 (剩余等待: 0)
novelai-gateway  | 06:13:51 | INFO    | gateway    | ❄️ 冷却 0.9s
novelai-gateway  | 06:13:52 | INFO    | gateway    | 🔓 释放锁 (当前等待: 0)
novelai-gateway  | 📊 生成确认 | 类型: 小图 | 画幅: 832x1216 | 大小: 2.31MB | 今日累计: 小图=70, 大图=0
novelai-gateway  | 06:13:52 | INFO    | stats      | 生成确认 | 类型: 小图 | 画幅: 832x1216 | 大小: 2.31MB | 今日累计: 小图=70, 大图=0
novelai-gateway  | 06:14:16 | INFO    | gateway    | [generations] client body sampler='k_euler_ancestral' noise_schedule='karras' | final NAI sampler='k_euler_ancestral' noise_schedule='karras'
novelai-gateway  | 06:14:16 | INFO    | gateway    | ⏳ 排队中... (当前等待: 1)
novelai-gateway  | 06:14:16 | INFO    | gateway    | 🔒 获取锁，开始处理 (剩余等待: 0)
novelai-gateway  | 06:14:23 | INFO    | gateway    | ❄️ 冷却 0.6s
novelai-gateway  | 06:14:23 | INFO    | gateway    | 🔓 释放锁 (当前等待: 0)
novelai-gateway  | 06:14:23 | INFO    | stats      | 生成确认 | 类型: 小图 | 画幅: 832x1216 | 大小: 2.22MB | 今日累计: 小图=71, 大图=0
novelai-gateway  | 📊 生成确认 | 类型: 小图 | 画幅: 832x1216 | 大小: 2.22MB | 今日累计: 小图=71, 大图=0
novelai-gateway  | 06:14:41 | INFO    | gateway    | [generations] client body sampler='k_euler_ancestral' noise_schedule='karras' | final NAI sampler='k_euler_ancestral' noise_schedule='karras'
novelai-gateway  | 06:14:41 | INFO    | gateway    | ⏳ 排队中... (当前等待: 1)
novelai-gateway  | 06:14:41 | INFO    | gateway    | 🔒 获取锁，开始处理 (剩余等待: 0)
novelai-gateway  | 06:14:48 | INFO    | gateway    | ❄️ 冷却 0.7s
novelai-gateway  | 06:14:48 | INFO    | gateway    | 🔓 释放锁 (当前等待: 0)
novelai-gateway  | 📊 生成确认 | 类型: 小图 | 画幅: 832x1216 | 大小: 2.26MB | 今日累计: 小图=72, 大图=0
novelai-gateway  | 06:14:48 | INFO    | stats      | 生成确认 | 类型: 小图 | 画幅: 832x1216 | 大小: 2.26MB | 今日累计: 小图=72, 大图=0
novelai-gateway  | 06:15:31 | INFO    | gateway    | [generations] client body sampler='k_euler_ancestral' noise_schedule='karras' | final NAI sampler='k_euler_ancestral' noise_schedule='karras'
novelai-gateway  | 06:15:31 | INFO    | gateway    | ⏳ 排队中... (当前等待: 1)
novelai-gateway  | 06:15:31 | INFO    | gateway    | 🔒 获取锁，开始处理 (剩余等待: 0)
novelai-gateway  | 06:15:38 | INFO    | gateway    | ❄️ 冷却 0.8s
novelai-gateway  | 06:15:38 | INFO    | gateway    | 🔓 释放锁 (当前等待: 0)
novelai-gateway  | 06:15:38 | INFO    | stats      | 生成确认 | 类型: 小图 | 画幅: 832x1216 | 大小: 2.22MB | 今日累计: 小图=73, 大图=0
novelai-gateway  | 📊 生成确认 | 类型: 小图 | 画幅: 832x1216 | 大小: 2.22MB | 今日累计: 小图=73, 大图=0
novelai-gateway  | 06:44:50 | INFO    | gateway    | [generations] client body sampler='k_euler_ancestral' noise_schedule='karras' | final NAI sampler='k_euler_ancestral' noise_schedule='karras'
novelai-gateway  | 06:44:50 | INFO    | gateway    | ⏳ 排队中... (当前等待: 1)
novelai-gateway  | 06:44:50 | INFO    | gateway    | 🔒 获取锁，开始处理 (剩余等待: 0)
novelai-gateway  | 06:45:01 | INFO    | gateway    | ❄️ 冷却 0.6s
novelai-gateway  | 06:45:01 | INFO    | gateway    | 🔓 释放锁 (当前等待: 0)
novelai-gateway  | 06:45:01 | INFO    | stats      | 生成确认 | 类型: 小图 | 画幅: 832x1216 | 大小: 2.32MB | 今日累计: 小图=74, 大图=0
novelai-gateway  | 📊 生成确认 | 类型: 小图 | 画幅: 832x1216 | 大小: 2.32MB | 今日累计: 小图=74, 大图=0
novelai-gateway  | 06:46:36 | INFO    | gateway    | [generations] client body sampler='k_euler_ancestral' noise_schedule='karras' | final NAI sampler='k_euler_ancestral' noise_schedule='karras'
novelai-gateway  | 06:46:36 | INFO    | gateway    | ⏳ 排队中... (当前等待: 1)
novelai-gateway  | 06:46:36 | INFO    | gateway    | 🔒 获取锁，开始处理 (剩余等待: 0)
novelai-gateway  | 06:46:42 | INFO    | gateway    | ❄️ 冷却 0.8s
novelai-gateway  | 06:46:43 | INFO    | gateway    | 🔓 释放锁 (当前等待: 0)
novelai-gateway  | 06:46:43 | INFO    | stats      | 生成确认 | 类型: 小图 | 画幅: 832x1216 | 大小: 2.37MB | 今日累计: 小图=75, 大图=0
novelai-gateway  | 📊 生成确认 | 类型: 小图 | 画幅: 832x1216 | 大小: 2.37MB | 今日累计: 小图=75, 大图=0
novelai-gateway  | 06:48:42 | INFO    | gateway    | [generations] client body sampler='k_euler_ancestral' noise_schedule='karras' | final NAI sampler='k_euler_ancestral' noise_schedule='karras'
novelai-gateway  | 06:48:42 | INFO    | gateway    | ⏳ 排队中... (当前等待: 1)
novelai-gateway  | 06:48:42 | INFO    | gateway    | 🔒 获取锁，开始处理 (剩余等待: 0)
novelai-gateway  | 06:48:49 | INFO    | gateway    | ❄️ 冷却 0.6s
novelai-gateway  | 06:48:50 | INFO    | gateway    | 🔓 释放锁 (当前等待: 0)
novelai-gateway  | 06:48:50 | INFO    | stats      | 生成确认 | 类型: 小图 | 画幅: 832x1216 | 大小: 2.37MB | 今日累计: 小图=76, 大图=0
novelai-gateway  | 📊 生成确认 | 类型: 小图 | 画幅: 832x1216 | 大小: 2.37MB | 今日累计: 小图=76, 大图=0
novelai-gateway  | 06:49:15 | INFO    | gateway    | [generations] client body sampler='k_euler_ancestral' noise_schedule='karras' | final NAI sampler='k_euler_ancestral' noise_schedule='karras'
novelai-gateway  | 06:49:15 | INFO    | gateway    | ⏳ 排队中... (当前等待: 1)
novelai-gateway  | 06:49:15 | INFO    | gateway    | 🔒 获取锁，开始处理 (剩余等待: 0)
novelai-gateway  | 06:49:26 | INFO    | gateway    | ❄️ 冷却 0.9s
novelai-gateway  | 📊 生成确认 | 类型: 小图 | 画幅: 832x1216 | 大小: 2.33MB | 今日累计: 小图=77, 大图=0
novelai-gateway  | 06:49:27 | INFO    | gateway    | 🔓 释放锁 (当前等待: 0)
novelai-gateway  | 06:49:27 | INFO    | stats      | 生成确认 | 类型: 小图 | 画幅: 832x1216 | 大小: 2.33MB | 今日累计: 小图=77, 大图=0
novelai-gateway  | 06:52:04 | INFO    | gateway    | [generations] client body sampler='k_euler_ancestral' noise_schedule='karras' | final NAI sampler='k_euler_ancestral' noise_schedule='karras'
novelai-gateway  | 06:52:04 | INFO    | gateway    | ⏳ 排队中... (当前等待: 1)
novelai-gateway  | 06:52:04 | INFO    | gateway    | 🔒 获取锁，开始处理 (剩余等待: 0)
novelai-gateway  | 06:52:10 | INFO    | gateway    | ❄️ 冷却 0.8s
novelai-gateway  | 06:52:11 | INFO    | gateway    | 🔓 释放锁 (当前等待: 0)
novelai-gateway  | 06:52:11 | INFO    | stats      | 生成确认 | 类型: 小图 | 画幅: 832x1216 | 大小: 2.29MB | 今日累计: 小图=78, 大图=0
novelai-gateway  | 📊 生成确认 | 类型: 小图 | 画幅: 832x1216 | 大小: 2.29MB | 今日累计: 小图=78, 大图=0
novelai-gateway  | 06:52:38 | INFO    | gateway    | [generations] client body sampler='k_euler_ancestral' noise_schedule='karras' | final NAI sampler='k_euler_ancestral' noise_schedule='karras'
novelai-gateway  | 06:52:38 | INFO    | gateway    | ⏳ 排队中... (当前等待: 1)
novelai-gateway  | 06:52:38 | INFO    | gateway    | 🔒 获取锁，开始处理 (剩余等待: 0)
novelai-gateway  | 06:52:44 | INFO    | gateway    | ❄️ 冷却 0.6s
novelai-gateway  | 06:52:44 | INFO    | gateway    | 🔓 释放锁 (当前等待: 0)
novelai-gateway  | 06:52:44 | INFO    | stats      | 生成确认 | 类型: 小图 | 画幅: 832x1216 | 大小: 2.35MB | 今日累计: 小图=79, 大图=0
novelai-gateway  | 📊 生成确认 | 类型: 小图 | 画幅: 832x1216 | 大小: 2.35MB | 今日累计: 小图=79, 大图=0
novelai-gateway  | 06:55:42 | INFO    | gateway    | [generations] client body sampler='k_euler_ancestral' noise_schedule='karras' | final NAI sampler='k_euler_ancestral' noise_schedule='karras'
novelai-gateway  | 06:55:42 | INFO    | gateway    | ⏳ 排队中... (当前等待: 1)
novelai-gateway  | 06:55:42 | INFO    | gateway    | 🔒 获取锁，开始处理 (剩余等待: 0)
novelai-gateway  | 06:55:53 | INFO    | gateway    | ❄️ 冷却 0.9s
novelai-gateway  | 06:55:54 | INFO    | gateway    | 🔓 释放锁 (当前等待: 0)
novelai-gateway  | 📊 生成确认 | 类型: 小图 | 画幅: 832x1216 | 大小: 2.37MB | 今日累计: 小图=80, 大图=0
novelai-gateway  | 06:55:54 | INFO    | stats      | 生成确认 | 类型: 小图 | 画幅: 832x1216 | 大小: 2.37MB | 今日累计: 小图=80, 大图=0
novelai-gateway  | 06:56:12 | INFO    | gateway    | [generations] client body sampler='k_euler_ancestral' noise_schedule='karras' | final NAI sampler='k_euler_ancestral' noise_schedule='karras'
novelai-gateway  | 06:56:12 | INFO    | gateway    | ⏳ 排队中... (当前等待: 1)
novelai-gateway  | 06:56:12 | INFO    | gateway    | 🔒 获取锁，开始处理 (剩余等待: 0)
novelai-gateway  | 06:56:23 | INFO    | gateway    | ❄️ 冷却 0.8s
novelai-gateway  | 06:56:24 | INFO    | gateway    | 🔓 释放锁 (当前等待: 0)
novelai-gateway  | 📊 生成确认 | 类型: 小图 | 画幅: 832x1216 | 大小: 2.31MB | 今日累计: 小图=81, 大图=0
novelai-gateway  | 06:56:24 | INFO    | stats      | 生成确认 | 类型: 小图 | 画幅: 832x1216 | 大小: 2.31MB | 今日累计: 小图=81, 大图=0
novelai-gateway  | 06:56:50 | INFO    | gateway    | [generations] client body sampler='k_euler_ancestral' noise_schedule='karras' | final NAI sampler='k_euler_ancestral' noise_schedule='karras'
novelai-gateway  | 06:56:50 | INFO    | gateway    | ⏳ 排队中... (当前等待: 1)
novelai-gateway  | 06:56:50 | INFO    | gateway    | 🔒 获取锁，开始处理 (剩余等待: 0)
novelai-gateway  | 06:57:00 | INFO    | gateway    | ❄️ 冷却 0.9s
novelai-gateway  | 06:57:01 | INFO    | gateway    | 🔓 释放锁 (当前等待: 0)
novelai-gateway  | 06:57:01 | INFO    | stats      | 生成确认 | 类型: 小图 | 画幅: 832x1216 | 大小: 2.19MB | 今日累计: 小图=82, 大图=0
novelai-gateway  | 📊 生成确认 | 类型: 小图 | 画幅: 832x1216 | 大小: 2.19MB | 今日累计: 小图=82, 大图=0
novelai-gateway  | 06:57:14 | INFO    | gateway    | [generations] client body sampler='k_euler_ancestral' noise_schedule='karras' | final NAI sampler='k_euler_ancestral' noise_schedule='karras'
novelai-gateway  | 06:57:14 | INFO    | gateway    | ⏳ 排队中... (当前等待: 1)
novelai-gateway  | 06:57:14 | INFO    | gateway    | 🔒 获取锁，开始处理 (剩余等待: 0)
novelai-gateway  | 06:57:21 | INFO    | gateway    | ❄️ 冷却 0.7s
novelai-gateway  | 06:57:21 | INFO    | gateway    | 🔓 释放锁 (当前等待: 0)
novelai-gateway  | 06:57:21 | INFO    | stats      | 生成确认 | 类型: 小图 | 画幅: 832x1216 | 大小: 2.35MB | 今日累计: 小图=83, 大图=0
novelai-gateway  | 📊 生成确认 | 类型: 小图 | 画幅: 832x1216 | 大小: 2.35MB | 今日累计: 小图=83, 大图=0
novelai-gateway  | 06:57:33 | INFO    | gateway    | [generations] client body sampler='k_euler_ancestral' noise_schedule='karras' | final NAI sampler='k_euler_ancestral' noise_schedule='karras'
novelai-gateway  | 06:57:33 | INFO    | gateway    | ⏳ 排队中... (当前等待: 1)
novelai-gateway  | 06:57:33 | INFO    | gateway    | 🔒 获取锁，开始处理 (剩余等待: 0)
novelai-gateway  | 06:57:42 | INFO    | gateway    | ❄️ 冷却 0.8s
novelai-gateway  | 06:57:43 | INFO    | gateway    | 🔓 释放锁 (当前等待: 0)
novelai-gateway  | 📊 生成确认 | 类型: 小图 | 画幅: 832x1216 | 大小: 2.22MB | 今日累计: 小图=84, 大图=0
novelai-gateway  | 06:57:43 | INFO    | stats      | 生成确认 | 类型: 小图 | 画幅: 832x1216 | 大小: 2.22MB | 今日累计: 小图=84, 大图=0
novelai-gateway  | 11:30:53 | ERROR   | gateway    | ❌ 站点代理失败 (): All connection attempts failed
novelai-gateway  | 12:45:59 | INFO    | gateway    | [generations] client body sampler='k_dpmpp_2m' noise_schedule='karras' | final NAI sampler='k_dpmpp_2m' noise_schedule='karras'
novelai-gateway  | 12:45:59 | INFO    | gateway    | ⏳ 排队中... (当前等待: 1)
novelai-gateway  | 12:45:59 | INFO    | gateway    | 🔒 获取锁，开始处理 (剩余等待: 0)
novelai-gateway  | 12:45:59 | ERROR   | gateway    | ❌ NAI 请求失败 (https://text.novelai.net/ai/generate-image): All connection attempts failed
novelai-gateway  | 12:45:59 | INFO    | gateway    | ❄️ 冷却 0.9s
novelai-gateway  | 12:46:00 | INFO    | gateway    | 🔓 释放锁 (当前等待: 0)
novelai-gateway  | 12:46:00 | INFO    | gateway    | [generations] client body sampler='k_dpmpp_2m' noise_schedule='karras' | final NAI sampler='k_dpmpp_2m' noise_schedule='karras'
novelai-gateway  | 12:46:00 | INFO    | gateway    | ⏳ 排队中... (当前等待: 1)
novelai-gateway  | 12:46:00 | INFO    | gateway    | 🔒 获取锁，开始处理 (剩余等待: 0)
novelai-gateway  | 12:46:00 | ERROR   | gateway    | ❌ NAI 请求失败 (https://text.novelai.net/ai/generate-image): All connection attempts failed
novelai-gateway  | 12:46:00 | INFO    | gateway    | ❄️ 冷却 0.6s
novelai-gateway  | 12:46:01 | INFO    | gateway    | 🔓 释放锁 (当前等待: 0)
novelai-gateway  | 12:46:01 | INFO    | gateway    | [generations] client body sampler='k_dpmpp_2m' noise_schedule='karras' | final NAI sampler='k_dpmpp_2m' noise_schedule='karras'
novelai-gateway  | 12:46:01 | INFO    | gateway    | ⏳ 排队中... (当前等待: 1)
novelai-gateway  | 12:46:01 | INFO    | gateway    | 🔒 获取锁，开始处理 (剩余等待: 0)
novelai-gateway  | 12:46:01 | ERROR   | gateway    | ❌ NAI 请求失败 (https://text.novelai.net/ai/generate-image): All connection attempts failed
novelai-gateway  | 12:46:01 | INFO    | gateway    | ❄️ 冷却 0.6s
novelai-gateway  | 12:46:01 | INFO    | gateway    | 🔓 释放锁 (当前等待: 0)
novelai-gateway  | 12:46:01 | INFO    | gateway    | [generations] client body sampler='k_dpmpp_2m' noise_schedule='karras' | final NAI sampler='k_dpmpp_2m' noise_schedule='karras'
novelai-gateway  | 12:46:01 | INFO    | gateway    | ⏳ 排队中... (当前等待: 1)
novelai-gateway  | 12:46:01 | INFO    | gateway    | 🔒 获取锁，开始处理 (剩余等待: 0)
novelai-gateway  | 12:46:01 | ERROR   | gateway    | ❌ NAI 请求失败 (https://text.novelai.net/ai/generate-image): All connection attempts failed
novelai-gateway  | 12:46:01 | INFO    | gateway    | ❄️ 冷却 0.8s
novelai-gateway  | 12:46:02 | INFO    | gateway    | 🔓 释放锁 (当前等待: 0)
novelai-gateway  | 12:46:02 | INFO    | gateway    | [generations] client body sampler='k_dpmpp_2m' noise_schedule='karras' | final NAI sampler='k_dpmpp_2m' noise_schedule='karras'
novelai-gateway  | 12:46:02 | INFO    | gateway    | ⏳ 排队中... (当前等待: 1)
novelai-gateway  | 12:46:02 | INFO    | gateway    | 🔒 获取锁，开始处理 (剩余等待: 0)
novelai-gateway  | 12:46:02 | ERROR   | gateway    | ❌ NAI 请求失败 (https://text.novelai.net/ai/generate-image): All connection attempts failed
novelai-gateway  | 12:46:02 | INFO    | gateway    | ❄️ 冷却 0.5s
novelai-gateway  | 12:46:03 | INFO    | gateway    | 🔓 释放锁 (当前等待: 0)
novelai-gateway  | 12:46:03 | INFO    | gateway    | [generations] client body sampler='k_dpmpp_2m' noise_schedule='karras' | final NAI sampler='k_dpmpp_2m' noise_schedule='karras'
novelai-gateway  | 12:46:03 | INFO    | gateway    | ⏳ 排队中... (当前等待: 1)
novelai-gateway  | 12:46:03 | INFO    | gateway    | 🔒 获取锁，开始处理 (剩余等待: 0)
novelai-gateway  | 12:46:03 | ERROR   | gateway    | ❌ NAI 请求失败 (https://text.novelai.net/ai/generate-image): All connection attempts failed
novelai-gateway  | 12:46:03 | INFO    | gateway    | ❄️ 冷却 0.9s
novelai-gateway  | 12:46:04 | INFO    | gateway    | 🔓 释放锁 (当前等待: 0)
novelai-gateway  | 12:46:04 | INFO    | gateway    | [generations] client body sampler='k_dpmpp_2m' noise_schedule='karras' | final NAI sampler='k_dpmpp_2m' noise_schedule='karras'
novelai-gateway  | 12:46:04 | INFO    | gateway    | ⏳ 排队中... (当前等待: 1)
novelai-gateway  | 12:46:04 | INFO    | gateway    | 🔒 获取锁，开始处理 (剩余等待: 0)
novelai-gateway  | 12:46:04 | ERROR   | gateway    | ❌ NAI 请求失败 (https://text.novelai.net/ai/generate-image): All connection attempts failed
novelai-gateway  | 12:46:04 | INFO    | gateway    | ❄️ 冷却 0.7s
novelai-gateway  | 12:46:04 | INFO    | gateway    | 🔓 释放锁 (当前等待: 0)
novelai-gateway  | 12:46:04 | INFO    | gateway    | [generations] client body sampler='k_dpmpp_2m' noise_schedule='karras' | final NAI sampler='k_dpmpp_2m' noise_schedule='karras'
novelai-gateway  | 12:46:04 | INFO    | gateway    | ⏳ 排队中... (当前等待: 1)
novelai-gateway  | 12:46:04 | INFO    | gateway    | 🔒 获取锁，开始处理 (剩余等待: 0)
novelai-gateway  | 12:46:04 | ERROR   | gateway    | ❌ NAI 请求失败 (https://text.novelai.net/ai/generate-image): All connection attempts failed
novelai-gateway  | 12:46:04 | INFO    | gateway    | ❄️ 冷却 1.0s
novelai-gateway  | 12:46:05 | INFO    | gateway    | 🔓 释放锁 (当前等待: 0)
novelai-gateway  | 12:46:05 | INFO    | gateway    | [generations] client body sampler='k_dpmpp_2m' noise_schedule='karras' | final NAI sampler='k_dpmpp_2m' noise_schedule='karras'
novelai-gateway  | 12:46:05 | INFO    | gateway    | ⏳ 排队中... (当前等待: 1)
novelai-gateway  | 12:46:05 | INFO    | gateway    | 🔒 获取锁，开始处理 (剩余等待: 0)
novelai-gateway  | 12:46:05 | ERROR   | gateway    | ❌ NAI 请求失败 (https://text.novelai.net/ai/generate-image): All connection attempts failed
novelai-gateway  | 12:46:05 | INFO    | gateway    | ❄️ 冷却 0.8s
novelai-gateway  | 12:46:06 | INFO    | gateway    | 🔓 释放锁 (当前等待: 0)
novelai-gateway  | 12:46:06 | INFO    | gateway    | [generations] client body sampler='k_dpmpp_2m' noise_schedule='karras' | final NAI sampler='k_dpmpp_2m' noise_schedule='karras'
novelai-gateway  | 12:46:06 | INFO    | gateway    | ⏳ 排队中... (当前等待: 1)
novelai-gateway  | 12:46:06 | INFO    | gateway    | 🔒 获取锁，开始处理 (剩余等待: 0)
novelai-gateway  | 12:46:06 | ERROR   | gateway    | ❌ NAI 请求失败 (https://text.novelai.net/ai/generate-image): All connection attempts failed
novelai-gateway  | 12:46:06 | INFO    | gateway    | ❄️ 冷却 0.7s
novelai-gateway  | 12:46:07 | INFO    | gateway    | 🔓 释放锁 (当前等待: 0)
novelai-gateway  | 12:46:07 | INFO    | gateway    | [generations] client body sampler='k_dpmpp_2m' noise_schedule='karras' | final NAI sampler='k_dpmpp_2m' noise_schedule='karras'
novelai-gateway  | 12:46:07 | INFO    | gateway    | ⏳ 排队中... (当前等待: 1)
novelai-gateway  | 12:46:07 | INFO    | gateway    | 🔒 获取锁，开始处理 (剩余等待: 0)
novelai-gateway  | 12:46:07 | ERROR   | gateway    | ❌ NAI 请求失败 (https://text.novelai.net/ai/generate-image): All connection attempts failed
novelai-gateway  | 12:46:07 | INFO    | gateway    | ❄️ 冷却 0.9s
novelai-gateway  | 12:46:08 | INFO    | gateway    | 🔓 释放锁 (当前等待: 0)
novelai-gateway  | 12:46:09 | INFO    | gateway    | [generations] client body sampler='k_dpmpp_2m' noise_schedule='karras' | final NAI sampler='k_dpmpp_2m' noise_schedule='karras'
novelai-gateway  | 12:46:09 | INFO    | gateway    | ⏳ 排队中... (当前等待: 1)
novelai-gateway  | 12:46:09 | INFO    | gateway    | 🔒 获取锁，开始处理 (剩余等待: 0)
novelai-gateway  | 12:46:09 | ERROR   | gateway    | ❌ NAI 请求失败 (https://text.novelai.net/ai/generate-image): All connection attempts failed
novelai-gateway  | 12:46:09 | INFO    | gateway    | ❄️ 冷却 0.7s
novelai-gateway  | 12:46:09 | INFO    | gateway    | 🔓 释放锁 (当前等待: 0)
novelai-gateway  | 12:46:09 | INFO    | gateway    | [generations] client body sampler='k_dpmpp_2m' noise_schedule='karras' | final NAI sampler='k_dpmpp_2m' noise_schedule='karras'
novelai-gateway  | 12:46:09 | INFO    | gateway    | ⏳ 排队中... (当前等待: 1)
novelai-gateway  | 12:46:09 | INFO    | gateway    | 🔒 获取锁，开始处理 (剩余等待: 0)
novelai-gateway  | 12:46:09 | ERROR   | gateway    | ❌ NAI 请求失败 (https://text.novelai.net/ai/generate-image): All connection attempts failed
novelai-gateway  | 12:46:09 | INFO    | gateway    | ❄️ 冷却 1.0s
novelai-gateway  | 12:46:10 | INFO    | gateway    | 🔓 释放锁 (当前等待: 0)
novelai-gateway  | 12:46:10 | INFO    | gateway    | [generations] client body sampler='k_dpmpp_2m' noise_schedule='karras' | final NAI sampler='k_dpmpp_2m' noise_schedule='karras'
novelai-gateway  | 12:46:10 | INFO    | gateway    | ⏳ 排队中... (当前等待: 1)
novelai-gateway  | 12:46:10 | INFO    | gateway    | 🔒 获取锁，开始处理 (剩余等待: 0)
novelai-gateway  | 12:46:10 | ERROR   | gateway    | ❌ NAI 请求失败 (https://text.novelai.net/ai/generate-image): All connection attempts failed
novelai-gateway  | 12:46:10 | INFO    | gateway    | ❄️ 冷却 0.7s
novelai-gateway  | 12:46:11 | INFO    | gateway    | 🔓 释放锁 (当前等待: 0)
novelai-gateway  | 12:46:11 | INFO    | gateway    | [generations] client body sampler='k_dpmpp_2m' noise_schedule='karras' | final NAI sampler='k_dpmpp_2m' noise_schedule='karras'
novelai-gateway  | 12:46:11 | INFO    | gateway    | ⏳ 排队中... (当前等待: 1)
novelai-gateway  | 12:46:11 | INFO    | gateway    | 🔒 获取锁，开始处理 (剩余等待: 0)
novelai-gateway  | 12:46:11 | ERROR   | gateway    | ❌ NAI 请求失败 (https://text.novelai.net/ai/generate-image): All connection attempts failed
novelai-gateway  | 12:46:11 | INFO    | gateway    | ❄️ 冷却 0.6s
novelai-gateway  | 12:46:12 | INFO    | gateway    | 🔓 释放锁 (当前等待: 0)
novelai-gateway  | 12:46:12 | INFO    | gateway    | [generations] client body sampler='k_dpmpp_2m' noise_schedule='karras' | final NAI sampler='k_dpmpp_2m' noise_schedule='karras'
novelai-gateway  | 12:46:12 | INFO    | gateway    | ⏳ 排队中... (当前等待: 1)
novelai-gateway  | 12:46:12 | INFO    | gateway    | 🔒 获取锁，开始处理 (剩余等待: 0)
novelai-gateway  | 12:46:12 | ERROR   | gateway    | ❌ NAI 请求失败 (https://text.novelai.net/ai/generate-image): All connection attempts failed
novelai-gateway  | 12:46:12 | INFO    | gateway    | ❄️ 冷却 0.5s
novelai-gateway  | 12:46:12 | INFO    | gateway    | 🔓 释放锁 (当前等待: 0)
novelai-gateway  | 12:46:12 | INFO    | gateway    | [generations] client body sampler='k_dpmpp_2m' noise_schedule='karras' | final NAI sampler='k_dpmpp_2m' noise_schedule='karras'
novelai-gateway  | 12:46:12 | INFO    | gateway    | ⏳ 排队中... (当前等待: 1)
novelai-gateway  | 12:46:12 | INFO    | gateway    | 🔒 获取锁，开始处理 (剩余等待: 0)
novelai-gateway  | 12:46:12 | ERROR   | gateway    | ❌ NAI 请求失败 (https://text.novelai.net/ai/generate-image): All connection attempts failed
novelai-gateway  | 12:46:12 | INFO    | gateway    | ❄️ 冷却 0.8s
novelai-gateway  | 12:46:13 | INFO    | gateway    | 🔓 释放锁 (当前等待: 0)
novelai-gateway  | 12:46:13 | INFO    | gateway    | [generations] client body sampler='k_dpmpp_2m' noise_schedule='karras' | final NAI sampler='k_dpmpp_2m' noise_schedule='karras'
novelai-gateway  | 12:46:13 | INFO    | gateway    | ⏳ 排队中... (当前等待: 1)
novelai-gateway  | 12:46:13 | INFO    | gateway    | 🔒 获取锁，开始处理 (剩余等待: 0)
novelai-gateway  | 12:46:13 | ERROR   | gateway    | ❌ NAI 请求失败 (https://text.novelai.net/ai/generate-image): All connection attempts failed
novelai-gateway  | 12:46:13 | INFO    | gateway    | ❄️ 冷却 0.6s
novelai-gateway  | 12:46:14 | INFO    | gateway    | 🔓 释放锁 (当前等待: 0)
novelai-gateway  | 12:46:14 | INFO    | gateway    | [generations] client body sampler='k_dpmpp_2m' noise_schedule='karras' | final NAI sampler='k_dpmpp_2m' noise_schedule='karras'
novelai-gateway  | 12:46:14 | INFO    | gateway    | ⏳ 排队中... (当前等待: 1)
novelai-gateway  | 12:46:14 | INFO    | gateway    | 🔒 获取锁，开始处理 (剩余等待: 0)
novelai-gateway  | 12:46:14 | ERROR   | gateway    | ❌ NAI 请求失败 (https://text.novelai.net/ai/generate-image): All connection attempts failed
novelai-gateway  | 12:46:14 | INFO    | gateway    | ❄️ 冷却 0.6s
novelai-gateway  | 12:46:14 | INFO    | gateway    | 🔓 释放锁 (当前等待: 0)
novelai-gateway  | 12:46:14 | INFO    | gateway    | [generations] client body sampler='k_dpmpp_2m' noise_schedule='karras' | final NAI sampler='k_dpmpp_2m' noise_schedule='karras'
novelai-gateway  | 12:46:14 | INFO    | gateway    | ⏳ 排队中... (当前等待: 1)
novelai-gateway  | 12:46:14 | INFO    | gateway    | 🔒 获取锁，开始处理 (剩余等待: 0)
novelai-gateway  | 12:46:14 | ERROR   | gateway    | ❌ NAI 请求失败 (https://text.novelai.net/ai/generate-image): All connection attempts failed
novelai-gateway  | 12:46:14 | INFO    | gateway    | ❄️ 冷却 0.7s
novelai-gateway  | 12:46:15 | INFO    | gateway    | 🔓 释放锁 (当前等待: 0)
novelai-gateway  | 12:46:15 | INFO    | gateway    | [generations] client body sampler='k_dpmpp_2m' noise_schedule='karras' | final NAI sampler='k_dpmpp_2m' noise_schedule='karras'
novelai-gateway  | 12:46:15 | INFO    | gateway    | ⏳ 排队中... (当前等待: 1)
novelai-gateway  | 12:46:15 | INFO    | gateway    | 🔒 获取锁，开始处理 (剩余等待: 0)
novelai-gateway  | 12:46:15 | ERROR   | gateway    | ❌ NAI 请求失败 (https://text.novelai.net/ai/generate-image): All connection attempts failed
novelai-gateway  | 12:46:15 | INFO    | gateway    | ❄️ 冷却 0.9s
novelai-gateway  | 12:46:16 | INFO    | gateway    | 🔓 释放锁 (当前等待: 0)
novelai-gateway  | 12:46:16 | INFO    | gateway    | [generations] client body sampler='k_dpmpp_2m' noise_schedule='karras' | final NAI sampler='k_dpmpp_2m' noise_schedule='karras'
novelai-gateway  | 12:46:16 | INFO    | gateway    | ⏳ 排队中... (当前等待: 1)
novelai-gateway  | 12:46:16 | INFO    | gateway    | 🔒 获取锁，开始处理 (剩余等待: 0)
novelai-gateway  | 12:46:16 | ERROR   | gateway    | ❌ NAI 请求失败 (https://text.novelai.net/ai/generate-image): All connection attempts failed
novelai-gateway  | 12:46:16 | INFO    | gateway    | ❄️ 冷却 0.6s
novelai-gateway  | 12:46:17 | INFO    | gateway    | 🔓 释放锁 (当前等待: 0)
novelai-gateway  | 12:46:18 | INFO    | gateway    | [generations] client body sampler='k_dpmpp_2m' noise_schedule='karras' | final NAI sampler='k_dpmpp_2m' noise_schedule='karras'
novelai-gateway  | 12:46:18 | INFO    | gateway    | ⏳ 排队中... (当前等待: 1)
novelai-gateway  | 12:46:18 | INFO    | gateway    | 🔒 获取锁，开始处理 (剩余等待: 0)
novelai-gateway  | 12:46:18 | ERROR   | gateway    | ❌ NAI 请求失败 (https://text.novelai.net/ai/generate-image): All connection attempts failed
novelai-gateway  | 12:46:18 | INFO    | gateway    | ❄️ 冷却 0.8s
novelai-gateway  | 12:46:19 | INFO    | gateway    | 🔓 释放锁 (当前等待: 0)
novelai-gateway  | 12:46:19 | INFO    | gateway    | [generations] client body sampler='k_dpmpp_2m' noise_schedule='karras' | final NAI sampler='k_dpmpp_2m' noise_schedule='karras'
novelai-gateway  | 12:46:19 | INFO    | gateway    | ⏳ 排队中... (当前等待: 1)
novelai-gateway  | 12:46:19 | INFO    | gateway    | 🔒 获取锁，开始处理 (剩余等待: 0)
novelai-gateway  | 12:46:19 | ERROR   | gateway    | ❌ NAI 请求失败 (https://text.novelai.net/ai/generate-image): All connection attempts failed
novelai-gateway  | 12:46:19 | INFO    | gateway    | ❄️ 冷却 0.7s
novelai-gateway  | 12:46:19 | INFO    | gateway    | 🔓 释放锁 (当前等待: 0)
novelai-gateway  | 12:46:19 | INFO    | gateway    | [generations] client body sampler='k_dpmpp_2m' noise_schedule='karras' | final NAI sampler='k_dpmpp_2m' noise_schedule='karras'
novelai-gateway  | 12:46:19 | INFO    | gateway    | ⏳ 排队中... (当前等待: 1)
novelai-gateway  | 12:46:19 | INFO    | gateway    | 🔒 获取锁，开始处理 (剩余等待: 0)
novelai-gateway  | 12:46:19 | ERROR   | gateway    | ❌ NAI 请求失败 (https://text.novelai.net/ai/generate-image): All connection attempts failed
novelai-gateway  | 12:46:19 | INFO    | gateway    | ❄️ 冷却 0.9s
novelai-gateway  | 12:46:20 | INFO    | gateway    | 🔓 释放锁 (当前等待: 0)
novelai-gateway  | 12:46:20 | INFO    | gateway    | [generations] client body sampler='k_dpmpp_2m' noise_schedule='karras' | final NAI sampler='k_dpmpp_2m' noise_schedule='karras'
novelai-gateway  | 12:46:20 | INFO    | gateway    | ⏳ 排队中... (当前等待: 1)
novelai-gateway  | 12:46:20 | INFO    | gateway    | 🔒 获取锁，开始处理 (剩余等待: 0)
novelai-gateway  | 12:46:20 | ERROR   | gateway    | ❌ NAI 请求失败 (https://text.novelai.net/ai/generate-image): All connection attempts failed
novelai-gateway  | 12:46:20 | INFO    | gateway    | ❄️ 冷却 0.8s
novelai-gateway  | 12:46:21 | INFO    | gateway    | 🔓 释放锁 (当前等待: 0)
novelai-gateway  | 12:46:21 | INFO    | gateway    | [generations] client body sampler='k_dpmpp_2m' noise_schedule='karras' | final NAI sampler='k_dpmpp_2m' noise_schedule='karras'
novelai-gateway  | 12:46:21 | INFO    | gateway    | ⏳ 排队中... (当前等待: 1)
novelai-gateway  | 12:46:21 | INFO    | gateway    | 🔒 获取锁，开始处理 (剩余等待: 0)
novelai-gateway  | 12:46:21 | ERROR   | gateway    | ❌ NAI 请求失败 (https://text.novelai.net/ai/generate-image): All connection attempts failed
novelai-gateway  | 12:46:21 | INFO    | gateway    | ❄️ 冷却 0.8s
novelai-gateway  | 12:46:22 | INFO    | gateway    | 🔓 释放锁 (当前等待: 0)
novelai-gateway  | 12:46:22 | INFO    | gateway    | [generations] client body sampler='k_dpmpp_2m' noise_schedule='karras' | final NAI sampler='k_dpmpp_2m' noise_schedule='karras'
novelai-gateway  | 12:46:22 | INFO    | gateway    | ⏳ 排队中... (当前等待: 1)
novelai-gateway  | 12:46:22 | INFO    | gateway    | 🔒 获取锁，开始处理 (剩余等待: 0)
novelai-gateway  | 12:46:22 | ERROR   | gateway    | ❌ NAI 请求失败 (https://text.novelai.net/ai/generate-image): All connection attempts failed
novelai-gateway  | 12:46:22 | INFO    | gateway    | ❄️ 冷却 0.8s
novelai-gateway  | 12:46:23 | INFO    | gateway    | 🔓 释放锁 (当前等待: 0)
novelai-gateway  | 12:46:23 | INFO    | gateway    | [generations] client body sampler='k_dpmpp_2m' noise_schedule='karras' | final NAI sampler='k_dpmpp_2m' noise_schedule='karras'
novelai-gateway  | 12:46:23 | INFO    | gateway    | ⏳ 排队中... (当前等待: 1)
novelai-gateway  | 12:46:23 | INFO    | gateway    | 🔒 获取锁，开始处理 (剩余等待: 0)
novelai-gateway  | 12:46:23 | ERROR   | gateway    | ❌ NAI 请求失败 (https://text.novelai.net/ai/generate-image): All connection attempts failed
novelai-gateway  | 12:46:23 | INFO    | gateway    | ❄️ 冷却 0.9s
novelai-gateway  | 12:46:23 | INFO    | gateway    | 🔓 释放锁 (当前等待: 0)
novelai-gateway  | 12:46:23 | INFO    | gateway    | [generations] client body sampler='k_dpmpp_2m' noise_schedule='karras' | final NAI sampler='k_dpmpp_2m' noise_schedule='karras'
novelai-gateway  | 12:46:23 | INFO    | gateway    | ⏳ 排队中... (当前等待: 1)
novelai-gateway  | 12:46:23 | INFO    | gateway    | 🔒 获取锁，开始处理 (剩余等待: 0)
novelai-gateway  | 12:46:23 | ERROR   | gateway    | ❌ NAI 请求失败 (https://text.novelai.net/ai/generate-image): All connection attempts failed
novelai-gateway  | 12:46:23 | INFO    | gateway    | ❄️ 冷却 0.8s
novelai-gateway  | 12:46:24 | INFO    | gateway    | 🔓 释放锁 (当前等待: 0)
novelai-gateway  | 12:46:24 | INFO    | gateway    | [generations] client body sampler='k_dpmpp_2m' noise_schedule='karras' | final NAI sampler='k_dpmpp_2m' noise_schedule='karras'
novelai-gateway  | 12:46:24 | INFO    | gateway    | ⏳ 排队中... (当前等待: 1)
novelai-gateway  | 12:46:24 | INFO    | gateway    | 🔒 获取锁，开始处理 (剩余等待: 0)
novelai-gateway  | 12:46:24 | ERROR   | gateway    | ❌ NAI 请求失败 (https://text.novelai.net/ai/generate-image): All connection attempts failed
novelai-gateway  | 12:46:24 | INFO    | gateway    | ❄️ 冷却 0.9s
novelai-gateway  | 12:46:25 | INFO    | gateway    | 🔓 释放锁 (当前等待: 0)
novelai-gateway  | 12:46:25 | INFO    | gateway    | [generations] client body sampler='k_dpmpp_2m' noise_schedule='karras' | final NAI sampler='k_dpmpp_2m' noise_schedule='karras'
novelai-gateway  | 12:46:25 | INFO    | gateway    | ⏳ 排队中... (当前等待: 1)
novelai-gateway  | 12:46:25 | INFO    | gateway    | 🔒 获取锁，开始处理 (剩余等待: 0)
novelai-gateway  | 12:46:25 | ERROR   | gateway    | ❌ NAI 请求失败 (https://text.novelai.net/ai/generate-image): All connection attempts failed
novelai-gateway  | 12:46:25 | INFO    | gateway    | ❄️ 冷却 0.6s
novelai-gateway  | 12:46:26 | INFO    | gateway    | 🔓 释放锁 (当前等待: 0)
novelai-gateway  | 12:46:26 | INFO    | gateway    | [generations] client body sampler='k_dpmpp_2m' noise_schedule='karras' | final NAI sampler='k_dpmpp_2m' noise_schedule='karras'
novelai-gateway  | 12:46:26 | INFO    | gateway    | ⏳ 排队中... (当前等待: 1)
novelai-gateway  | 12:46:26 | INFO    | gateway    | 🔒 获取锁，开始处理 (剩余等待: 0)
novelai-gateway  | 12:46:26 | ERROR   | gateway    | ❌ NAI 请求失败 (https://text.novelai.net/ai/generate-image): All connection attempts failed
novelai-gateway  | 12:46:26 | INFO    | gateway    | ❄️ 冷却 0.6s
novelai-gateway  | 12:46:26 | INFO    | gateway    | 🔓 释放锁 (当前等待: 0)
novelai-gateway  | 12:46:28 | INFO    | gateway    | [generations] client body sampler='k_dpmpp_2m' noise_schedule='karras' | final NAI sampler='k_dpmpp_2m' noise_schedule='karras'
novelai-gateway  | 12:46:28 | INFO    | gateway    | ⏳ 排队中... (当前等待: 1)
novelai-gateway  | 12:46:28 | INFO    | gateway    | 🔒 获取锁，开始处理 (剩余等待: 0)
novelai-gateway  | 12:46:28 | ERROR   | gateway    | ❌ NAI 请求失败 (https://text.novelai.net/ai/generate-image): All connection attempts failed
novelai-gateway  | 12:46:28 | INFO    | gateway    | ❄️ 冷却 0.9s
novelai-gateway  | 12:46:28 | INFO    | gateway    | 🔓 释放锁 (当前等待: 0)
novelai-gateway  | 12:46:28 | INFO    | gateway    | [generations] client body sampler='k_dpmpp_2m' noise_schedule='karras' | final NAI sampler='k_dpmpp_2m' noise_schedule='karras'
novelai-gateway  | 12:46:28 | INFO    | gateway    | ⏳ 排队中... (当前等待: 1)
novelai-gateway  | 12:46:28 | INFO    | gateway    | 🔒 获取锁，开始处理 (剩余等待: 0)
novelai-gateway  | 12:46:28 | ERROR   | gateway    | ❌ NAI 请求失败 (https://text.novelai.net/ai/generate-image): All connection attempts failed
novelai-gateway  | 12:46:28 | INFO    | gateway    | ❄️ 冷却 0.9s
novelai-gateway  | 12:46:29 | INFO    | gateway    | 🔓 释放锁 (当前等待: 0)
novelai-gateway  | 12:46:29 | INFO    | gateway    | [generations] client body sampler='k_dpmpp_2m' noise_schedule='karras' | final NAI sampler='k_dpmpp_2m' noise_schedule='karras'
novelai-gateway  | 12:46:29 | INFO    | gateway    | ⏳ 排队中... (当前等待: 1)
novelai-gateway  | 12:46:29 | INFO    | gateway    | 🔒 获取锁，开始处理 (剩余等待: 0)
novelai-gateway  | 12:46:29 | ERROR   | gateway    | ❌ NAI 请求失败 (https://text.novelai.net/ai/generate-image): All connection attempts failed
novelai-gateway  | 12:46:29 | INFO    | gateway    | ❄️ 冷却 0.7s
novelai-gateway  | 12:46:30 | INFO    | gateway    | 🔓 释放锁 (当前等待: 0)
novelai-gateway  | 12:46:30 | INFO    | gateway    | [generations] client body sampler='k_dpmpp_2m' noise_schedule='karras' | final NAI sampler='k_dpmpp_2m' noise_schedule='karras'
novelai-gateway  | 12:46:30 | INFO    | gateway    | ⏳ 排队中... (当前等待: 1)
novelai-gateway  | 12:46:30 | INFO    | gateway    | 🔒 获取锁，开始处理 (剩余等待: 0)
novelai-gateway  | 12:46:30 | ERROR   | gateway    | ❌ NAI 请求失败 (https://text.novelai.net/ai/generate-image): All connection attempts failed
novelai-gateway  | 12:46:30 | INFO    | gateway    | ❄️ 冷却 0.9s
novelai-gateway  | 12:46:31 | INFO    | gateway    | 🔓 释放锁 (当前等待: 0)
novelai-gateway  | 12:46:31 | INFO    | gateway    | [generations] client body sampler='k_dpmpp_2m' noise_schedule='karras' | final NAI sampler='k_dpmpp_2m' noise_schedule='karras'
novelai-gateway  | 12:46:31 | INFO    | gateway    | ⏳ 排队中... (当前等待: 1)
novelai-gateway  | 12:46:31 | INFO    | gateway    | 🔒 获取锁，开始处理 (剩余等待: 0)
novelai-gateway  | 12:46:31 | ERROR   | gateway    | ❌ NAI 请求失败 (https://text.novelai.net/ai/generate-image): All connection attempts failed
novelai-gateway  | 12:46:31 | INFO    | gateway    | ❄️ 冷却 0.6s
novelai-gateway  | 12:46:32 | INFO    | gateway    | 🔓 释放锁 (当前等待: 0)
novelai-gateway  | 12:46:32 | INFO    | gateway    | [generations] client body sampler='k_dpmpp_2m' noise_schedule='karras' | final NAI sampler='k_dpmpp_2m' noise_schedule='karras'
novelai-gateway  | 12:46:32 | INFO    | gateway    | ⏳ 排队中... (当前等待: 1)
novelai-gateway  | 12:46:32 | INFO    | gateway    | 🔒 获取锁，开始处理 (剩余等待: 0)
novelai-gateway  | 12:46:32 | ERROR   | gateway    | ❌ NAI 请求失败 (https://text.novelai.net/ai/generate-image): All connection attempts failed
novelai-gateway  | 12:46:32 | INFO    | gateway    | ❄️ 冷却 0.5s
novelai-gateway  | 12:46:32 | INFO    | gateway    | 🔓 释放锁 (当前等待: 0)
novelai-gateway  | 12:46:32 | INFO    | gateway    | [generations] client body sampler='k_dpmpp_2m' noise_schedule='karras' | final NAI sampler='k_dpmpp_2m' noise_schedule='karras'
novelai-gateway  | 12:46:32 | INFO    | gateway    | ⏳ 排队中... (当前等待: 1)
novelai-gateway  | 12:46:32 | INFO    | gateway    | 🔒 获取锁，开始处理 (剩余等待: 0)
novelai-gateway  | 12:46:32 | ERROR   | gateway    | ❌ NAI 请求失败 (https://text.novelai.net/ai/generate-image): All connection attempts failed
novelai-gateway  | 12:46:32 | INFO    | gateway    | ❄️ 冷却 0.9s
novelai-gateway  | 12:46:33 | INFO    | gateway    | 🔓 释放锁 (当前等待: 0)
novelai-gateway  | 12:46:33 | INFO    | gateway    | [generations] client body sampler='k_dpmpp_2m' noise_schedule='karras' | final NAI sampler='k_dpmpp_2m' noise_schedule='karras'
novelai-gateway  | 12:46:33 | INFO    | gateway    | ⏳ 排队中... (当前等待: 1)
novelai-gateway  | 12:46:33 | INFO    | gateway    | 🔒 获取锁，开始处理 (剩余等待: 0)
novelai-gateway  | 12:46:33 | ERROR   | gateway    | ❌ NAI 请求失败 (https://text.novelai.net/ai/generate-image): All connection attempts failed
novelai-gateway  | 12:46:33 | INFO    | gateway    | ❄️ 冷却 0.8s
novelai-gateway  | 12:46:34 | INFO    | gateway    | 🔓 释放锁 (当前等待: 0)
novelai-gateway  | 12:46:34 | INFO    | gateway    | [generations] client body sampler='k_dpmpp_2m' noise_schedule='karras' | final NAI sampler='k_dpmpp_2m' noise_schedule='karras'
novelai-gateway  | 12:46:34 | INFO    | gateway    | ⏳ 排队中... (当前等待: 1)
novelai-gateway  | 12:46:34 | INFO    | gateway    | 🔒 获取锁，开始处理 (剩余等待: 0)
novelai-gateway  | 12:46:34 | ERROR   | gateway    | ❌ NAI 请求失败 (https://text.novelai.net/ai/generate-image): All connection attempts failed
novelai-gateway  | 12:46:34 | INFO    | gateway    | ❄️ 冷却 0.6s
novelai-gateway  | 12:46:34 | INFO    | gateway    | 🔓 释放锁 (当前等待: 0)
novelai-gateway  | 12:46:34 | INFO    | gateway    | [generations] client body sampler='k_dpmpp_2m' noise_schedule='karras' | final NAI sampler='k_dpmpp_2m' noise_schedule='karras'
novelai-gateway  | 12:46:34 | INFO    | gateway    | ⏳ 排队中... (当前等待: 1)
novelai-gateway  | 12:46:34 | INFO    | gateway    | 🔒 获取锁，开始处理 (剩余等待: 0)
novelai-gateway  | 12:46:34 | ERROR   | gateway    | ❌ NAI 请求失败 (https://text.novelai.net/ai/generate-image): All connection attempts failed
novelai-gateway  | 12:46:34 | INFO    | gateway    | ❄️ 冷却 0.5s
novelai-gateway  | 12:46:35 | INFO    | gateway    | 🔓 释放锁 (当前等待: 0)
novelai-gateway  | 12:46:35 | INFO    | gateway    | [generations] client body sampler='k_dpmpp_2m' noise_schedule='karras' | final NAI sampler='k_dpmpp_2m' noise_schedule='karras'
novelai-gateway  | 12:46:35 | INFO    | gateway    | ⏳ 排队中... (当前等待: 1)
novelai-gateway  | 12:46:35 | INFO    | gateway    | 🔒 获取锁，开始处理 (剩余等待: 0)
novelai-gateway  | 12:46:35 | ERROR   | gateway    | ❌ NAI 请求失败 (https://text.novelai.net/ai/generate-image): All connection attempts failed
novelai-gateway  | 12:46:35 | INFO    | gateway    | ❄️ 冷却 0.8s
novelai-gateway  | 12:46:36 | INFO    | gateway    | 🔓 释放锁 (当前等待: 0)
novelai-gateway  | 12:46:37 | INFO    | gateway    | [generations] client body sampler='k_dpmpp_2m' noise_schedule='karras' | final NAI sampler='k_dpmpp_2m' noise_schedule='karras'
novelai-gateway  | 12:46:37 | INFO    | gateway    | ⏳ 排队中... (当前等待: 1)
novelai-gateway  | 12:46:37 | INFO    | gateway    | 🔒 获取锁，开始处理 (剩余等待: 0)
novelai-gateway  | 12:46:37 | ERROR   | gateway    | ❌ NAI 请求失败 (https://text.novelai.net/ai/generate-image): All connection attempts failed
novelai-gateway  | 12:46:37 | INFO    | gateway    | ❄️ 冷却 0.8s
novelai-gateway  | 12:46:38 | INFO    | gateway    | 🔓 释放锁 (当前等待: 0)
novelai-gateway  | 12:46:38 | INFO    | gateway    | [generations] client body sampler='k_dpmpp_2m' noise_schedule='karras' | final NAI sampler='k_dpmpp_2m' noise_schedule='karras'
novelai-gateway  | 12:46:38 | INFO    | gateway    | ⏳ 排队中... (当前等待: 1)
novelai-gateway  | 12:46:38 | INFO    | gateway    | 🔒 获取锁，开始处理 (剩余等待: 0)
novelai-gateway  | 12:46:38 | ERROR   | gateway    | ❌ NAI 请求失败 (https://text.novelai.net/ai/generate-image): All connection attempts failed
novelai-gateway  | 12:46:38 | INFO    | gateway    | ❄️ 冷却 0.6s
novelai-gateway  | 12:46:38 | INFO    | gateway    | 🔓 释放锁 (当前等待: 0)
novelai-gateway  | 12:46:38 | INFO    | gateway    | [generations] client body sampler='k_dpmpp_2m' noise_schedule='karras' | final NAI sampler='k_dpmpp_2m' noise_schedule='karras'
novelai-gateway  | 12:46:38 | INFO    | gateway    | ⏳ 排队中... (当前等待: 1)
novelai-gateway  | 12:46:38 | INFO    | gateway    | 🔒 获取锁，开始处理 (剩余等待: 0)
novelai-gateway  | 12:46:38 | ERROR   | gateway    | ❌ NAI 请求失败 (https://text.novelai.net/ai/generate-image): All connection attempts failed
novelai-gateway  | 12:46:38 | INFO    | gateway    | ❄️ 冷却 0.5s
novelai-gateway  | 12:46:39 | INFO    | gateway    | 🔓 释放锁 (当前等待: 0)
novelai-gateway  | 12:46:39 | INFO    | gateway    | [generations] client body sampler='k_dpmpp_2m' noise_schedule='karras' | final NAI sampler='k_dpmpp_2m' noise_schedule='karras'
novelai-gateway  | 12:46:39 | INFO    | gateway    | ⏳ 排队中... (当前等待: 1)
novelai-gateway  | 12:46:39 | INFO    | gateway    | 🔒 获取锁，开始处理 (剩余等待: 0)
novelai-gateway  | 12:46:39 | ERROR   | gateway    | ❌ NAI 请求失败 (https://text.novelai.net/ai/generate-image): All connection attempts failed
novelai-gateway  | 12:46:39 | INFO    | gateway    | ❄️ 冷却 0.6s
novelai-gateway  | 12:46:40 | INFO    | gateway    | 🔓 释放锁 (当前等待: 0)
novelai-gateway  | 12:46:40 | INFO    | gateway    | [generations] client body sampler='k_dpmpp_2m' noise_schedule='karras' | final NAI sampler='k_dpmpp_2m' noise_schedule='karras'
novelai-gateway  | 12:46:40 | INFO    | gateway    | ⏳ 排队中... (当前等待: 1)
novelai-gateway  | 12:46:40 | INFO    | gateway    | 🔒 获取锁，开始处理 (剩余等待: 0)
novelai-gateway  | 12:46:40 | ERROR   | gateway    | ❌ NAI 请求失败 (https://text.novelai.net/ai/generate-image): All connection attempts failed
novelai-gateway  | 12:46:40 | INFO    | gateway    | ❄️ 冷却 0.7s
novelai-gateway  | 12:46:40 | INFO    | gateway    | 🔓 释放锁 (当前等待: 0)
novelai-gateway  | 12:46:40 | INFO    | gateway    | [generations] client body sampler='k_dpmpp_2m' noise_schedule='karras' | final NAI sampler='k_dpmpp_2m' noise_schedule='karras'
novelai-gateway  | 12:46:40 | INFO    | gateway    | ⏳ 排队中... (当前等待: 1)
novelai-gateway  | 12:46:40 | INFO    | gateway    | 🔒 获取锁，开始处理 (剩余等待: 0)
novelai-gateway  | 12:46:40 | ERROR   | gateway    | ❌ NAI 请求失败 (https://text.novelai.net/ai/generate-image): All connection attempts failed
novelai-gateway  | 12:46:40 | INFO    | gateway    | ❄️ 冷却 0.6s
novelai-gateway  | 12:46:41 | INFO    | gateway    | 🔓 释放锁 (当前等待: 0)
novelai-gateway  | 12:46:41 | INFO    | gateway    | [generations] client body sampler='k_dpmpp_2m' noise_schedule='karras' | final NAI sampler='k_dpmpp_2m' noise_schedule='karras'
novelai-gateway  | 12:46:41 | INFO    | gateway    | ⏳ 排队中... (当前等待: 1)
novelai-gateway  | 12:46:41 | INFO    | gateway    | 🔒 获取锁，开始处理 (剩余等待: 0)
novelai-gateway  | 12:46:41 | ERROR   | gateway    | ❌ NAI 请求失败 (https://text.novelai.net/ai/generate-image): All connection attempts failed
novelai-gateway  | 12:46:41 | INFO    | gateway    | ❄️ 冷却 0.7s
novelai-gateway  | 12:46:41 | INFO    | gateway    | 🔓 释放锁 (当前等待: 0)
novelai-gateway  | 12:46:41 | INFO    | gateway    | [generations] client body sampler='k_dpmpp_2m' noise_schedule='karras' | final NAI sampler='k_dpmpp_2m' noise_schedule='karras'
novelai-gateway  | 12:46:41 | INFO    | gateway    | ⏳ 排队中... (当前等待: 1)
novelai-gateway  | 12:46:41 | INFO    | gateway    | 🔒 获取锁，开始处理 (剩余等待: 0)
novelai-gateway  | 12:46:41 | ERROR   | gateway    | ❌ NAI 请求失败 (https://text.novelai.net/ai/generate-image): All connection attempts failed
novelai-gateway  | 12:46:41 | INFO    | gateway    | ❄️ 冷却 0.7s
novelai-gateway  | 12:46:42 | INFO    | gateway    | 🔓 释放锁 (当前等待: 0)
novelai-gateway  | 12:46:42 | INFO    | gateway    | [generations] client body sampler='k_dpmpp_2m' noise_schedule='karras' | final NAI sampler='k_dpmpp_2m' noise_schedule='karras'
novelai-gateway  | 12:46:42 | INFO    | gateway    | ⏳ 排队中... (当前等待: 1)
novelai-gateway  | 12:46:42 | INFO    | gateway    | 🔒 获取锁，开始处理 (剩余等待: 0)
novelai-gateway  | 12:46:42 | ERROR   | gateway    | ❌ NAI 请求失败 (https://text.novelai.net/ai/generate-image): All connection attempts failed
novelai-gateway  | 12:46:42 | INFO    | gateway    | ❄️ 冷却 1.0s
novelai-gateway  | 12:46:43 | INFO    | gateway    | 🔓 释放锁 (当前等待: 0)
novelai-gateway  | 12:46:43 | INFO    | gateway    | [generations] client body sampler='k_dpmpp_2m' noise_schedule='karras' | final NAI sampler='k_dpmpp_2m' noise_schedule='karras'
novelai-gateway  | 12:46:43 | INFO    | gateway    | ⏳ 排队中... (当前等待: 1)
novelai-gateway  | 12:46:43 | INFO    | gateway    | 🔒 获取锁，开始处理 (剩余等待: 0)
novelai-gateway  | 12:46:43 | ERROR   | gateway    | ❌ NAI 请求失败 (https://text.novelai.net/ai/generate-image): All connection attempts failed
novelai-gateway  | 12:46:43 | INFO    | gateway    | ❄️ 冷却 0.6s
novelai-gateway  | 12:46:44 | INFO    | gateway    | 🔓 释放锁 (当前等待: 0)
novelai-gateway  | 12:46:44 | INFO    | gateway    | [generations] client body sampler='k_dpmpp_2m' noise_schedule='karras' | final NAI sampler='k_dpmpp_2m' noise_schedule='karras'
novelai-gateway  | 12:46:44 | INFO    | gateway    | ⏳ 排队中... (当前等待: 1)
novelai-gateway  | 12:46:44 | INFO    | gateway    | 🔒 获取锁，开始处理 (剩余等待: 0)
novelai-gateway  | 12:46:44 | ERROR   | gateway    | ❌ NAI 请求失败 (https://text.novelai.net/ai/generate-image): All connection attempts failed
novelai-gateway  | 12:46:44 | INFO    | gateway    | ❄️ 冷却 0.6s
novelai-gateway  | 12:46:44 | INFO    | gateway    | 🔓 释放锁 (当前等待: 0)
novelai-gateway  | 12:46:46 | INFO    | gateway    | [generations] client body sampler='k_dpmpp_2m' noise_schedule='karras' | final NAI sampler='k_dpmpp_2m' noise_schedule='karras'
novelai-gateway  | 12:46:46 | INFO    | gateway    | ⏳ 排队中... (当前等待: 1)
novelai-gateway  | 12:46:46 | INFO    | gateway    | 🔒 获取锁，开始处理 (剩余等待: 0)
novelai-gateway  | 12:46:46 | ERROR   | gateway    | ❌ NAI 请求失败 (https://text.novelai.net/ai/generate-image): All connection attempts failed
novelai-gateway  | 12:46:46 | INFO    | gateway    | ❄️ 冷却 0.8s
novelai-gateway  | 12:46:46 | INFO    | gateway    | 🔓 释放锁 (当前等待: 0)
novelai-gateway  | 12:46:46 | INFO    | gateway    | [generations] client body sampler='k_dpmpp_2m' noise_schedule='karras' | final NAI sampler='k_dpmpp_2m' noise_schedule='karras'
novelai-gateway  | 12:46:46 | INFO    | gateway    | ⏳ 排队中... (当前等待: 1)
novelai-gateway  | 12:46:46 | INFO    | gateway    | 🔒 获取锁，开始处理 (剩余等待: 0)
novelai-gateway  | 12:46:46 | ERROR   | gateway    | ❌ NAI 请求失败 (https://text.novelai.net/ai/generate-image): All connection attempts failed
novelai-gateway  | 12:46:46 | INFO    | gateway    | ❄️ 冷却 0.7s
novelai-gateway  | 12:46:47 | INFO    | gateway    | 🔓 释放锁 (当前等待: 0)
novelai-gateway  | 12:46:47 | INFO    | gateway    | [generations] client body sampler='k_dpmpp_2m' noise_schedule='karras' | final NAI sampler='k_dpmpp_2m' noise_schedule='karras'
novelai-gateway  | 12:46:47 | INFO    | gateway    | ⏳ 排队中... (当前等待: 1)
novelai-gateway  | 12:46:47 | INFO    | gateway    | 🔒 获取锁，开始处理 (剩余等待: 0)
novelai-gateway  | 12:46:47 | ERROR   | gateway    | ❌ NAI 请求失败 (https://text.novelai.net/ai/generate-image): All connection attempts failed
novelai-gateway  | 12:46:47 | INFO    | gateway    | ❄️ 冷却 1.0s
novelai-gateway  | 12:46:48 | INFO    | gateway    | 🔓 释放锁 (当前等待: 0)
novelai-gateway  | 12:46:48 | INFO    | gateway    | [generations] client body sampler='k_dpmpp_2m' noise_schedule='karras' | final NAI sampler='k_dpmpp_2m' noise_schedule='karras'
novelai-gateway  | 12:46:48 | INFO    | gateway    | ⏳ 排队中... (当前等待: 1)
novelai-gateway  | 12:46:48 | INFO    | gateway    | 🔒 获取锁，开始处理 (剩余等待: 0)
novelai-gateway  | 12:46:48 | ERROR   | gateway    | ❌ NAI 请求失败 (https://text.novelai.net/ai/generate-image): All connection attempts failed
novelai-gateway  | 12:46:48 | INFO    | gateway    | ❄️ 冷却 0.9s
novelai-gateway  | 12:46:49 | INFO    | gateway    | 🔓 释放锁 (当前等待: 0)
novelai-gateway  | 12:46:49 | INFO    | gateway    | [generations] client body sampler='k_dpmpp_2m' noise_schedule='karras' | final NAI sampler='k_dpmpp_2m' noise_schedule='karras'
novelai-gateway  | 12:46:49 | INFO    | gateway    | ⏳ 排队中... (当前等待: 1)
novelai-gateway  | 12:46:49 | INFO    | gateway    | 🔒 获取锁，开始处理 (剩余等待: 0)
novelai-gateway  | 12:46:49 | ERROR   | gateway    | ❌ NAI 请求失败 (https://text.novelai.net/ai/generate-image): All connection attempts failed
novelai-gateway  | 12:46:49 | INFO    | gateway    | ❄️ 冷却 0.8s
novelai-gateway  | 12:46:50 | INFO    | gateway    | 🔓 释放锁 (当前等待: 0)
novelai-gateway  | 12:46:50 | INFO    | gateway    | [generations] client body sampler='k_dpmpp_2m' noise_schedule='karras' | final NAI sampler='k_dpmpp_2m' noise_schedule='karras'
novelai-gateway  | 12:46:50 | INFO    | gateway    | ⏳ 排队中... (当前等待: 1)
novelai-gateway  | 12:46:50 | INFO    | gateway    | 🔒 获取锁，开始处理 (剩余等待: 0)
novelai-gateway  | 12:46:50 | ERROR   | gateway    | ❌ NAI 请求失败 (https://text.novelai.net/ai/generate-image): All connection attempts failed
novelai-gateway  | 12:46:50 | INFO    | gateway    | ❄️ 冷却 0.5s
novelai-gateway  | 12:46:50 | INFO    | gateway    | 🔓 释放锁 (当前等待: 0)
novelai-gateway  | 12:46:50 | INFO    | gateway    | [generations] client body sampler='k_dpmpp_2m' noise_schedule='karras' | final NAI sampler='k_dpmpp_2m' noise_schedule='karras'
novelai-gateway  | 12:46:50 | INFO    | gateway    | ⏳ 排队中... (当前等待: 1)
novelai-gateway  | 12:46:50 | INFO    | gateway    | 🔒 获取锁，开始处理 (剩余等待: 0)
novelai-gateway  | 12:46:50 | ERROR   | gateway    | ❌ NAI 请求失败 (https://text.novelai.net/ai/generate-image): All connection attempts failed
novelai-gateway  | 12:46:50 | INFO    | gateway    | ❄️ 冷却 0.7s
novelai-gateway  | 12:46:51 | INFO    | gateway    | 🔓 释放锁 (当前等待: 0)
novelai-gateway  | 12:46:51 | INFO    | gateway    | [generations] client body sampler='k_dpmpp_2m' noise_schedule='karras' | final NAI sampler='k_dpmpp_2m' noise_schedule='karras'
novelai-gateway  | 12:46:51 | INFO    | gateway    | ⏳ 排队中... (当前等待: 1)
novelai-gateway  | 12:46:51 | INFO    | gateway    | 🔒 获取锁，开始处理 (剩余等待: 0)
novelai-gateway  | 12:46:51 | ERROR   | gateway    | ❌ NAI 请求失败 (https://text.novelai.net/ai/generate-image): All connection attempts failed
novelai-gateway  | 12:46:51 | INFO    | gateway    | ❄️ 冷却 0.7s
novelai-gateway  | 12:46:52 | INFO    | gateway    | 🔓 释放锁 (当前等待: 0)
novelai-gateway  | 12:46:52 | INFO    | gateway    | [generations] client body sampler='k_dpmpp_2m' noise_schedule='karras' | final NAI sampler='k_dpmpp_2m' noise_schedule='karras'
novelai-gateway  | 12:46:52 | INFO    | gateway    | ⏳ 排队中... (当前等待: 1)
novelai-gateway  | 12:46:52 | INFO    | gateway    | 🔒 获取锁，开始处理 (剩余等待: 0)
novelai-gateway  | 12:46:52 | ERROR   | gateway    | ❌ NAI 请求失败 (https://text.novelai.net/ai/generate-image): All connection attempts failed
novelai-gateway  | 12:46:52 | INFO    | gateway    | ❄️ 冷却 0.5s
novelai-gateway  | 12:46:52 | INFO    | gateway    | 🔓 释放锁 (当前等待: 0)
novelai-gateway  | 12:46:52 | INFO    | gateway    | [generations] client body sampler='k_dpmpp_2m' noise_schedule='karras' | final NAI sampler='k_dpmpp_2m' noise_schedule='karras'
novelai-gateway  | 12:46:52 | INFO    | gateway    | ⏳ 排队中... (当前等待: 1)
novelai-gateway  | 12:46:52 | INFO    | gateway    | 🔒 获取锁，开始处理 (剩余等待: 0)
novelai-gateway  | 12:46:52 | ERROR   | gateway    | ❌ NAI 请求失败 (https://text.novelai.net/ai/generate-image): All connection attempts failed
novelai-gateway  | 12:46:52 | INFO    | gateway    | ❄️ 冷却 0.6s
novelai-gateway  | 12:46:53 | INFO    | gateway    | 🔓 释放锁 (当前等待: 0)
novelai-gateway  | 12:46:53 | INFO    | gateway    | [generations] client body sampler='k_dpmpp_2m' noise_schedule='karras' | final NAI sampler='k_dpmpp_2m' noise_schedule='karras'
novelai-gateway  | 12:46:53 | INFO    | gateway    | ⏳ 排队中... (当前等待: 1)
novelai-gateway  | 12:46:53 | INFO    | gateway    | 🔒 获取锁，开始处理 (剩余等待: 0)
novelai-gateway  | 12:46:53 | ERROR   | gateway    | ❌ NAI 请求失败 (https://text.novelai.net/ai/generate-image): All connection attempts failed
novelai-gateway  | 12:46:53 | INFO    | gateway    | ❄️ 冷却 0.7s
novelai-gateway  | 12:46:53 | INFO    | gateway    | 🔓 释放锁 (当前等待: 0)
novelai-gateway  | 12:46:55 | INFO    | gateway    | [generations] client body sampler='k_dpmpp_2m' noise_schedule='karras' | final NAI sampler='k_dpmpp_2m' noise_schedule='karras'
novelai-gateway  | 12:46:55 | INFO    | gateway    | ⏳ 排队中... (当前等待: 1)
novelai-gateway  | 12:46:55 | INFO    | gateway    | 🔒 获取锁，开始处理 (剩余等待: 0)
novelai-gateway  | 12:46:55 | ERROR   | gateway    | ❌ NAI 请求失败 (https://text.novelai.net/ai/generate-image): All connection attempts failed
novelai-gateway  | 12:46:55 | INFO    | gateway    | ❄️ 冷却 0.8s
novelai-gateway  | 12:46:55 | INFO    | gateway    | 🔓 释放锁 (当前等待: 0)
novelai-gateway  | 12:46:55 | INFO    | gateway    | [generations] client body sampler='k_dpmpp_2m' noise_schedule='karras' | final NAI sampler='k_dpmpp_2m' noise_schedule='karras'
novelai-gateway  | 12:46:55 | INFO    | gateway    | ⏳ 排队中... (当前等待: 1)
novelai-gateway  | 12:46:55 | INFO    | gateway    | 🔒 获取锁，开始处理 (剩余等待: 0)
novelai-gateway  | 12:46:55 | ERROR   | gateway    | ❌ NAI 请求失败 (https://text.novelai.net/ai/generate-image): All connection attempts failed
novelai-gateway  | 12:46:55 | INFO    | gateway    | ❄️ 冷却 0.6s
novelai-gateway  | 12:46:56 | INFO    | gateway    | 🔓 释放锁 (当前等待: 0)
novelai-gateway  | 12:46:56 | INFO    | gateway    | [generations] client body sampler='k_dpmpp_2m' noise_schedule='karras' | final NAI sampler='k_dpmpp_2m' noise_schedule='karras'
novelai-gateway  | 12:46:56 | INFO    | gateway    | ⏳ 排队中... (当前等待: 1)
novelai-gateway  | 12:46:56 | INFO    | gateway    | 🔒 获取锁，开始处理 (剩余等待: 0)
novelai-gateway  | 12:46:56 | ERROR   | gateway    | ❌ NAI 请求失败 (https://text.novelai.net/ai/generate-image): All connection attempts failed
novelai-gateway  | 12:46:56 | INFO    | gateway    | ❄️ 冷却 0.8s
novelai-gateway  | 12:46:57 | INFO    | gateway    | 🔓 释放锁 (当前等待: 0)
novelai-gateway  | 12:46:57 | INFO    | gateway    | [generations] client body sampler='k_dpmpp_2m' noise_schedule='karras' | final NAI sampler='k_dpmpp_2m' noise_schedule='karras'
novelai-gateway  | 12:46:57 | INFO    | gateway    | ⏳ 排队中... (当前等待: 1)
novelai-gateway  | 12:46:57 | INFO    | gateway    | 🔒 获取锁，开始处理 (剩余等待: 0)
novelai-gateway  | 12:46:57 | ERROR   | gateway    | ❌ NAI 请求失败 (https://text.novelai.net/ai/generate-image): All connection attempts failed
novelai-gateway  | 12:46:57 | INFO    | gateway    | ❄️ 冷却 0.9s
novelai-gateway  | 12:46:58 | INFO    | gateway    | 🔓 释放锁 (当前等待: 0)
novelai-gateway  | 12:46:58 | INFO    | gateway    | [generations] client body sampler='k_dpmpp_2m' noise_schedule='karras' | final NAI sampler='k_dpmpp_2m' noise_schedule='karras'
novelai-gateway  | 12:46:58 | INFO    | gateway    | ⏳ 排队中... (当前等待: 1)
novelai-gateway  | 12:46:58 | INFO    | gateway    | 🔒 获取锁，开始处理 (剩余等待: 0)
novelai-gateway  | 12:46:58 | ERROR   | gateway    | ❌ NAI 请求失败 (https://text.novelai.net/ai/generate-image): All connection attempts failed
novelai-gateway  | 12:46:58 | INFO    | gateway    | ❄️ 冷却 0.7s
novelai-gateway  | 12:46:58 | INFO    | gateway    | 🔓 释放锁 (当前等待: 0)
novelai-gateway  | 12:46:58 | INFO    | gateway    | [generations] client body sampler='k_dpmpp_2m' noise_schedule='karras' | final NAI sampler='k_dpmpp_2m' noise_schedule='karras'
novelai-gateway  | 12:46:58 | INFO    | gateway    | ⏳ 排队中... (当前等待: 1)
novelai-gateway  | 12:46:58 | INFO    | gateway    | 🔒 获取锁，开始处理 (剩余等待: 0)
novelai-gateway  | 12:46:58 | ERROR   | gateway    | ❌ NAI 请求失败 (https://text.novelai.net/ai/generate-image): All connection attempts failed
novelai-gateway  | 12:46:58 | INFO    | gateway    | ❄️ 冷却 0.9s
novelai-gateway  | 12:46:59 | INFO    | gateway    | 🔓 释放锁 (当前等待: 0)
novelai-gateway  | 12:46:59 | INFO    | gateway    | [generations] client body sampler='k_dpmpp_2m' noise_schedule='karras' | final NAI sampler='k_dpmpp_2m' noise_schedule='karras'
novelai-gateway  | 12:46:59 | INFO    | gateway    | ⏳ 排队中... (当前等待: 1)
novelai-gateway  | 12:46:59 | INFO    | gateway    | 🔒 获取锁，开始处理 (剩余等待: 0)
novelai-gateway  | 12:46:59 | ERROR   | gateway    | ❌ NAI 请求失败 (https://text.novelai.net/ai/generate-image): All connection attempts failed
novelai-gateway  | 12:46:59 | INFO    | gateway    | ❄️ 冷却 0.7s
novelai-gateway  | 12:47:00 | INFO    | gateway    | 🔓 释放锁 (当前等待: 0)
novelai-gateway  | 12:47:00 | INFO    | gateway    | [generations] client body sampler='k_dpmpp_2m' noise_schedule='karras' | final NAI sampler='k_dpmpp_2m' noise_schedule='karras'
novelai-gateway  | 12:47:00 | INFO    | gateway    | ⏳ 排队中... (当前等待: 1)
novelai-gateway  | 12:47:00 | INFO    | gateway    | 🔒 获取锁，开始处理 (剩余等待: 0)
novelai-gateway  | 12:47:00 | ERROR   | gateway    | ❌ NAI 请求失败 (https://text.novelai.net/ai/generate-image): All connection attempts failed
novelai-gateway  | 12:47:00 | INFO    | gateway    | ❄️ 冷却 0.5s
novelai-gateway  | 12:47:00 | INFO    | gateway    | 🔓 释放锁 (当前等待: 0)
novelai-gateway  | 12:47:00 | INFO    | gateway    | [generations] client body sampler='k_dpmpp_2m' noise_schedule='karras' | final NAI sampler='k_dpmpp_2m' noise_schedule='karras'
novelai-gateway  | 12:47:00 | INFO    | gateway    | ⏳ 排队中... (当前等待: 1)
novelai-gateway  | 12:47:00 | INFO    | gateway    | 🔒 获取锁，开始处理 (剩余等待: 0)
novelai-gateway  | 12:47:00 | ERROR   | gateway    | ❌ NAI 请求失败 (https://text.novelai.net/ai/generate-image): All connection attempts failed
novelai-gateway  | 12:47:00 | INFO    | gateway    | ❄️ 冷却 0.7s
novelai-gateway  | 12:47:01 | INFO    | gateway    | 🔓 释放锁 (当前等待: 0)
novelai-gateway  | 12:47:01 | INFO    | gateway    | [generations] client body sampler='k_dpmpp_2m' noise_schedule='karras' | final NAI sampler='k_dpmpp_2m' noise_schedule='karras'
novelai-gateway  | 12:47:01 | INFO    | gateway    | ⏳ 排队中... (当前等待: 1)
novelai-gateway  | 12:47:01 | INFO    | gateway    | 🔒 获取锁，开始处理 (剩余等待: 0)
novelai-gateway  | 12:47:01 | ERROR   | gateway    | ❌ NAI 请求失败 (https://text.novelai.net/ai/generate-image): All connection attempts failed
novelai-gateway  | 12:47:01 | INFO    | gateway    | ❄️ 冷却 0.5s
novelai-gateway  | 12:47:02 | INFO    | gateway    | 🔓 释放锁 (当前等待: 0)
novelai-gateway  | 12:47:02 | INFO    | gateway    | [generations] client body sampler='k_dpmpp_2m' noise_schedule='karras' | final NAI sampler='k_dpmpp_2m' noise_schedule='karras'
novelai-gateway  | 12:47:02 | INFO    | gateway    | ⏳ 排队中... (当前等待: 1)
novelai-gateway  | 12:47:02 | INFO    | gateway    | 🔒 获取锁，开始处理 (剩余等待: 0)
novelai-gateway  | 12:47:02 | ERROR   | gateway    | ❌ NAI 请求失败 (https://text.novelai.net/ai/generate-image): All connection attempts failed
novelai-gateway  | 12:47:02 | INFO    | gateway    | ❄️ 冷却 0.8s
novelai-gateway  | 12:47:03 | INFO    | gateway    | 🔓 释放锁 (当前等待: 0)
novelai-gateway  | 12:52:54 | INFO    | gateway    | [generations] client body sampler='k_dpmpp_2m' noise_schedule='native' | final NAI sampler='k_dpmpp_2m' noise_schedule='native'
novelai-gateway  | 12:52:54 | INFO    | gateway    | ⏳ 排队中... (当前等待: 1)
novelai-gateway  | 12:52:54 | INFO    | gateway    | 🔒 获取锁，开始处理 (剩余等待: 0)
novelai-gateway  | 12:52:56 | ERROR   | gateway    | ❌ NAI 请求失败 (https://text.novelai.net/ai/generate-image): 
novelai-gateway  | 12:52:56 | INFO    | gateway    | ❄️ 冷却 0.5s
novelai-gateway  | 12:52:56 | INFO    | gateway    | 🔓 释放锁 (当前等待: 0)
novelai-gateway  | 12:52:56 | INFO    | gateway    | [generations] client body sampler='k_dpmpp_2m' noise_schedule='native' | final NAI sampler='k_dpmpp_2m' noise_schedule='native'
novelai-gateway  | 12:52:56 | INFO    | gateway    | ⏳ 排队中... (当前等待: 1)
novelai-gateway  | 12:52:56 | INFO    | gateway    | 🔒 获取锁，开始处理 (剩余等待: 0)
novelai-gateway  | 12:52:58 | ERROR   | gateway    | ❌ NAI 请求失败 (https://text.novelai.net/ai/generate-image): 
novelai-gateway  | 12:52:58 | INFO    | gateway    | ❄️ 冷却 0.9s
novelai-gateway  | 12:52:59 | INFO    | gateway    | 🔓 释放锁 (当前等待: 0)
novelai-gateway  | 12:52:59 | INFO    | gateway    | [generations] client body sampler='k_dpmpp_2m' noise_schedule='native' | final NAI sampler='k_dpmpp_2m' noise_schedule='native'
novelai-gateway  | 12:52:59 | INFO    | gateway    | ⏳ 排队中... (当前等待: 1)
novelai-gateway  | 12:52:59 | INFO    | gateway    | 🔒 获取锁，开始处理 (剩余等待: 0)
novelai-gateway  | 12:53:14 | INFO    | gateway    | ❄️ 冷却 0.6s
novelai-gateway  | 12:53:14 | INFO    | gateway    | 🔓 释放锁 (当前等待: 0)
novelai-gateway  | 12:53:14 | INFO    | stats      | 生成确认 | 类型: 小图 | 画幅: 1024x1024 | 大小: 2.16MB | 今日累计: 小图=85, 大图=0
novelai-gateway  | 📊 生成确认 | 类型: 小图 | 画幅: 1024x1024 | 大小: 2.16MB | 今日累计: 小图=85, 大图=0
novelai-gateway  | 12:53:47 | INFO    | gateway    | [generations] client body sampler='k_dpmpp_2m' noise_schedule='karras' | final NAI sampler='k_dpmpp_2m' noise_schedule='karras'
novelai-gateway  | 12:53:47 | INFO    | gateway    | ⏳ 排队中... (当前等待: 1)
novelai-gateway  | 12:53:47 | INFO    | gateway    | 🔒 获取锁，开始处理 (剩余等待: 0)
novelai-gateway  | 12:54:01 | INFO    | gateway    | ❄️ 冷却 0.6s
novelai-gateway  | 12:54:02 | INFO    | gateway    | 🔓 释放锁 (当前等待: 0)
novelai-gateway  | 📊 生成确认 | 类型: 小图 | 画幅: 832x1216 | 大小: 1.59MB | 今日累计: 小图=86, 大图=0
novelai-gateway  | 12:54:02 | INFO    | stats      | 生成确认 | 类型: 小图 | 画幅: 832x1216 | 大小: 1.59MB | 今日累计: 小图=86, 大图=0
novelai-gateway  | 12:54:04 | INFO    | gateway    | [generations] client body sampler='k_dpmpp_2m' noise_schedule='karras' | final NAI sampler='k_dpmpp_2m' noise_schedule='karras'
novelai-gateway  | 12:54:04 | INFO    | gateway    | ⏳ 排队中... (当前等待: 1)
novelai-gateway  | 12:54:04 | INFO    | gateway    | 🔒 获取锁，开始处理 (剩余等待: 0)
novelai-gateway  | 12:54:18 | INFO    | gateway    | ❄️ 冷却 0.7s
novelai-gateway  | 12:54:19 | INFO    | gateway    | 🔓 释放锁 (当前等待: 0)
novelai-gateway  | 12:54:19 | INFO    | stats      | 生成确认 | 类型: 小图 | 画幅: 832x1216 | 大小: 1.76MB | 今日累计: 小图=87, 大图=0
novelai-gateway  | 📊 生成确认 | 类型: 小图 | 画幅: 832x1216 | 大小: 1.76MB | 今日累计: 小图=87, 大图=0
novelai-gateway  | 12:54:21 | INFO    | gateway    | [generations] client body sampler='k_dpmpp_2m' noise_schedule='karras' | final NAI sampler='k_dpmpp_2m' noise_schedule='karras'
novelai-gateway  | 12:54:21 | INFO    | gateway    | ⏳ 排队中... (当前等待: 1)
novelai-gateway  | 12:54:21 | INFO    | gateway    | 🔒 获取锁，开始处理 (剩余等待: 0)
novelai-gateway  | 12:54:33 | INFO    | gateway    | ❄️ 冷却 0.7s
novelai-gateway  | 📊 生成确认 | 类型: 小图 | 画幅: 832x1216 | 大小: 1.76MB | 今日累计: 小图=88, 大图=0
novelai-gateway  | 12:54:34 | INFO    | gateway    | 🔓 释放锁 (当前等待: 0)
novelai-gateway  | 12:54:34 | INFO    | stats      | 生成确认 | 类型: 小图 | 画幅: 832x1216 | 大小: 1.76MB | 今日累计: 小图=88, 大图=0
novelai-gateway  | 12:54:37 | INFO    | gateway    | [generations] client body sampler='k_dpmpp_2m' noise_schedule='karras' | final NAI sampler='k_dpmpp_2m' noise_schedule='karras'
novelai-gateway  | 12:54:37 | INFO    | gateway    | ⏳ 排队中... (当前等待: 1)
novelai-gateway  | 12:54:37 | INFO    | gateway    | 🔒 获取锁，开始处理 (剩余等待: 0)
novelai-gateway  | 12:54:49 | INFO    | gateway    | ❄️ 冷却 0.6s
novelai-gateway  | 12:54:49 | INFO    | gateway    | 🔓 释放锁 (当前等待: 0)
novelai-gateway  | 📊 生成确认 | 类型: 小图 | 画幅: 832x1216 | 大小: 1.47MB | 今日累计: 小图=89, 大图=0
novelai-gateway  | 12:54:49 | INFO    | stats      | 生成确认 | 类型: 小图 | 画幅: 832x1216 | 大小: 1.47MB | 今日累计: 小图=89, 大图=0
novelai-gateway  | 12:54:52 | INFO    | gateway    | [generations] client body sampler='k_dpmpp_2m' noise_schedule='karras' | final NAI sampler='k_dpmpp_2m' noise_schedule='karras'
novelai-gateway  | 12:54:52 | INFO    | gateway    | ⏳ 排队中... (当前等待: 1)
novelai-gateway  | 12:54:52 | INFO    | gateway    | 🔒 获取锁，开始处理 (剩余等待: 0)
novelai-gateway  | 12:55:04 | INFO    | gateway    | ❄️ 冷却 0.8s
novelai-gateway  | 12:55:05 | INFO    | gateway    | 🔓 释放锁 (当前等待: 0)
novelai-gateway  | 📊 生成确认 | 类型: 小图 | 画幅: 832x1216 | 大小: 1.61MB | 今日累计: 小图=90, 大图=0
novelai-gateway  | 12:55:05 | INFO    | stats      | 生成确认 | 类型: 小图 | 画幅: 832x1216 | 大小: 1.61MB | 今日累计: 小图=90, 大图=0
novelai-gateway  | 12:55:07 | INFO    | gateway    | [generations] client body sampler='k_dpmpp_2m' noise_schedule='karras' | final NAI sampler='k_dpmpp_2m' noise_schedule='karras'
novelai-gateway  | 12:55:07 | INFO    | gateway    | ⏳ 排队中... (当前等待: 1)
novelai-gateway  | 12:55:07 | INFO    | gateway    | 🔒 获取锁，开始处理 (剩余等待: 0)
novelai-gateway  | 12:55:19 | INFO    | gateway    | ❄️ 冷却 1.0s
novelai-gateway  | 12:55:20 | INFO    | gateway    | 🔓 释放锁 (当前等待: 0)
novelai-gateway  | 12:55:20 | INFO    | stats      | 生成确认 | 类型: 小图 | 画幅: 832x1216 | 大小: 1.22MB | 今日累计: 小图=91, 大图=0
novelai-gateway  | 📊 生成确认 | 类型: 小图 | 画幅: 832x1216 | 大小: 1.22MB | 今日累计: 小图=91, 大图=0
novelai-gateway  | 12:56:07 | INFO    | gateway    | [generations] client body sampler='k_dpmpp_2m' noise_schedule='karras' | final NAI sampler='k_dpmpp_2m' noise_schedule='karras'
novelai-gateway  | 12:56:07 | INFO    | gateway    | ⏳ 排队中... (当前等待: 1)
novelai-gateway  | 12:56:07 | INFO    | gateway    | 🔒 获取锁，开始处理 (剩余等待: 0)
novelai-gateway  | 12:56:18 | INFO    | gateway    | ❄️ 冷却 0.8s
novelai-gateway  | 12:56:19 | INFO    | gateway    | 🔓 释放锁 (当前等待: 0)
novelai-gateway  | 12:56:19 | INFO    | stats      | 生成确认 | 类型: 小图 | 画幅: 832x1216 | 大小: 1.72MB | 今日累计: 小图=92, 大图=0
novelai-gateway  | 📊 生成确认 | 类型: 小图 | 画幅: 832x1216 | 大小: 1.72MB | 今日累计: 小图=92, 大图=0
novelai-gateway  | 12:56:22 | INFO    | gateway    | [generations] client body sampler='k_dpmpp_2m' noise_schedule='karras' | final NAI sampler='k_dpmpp_2m' noise_schedule='karras'
novelai-gateway  | 12:56:22 | INFO    | gateway    | ⏳ 排队中... (当前等待: 1)
novelai-gateway  | 12:56:22 | INFO    | gateway    | 🔒 获取锁，开始处理 (剩余等待: 0)
novelai-gateway  | 12:56:34 | INFO    | gateway    | ❄️ 冷却 0.8s
novelai-gateway  | 12:56:35 | INFO    | gateway    | 🔓 释放锁 (当前等待: 0)
novelai-gateway  | 📊 生成确认 | 类型: 小图 | 画幅: 832x1216 | 大小: 1.88MB | 今日累计: 小图=93, 大图=0
novelai-gateway  | 12:56:35 | INFO    | stats      | 生成确认 | 类型: 小图 | 画幅: 832x1216 | 大小: 1.88MB | 今日累计: 小图=93, 大图=0
novelai-gateway  | 12:56:37 | INFO    | gateway    | [generations] client body sampler='k_dpmpp_2m' noise_schedule='karras' | final NAI sampler='k_dpmpp_2m' noise_schedule='karras'
novelai-gateway  | 12:56:37 | INFO    | gateway    | ⏳ 排队中... (当前等待: 1)
novelai-gateway  | 12:56:37 | INFO    | gateway    | 🔒 获取锁，开始处理 (剩余等待: 0)
novelai-gateway  | 12:56:49 | INFO    | gateway    | ❄️ 冷却 0.6s
novelai-gateway  | 12:56:49 | INFO    | gateway    | 🔓 释放锁 (当前等待: 0)
novelai-gateway  | 12:56:49 | INFO    | stats      | 生成确认 | 类型: 小图 | 画幅: 832x1216 | 大小: 1.74MB | 今日累计: 小图=94, 大图=0
novelai-gateway  | 📊 生成确认 | 类型: 小图 | 画幅: 832x1216 | 大小: 1.74MB | 今日累计: 小图=94, 大图=0
novelai-gateway  | 12:56:52 | INFO    | gateway    | [generations] client body sampler='k_dpmpp_2m' noise_schedule='karras' | final NAI sampler='k_dpmpp_2m' noise_schedule='karras'
novelai-gateway  | 12:56:52 | INFO    | gateway    | ⏳ 排队中... (当前等待: 1)
novelai-gateway  | 12:56:52 | INFO    | gateway    | 🔒 获取锁，开始处理 (剩余等待: 0)
novelai-gateway  | 12:57:03 | INFO    | gateway    | ❄️ 冷却 0.6s
novelai-gateway  | 12:57:04 | INFO    | gateway    | 🔓 释放锁 (当前等待: 0)
novelai-gateway  | 12:57:04 | INFO    | stats      | 生成确认 | 类型: 小图 | 画幅: 832x1216 | 大小: 1.80MB | 今日累计: 小图=95, 大图=0
novelai-gateway  | 📊 生成确认 | 类型: 小图 | 画幅: 832x1216 | 大小: 1.80MB | 今日累计: 小图=95, 大图=0
novelai-gateway  | 12:57:06 | INFO    | gateway    | [generations] client body sampler='k_dpmpp_2m' noise_schedule='karras' | final NAI sampler='k_dpmpp_2m' noise_schedule='karras'
novelai-gateway  | 12:57:06 | INFO    | gateway    | ⏳ 排队中... (当前等待: 1)
novelai-gateway  | 12:57:06 | INFO    | gateway    | 🔒 获取锁，开始处理 (剩余等待: 0)
novelai-gateway  | 12:57:18 | INFO    | gateway    | ❄️ 冷却 0.8s
novelai-gateway  | 📊 生成确认 | 类型: 小图 | 画幅: 832x1216 | 大小: 1.87MB | 今日累计: 小图=96, 大图=0
novelai-gateway  | 12:57:19 | INFO    | gateway    | 🔓 释放锁 (当前等待: 0)
novelai-gateway  | 12:57:19 | INFO    | stats      | 生成确认 | 类型: 小图 | 画幅: 832x1216 | 大小: 1.87MB | 今日累计: 小图=96, 大图=0
novelai-gateway  | 12:57:21 | INFO    | gateway    | [generations] client body sampler='k_dpmpp_2m' noise_schedule='karras' | final NAI sampler='k_dpmpp_2m' noise_schedule='karras'
novelai-gateway  | 12:57:21 | INFO    | gateway    | ⏳ 排队中... (当前等待: 1)
novelai-gateway  | 12:57:21 | INFO    | gateway    | 🔒 获取锁，开始处理 (剩余等待: 0)
novelai-gateway  | 12:57:33 | INFO    | gateway    | ❄️ 冷却 0.8s
novelai-gateway  | 12:57:33 | INFO    | gateway    | 🔓 释放锁 (当前等待: 0)
novelai-gateway  | 12:57:33 | INFO    | stats      | 生成确认 | 类型: 小图 | 画幅: 832x1216 | 大小: 1.82MB | 今日累计: 小图=97, 大图=0
novelai-gateway  | 📊 生成确认 | 类型: 小图 | 画幅: 832x1216 | 大小: 1.82MB | 今日累计: 小图=97, 大图=0
novelai-gateway  | 12:58:31 | INFO    | gateway    | [generations] client body sampler='k_dpmpp_2m' noise_schedule='karras' | final NAI sampler='k_dpmpp_2m' noise_schedule='karras'
novelai-gateway  | 12:58:31 | INFO    | gateway    | ⏳ 排队中... (当前等待: 1)
novelai-gateway  | 12:58:31 | INFO    | gateway    | 🔒 获取锁，开始处理 (剩余等待: 0)
novelai-gateway  | 12:58:45 | INFO    | gateway    | ❄️ 冷却 0.9s
novelai-gateway  | 12:58:46 | INFO    | gateway    | 🔓 释放锁 (当前等待: 0)
novelai-gateway  | 12:58:46 | INFO    | stats      | 生成确认 | 类型: 小图 | 画幅: 832x1216 | 大小: 1.73MB | 今日累计: 小图=98, 大图=0
novelai-gateway  | 📊 生成确认 | 类型: 小图 | 画幅: 832x1216 | 大小: 1.73MB | 今日累计: 小图=98, 大图=0
novelai-gateway  | 12:58:48 | INFO    | gateway    | [generations] client body sampler='k_dpmpp_2m' noise_schedule='karras' | final NAI sampler='k_dpmpp_2m' noise_schedule='karras'
novelai-gateway  | 12:58:48 | INFO    | gateway    | ⏳ 排队中... (当前等待: 1)
novelai-gateway  | 12:58:48 | INFO    | gateway    | 🔒 获取锁，开始处理 (剩余等待: 0)
novelai-gateway  | 12:59:02 | INFO    | gateway    | ❄️ 冷却 0.8s
novelai-gateway  | 📊 生成确认 | 类型: 小图 | 画幅: 832x1216 | 大小: 1.92MB | 今日累计: 小图=99, 大图=0
novelai-gateway  | 12:59:03 | INFO    | gateway    | 🔓 释放锁 (当前等待: 0)
novelai-gateway  | 12:59:03 | INFO    | stats      | 生成确认 | 类型: 小图 | 画幅: 832x1216 | 大小: 1.92MB | 今日累计: 小图=99, 大图=0
novelai-gateway  | 12:59:09 | INFO    | gateway    | [generations] client body sampler='k_dpmpp_2m' noise_schedule='karras' | final NAI sampler='k_dpmpp_2m' noise_schedule='karras'
novelai-gateway  | 12:59:09 | INFO    | gateway    | ⏳ 排队中... (当前等待: 1)
novelai-gateway  | 12:59:09 | INFO    | gateway    | 🔒 获取锁，开始处理 (剩余等待: 0)
novelai-gateway  | 12:59:23 | INFO    | gateway    | ❄️ 冷却 0.9s
novelai-gateway  | 12:59:24 | INFO    | gateway    | 🔓 释放锁 (当前等待: 0)
novelai-gateway  | 12:59:24 | INFO    | stats      | 生成确认 | 类型: 小图 | 画幅: 832x1216 | 大小: 1.75MB | 今日累计: 小图=100, 大图=0
novelai-gateway  | 📊 生成确认 | 类型: 小图 | 画幅: 832x1216 | 大小: 1.75MB | 今日累计: 小图=100, 大图=0
novelai-gateway  | 12:59:26 | INFO    | gateway    | [generations] client body sampler='k_dpmpp_2m' noise_schedule='karras' | final NAI sampler='k_dpmpp_2m' noise_schedule='karras'
novelai-gateway  | 12:59:26 | INFO    | gateway    | ⏳ 排队中... (当前等待: 1)
novelai-gateway  | 12:59:26 | INFO    | gateway    | 🔒 获取锁，开始处理 (剩余等待: 0)
novelai-gateway  | 12:59:40 | INFO    | gateway    | ❄️ 冷却 0.7s
novelai-gateway  | 12:59:41 | INFO    | gateway    | 🔓 释放锁 (当前等待: 0)
novelai-gateway  | 12:59:41 | INFO    | stats      | 生成确认 | 类型: 小图 | 画幅: 832x1216 | 大小: 1.84MB | 今日累计: 小图=101, 大图=0
novelai-gateway  | 📊 生成确认 | 类型: 小图 | 画幅: 832x1216 | 大小: 1.84MB | 今日累计: 小图=101, 大图=0
novelai-gateway  | 12:59:43 | INFO    | gateway    | [generations] client body sampler='k_dpmpp_2m' noise_schedule='karras' | final NAI sampler='k_dpmpp_2m' noise_schedule='karras'
novelai-gateway  | 12:59:43 | INFO    | gateway    | ⏳ 排队中... (当前等待: 1)
novelai-gateway  | 12:59:43 | INFO    | gateway    | 🔒 获取锁，开始处理 (剩余等待: 0)
novelai-gateway  | 12:59:55 | INFO    | gateway    | ❄️ 冷却 0.8s
novelai-gateway  | 📊 生成确认 | 类型: 小图 | 画幅: 832x1216 | 大小: 1.86MB | 今日累计: 小图=102, 大图=0
novelai-gateway  | 12:59:56 | INFO    | gateway    | 🔓 释放锁 (当前等待: 0)
novelai-gateway  | 12:59:56 | INFO    | stats      | 生成确认 | 类型: 小图 | 画幅: 832x1216 | 大小: 1.86MB | 今日累计: 小图=102, 大图=0
novelai-gateway  | 12:59:59 | INFO    | gateway    | [generations] client body sampler='k_dpmpp_2m' noise_schedule='karras' | final NAI sampler='k_dpmpp_2m' noise_schedule='karras'
novelai-gateway  | 12:59:59 | INFO    | gateway    | ⏳ 排队中... (当前等待: 1)
novelai-gateway  | 12:59:59 | INFO    | gateway    | 🔒 获取锁，开始处理 (剩余等待: 0)
novelai-gateway  | 13:00:13 | INFO    | gateway    | ❄️ 冷却 0.9s
novelai-gateway  | 13:00:14 | INFO    | gateway    | 🔓 释放锁 (当前等待: 0)
novelai-gateway  | 13:00:14 | INFO    | stats      | 生成确认 | 类型: 小图 | 画幅: 832x1216 | 大小: 1.70MB | 今日累计: 小图=103, 大图=0
novelai-gateway  | 📊 生成确认 | 类型: 小图 | 画幅: 832x1216 | 大小: 1.70MB | 今日累计: 小图=103, 大图=0
novelai-gateway  | 13:24:41 | INFO    | gateway    | [generations] client body sampler='k_dpmpp_2m' noise_schedule='karras' | final NAI sampler='k_dpmpp_2m' noise_schedule='karras'
novelai-gateway  | 13:24:41 | INFO    | gateway    | ⏳ 排队中... (当前等待: 1)
novelai-gateway  | 13:24:41 | INFO    | gateway    | 🔒 获取锁，开始处理 (剩余等待: 0)
novelai-gateway  | 13:24:56 | INFO    | gateway    | ❄️ 冷却 0.9s
novelai-gateway  | 13:24:57 | INFO    | gateway    | 🔓 释放锁 (当前等待: 0)
novelai-gateway  | 📊 生成确认 | 类型: 小图 | 画幅: 832x1216 | 大小: 1.70MB | 今日累计: 小图=104, 大图=0
novelai-gateway  | 13:24:57 | INFO    | stats      | 生成确认 | 类型: 小图 | 画幅: 832x1216 | 大小: 1.70MB | 今日累计: 小图=104, 大图=0
novelai-gateway  | 13:24:59 | INFO    | gateway    | [generations] client body sampler='k_dpmpp_2m' noise_schedule='karras' | final NAI sampler='k_dpmpp_2m' noise_schedule='karras'
novelai-gateway  | 13:24:59 | INFO    | gateway    | ⏳ 排队中... (当前等待: 1)
novelai-gateway  | 13:24:59 | INFO    | gateway    | 🔒 获取锁，开始处理 (剩余等待: 0)
novelai-gateway  | 13:25:14 | INFO    | gateway    | ❄️ 冷却 0.8s
novelai-gateway  | 13:25:14 | INFO    | gateway    | 🔓 释放锁 (当前等待: 0)
novelai-gateway  | 13:25:14 | INFO    | stats      | 生成确认 | 类型: 小图 | 画幅: 832x1216 | 大小: 1.65MB | 今日累计: 小图=105, 大图=0
novelai-gateway  | 📊 生成确认 | 类型: 小图 | 画幅: 832x1216 | 大小: 1.65MB | 今日累计: 小图=105, 大图=0
novelai-gateway  | 13:25:16 | INFO    | gateway    | [generations] client body sampler='k_dpmpp_2m' noise_schedule='karras' | final NAI sampler='k_dpmpp_2m' noise_schedule='karras'
novelai-gateway  | 13:25:16 | INFO    | gateway    | ⏳ 排队中... (当前等待: 1)
novelai-gateway  | 13:25:16 | INFO    | gateway    | 🔒 获取锁，开始处理 (剩余等待: 0)
novelai-gateway  | 13:25:31 | INFO    | gateway    | ❄️ 冷却 0.8s
novelai-gateway  | 13:25:32 | INFO    | gateway    | 🔓 释放锁 (当前等待: 0)
novelai-gateway  | 13:25:32 | INFO    | stats      | 生成确认 | 类型: 小图 | 画幅: 832x1216 | 大小: 1.86MB | 今日累计: 小图=106, 大图=0
novelai-gateway  | 📊 生成确认 | 类型: 小图 | 画幅: 832x1216 | 大小: 1.86MB | 今日累计: 小图=106, 大图=0
novelai-gateway  | 13:25:34 | INFO    | gateway    | [generations] client body sampler='k_dpmpp_2m' noise_schedule='karras' | final NAI sampler='k_dpmpp_2m' noise_schedule='karras'
novelai-gateway  | 13:25:34 | INFO    | gateway    | ⏳ 排队中... (当前等待: 1)
novelai-gateway  | 13:25:34 | INFO    | gateway    | 🔒 获取锁，开始处理 (剩余等待: 0)
novelai-gateway  | 13:25:49 | INFO    | gateway    | ❄️ 冷却 1.0s
novelai-gateway  | 13:25:50 | INFO    | gateway    | 🔓 释放锁 (当前等待: 0)
novelai-gateway  | 13:25:50 | INFO    | stats      | 生成确认 | 类型: 小图 | 画幅: 832x1216 | 大小: 1.70MB | 今日累计: 小图=107, 大图=0
novelai-gateway  | 📊 生成确认 | 类型: 小图 | 画幅: 832x1216 | 大小: 1.70MB | 今日累计: 小图=107, 大图=0
novelai-gateway  | 13:25:52 | INFO    | gateway    | [generations] client body sampler='k_dpmpp_2m' noise_schedule='karras' | final NAI sampler='k_dpmpp_2m' noise_schedule='karras'
novelai-gateway  | 13:25:52 | INFO    | gateway    | ⏳ 排队中... (当前等待: 1)
novelai-gateway  | 13:25:52 | INFO    | gateway    | 🔒 获取锁，开始处理 (剩余等待: 0)
novelai-gateway  | 13:26:06 | INFO    | gateway    | ❄️ 冷却 1.0s
novelai-gateway  | 13:26:07 | INFO    | gateway    | 🔓 释放锁 (当前等待: 0)
novelai-gateway  | 13:26:07 | INFO    | stats      | 生成确认 | 类型: 小图 | 画幅: 832x1216 | 大小: 1.81MB | 今日累计: 小图=108, 大图=0
novelai-gateway  | 📊 生成确认 | 类型: 小图 | 画幅: 832x1216 | 大小: 1.81MB | 今日累计: 小图=108, 大图=0
novelai-gateway  | 13:26:09 | INFO    | gateway    | [generations] client body sampler='k_dpmpp_2m' noise_schedule='karras' | final NAI sampler='k_dpmpp_2m' noise_schedule='karras'
novelai-gateway  | 13:26:09 | INFO    | gateway    | ⏳ 排队中... (当前等待: 1)
novelai-gateway  | 13:26:09 | INFO    | gateway    | 🔒 获取锁，开始处理 (剩余等待: 0)
novelai-gateway  | 13:26:27 | INFO    | gateway    | ❄️ 冷却 0.9s
novelai-gateway  | 13:26:28 | INFO    | gateway    | 🔓 释放锁 (当前等待: 0)
novelai-gateway  | 13:26:28 | INFO    | stats      | 生成确认 | 类型: 小图 | 画幅: 832x1216 | 大小: 1.80MB | 今日累计: 小图=109, 大图=0
novelai-gateway  | 📊 生成确认 | 类型: 小图 | 画幅: 832x1216 | 大小: 1.80MB | 今日累计: 小图=109, 大图=0
novelai-gateway  | 13:26:45 | INFO    | gateway    | [generations] client body sampler='k_dpmpp_2m' noise_schedule='karras' | final NAI sampler='k_dpmpp_2m' noise_schedule='karras'
novelai-gateway  | 13:26:45 | INFO    | gateway    | ⏳ 排队中... (当前等待: 1)
novelai-gateway  | 13:26:45 | INFO    | gateway    | 🔒 获取锁，开始处理 (剩余等待: 0)
novelai-gateway  | 13:27:00 | INFO    | gateway    | ❄️ 冷却 0.8s
novelai-gateway  | 13:27:01 | INFO    | gateway    | 🔓 释放锁 (当前等待: 0)
novelai-gateway  | 13:27:01 | INFO    | stats      | 生成确认 | 类型: 小图 | 画幅: 832x1216 | 大小: 0.71MB | 今日累计: 小图=110, 大图=0
novelai-gateway  | 📊 生成确认 | 类型: 小图 | 画幅: 832x1216 | 大小: 0.71MB | 今日累计: 小图=110, 大图=0
novelai-gateway  | 13:27:03 | INFO    | gateway    | [generations] client body sampler='k_dpmpp_2m' noise_schedule='karras' | final NAI sampler='k_dpmpp_2m' noise_schedule='karras'
novelai-gateway  | 13:27:03 | INFO    | gateway    | ⏳ 排队中... (当前等待: 1)
novelai-gateway  | 13:27:03 | INFO    | gateway    | 🔒 获取锁，开始处理 (剩余等待: 0)
novelai-gateway  | 13:27:17 | INFO    | gateway    | ❄️ 冷却 0.6s
novelai-gateway  | 13:27:18 | INFO    | gateway    | 🔓 释放锁 (当前等待: 0)
novelai-gateway  | 📊 生成确认 | 类型: 小图 | 画幅: 832x1216 | 大小: 0.74MB | 今日累计: 小图=111, 大图=0
novelai-gateway  | 13:27:18 | INFO    | stats      | 生成确认 | 类型: 小图 | 画幅: 832x1216 | 大小: 0.74MB | 今日累计: 小图=111, 大图=0
novelai-gateway  | 13:27:19 | INFO    | gateway    | [generations] client body sampler='k_dpmpp_2m' noise_schedule='karras' | final NAI sampler='k_dpmpp_2m' noise_schedule='karras'
novelai-gateway  | 13:27:19 | INFO    | gateway    | ⏳ 排队中... (当前等待: 1)
novelai-gateway  | 13:27:19 | INFO    | gateway    | 🔒 获取锁，开始处理 (剩余等待: 0)
novelai-gateway  | 13:27:33 | INFO    | gateway    | ❄️ 冷却 0.9s
novelai-gateway  | 13:27:34 | INFO    | gateway    | 🔓 释放锁 (当前等待: 0)
novelai-gateway  | 📊 生成确认 | 类型: 小图 | 画幅: 832x1216 | 大小: 0.97MB | 今日累计: 小图=112, 大图=0
novelai-gateway  | 13:27:34 | INFO    | stats      | 生成确认 | 类型: 小图 | 画幅: 832x1216 | 大小: 0.97MB | 今日累计: 小图=112, 大图=0
novelai-gateway  | 13:27:35 | INFO    | gateway    | [generations] client body sampler='k_dpmpp_2m' noise_schedule='karras' | final NAI sampler='k_dpmpp_2m' noise_schedule='karras'
novelai-gateway  | 13:27:35 | INFO    | gateway    | ⏳ 排队中... (当前等待: 1)
novelai-gateway  | 13:27:35 | INFO    | gateway    | 🔒 获取锁，开始处理 (剩余等待: 0)
novelai-gateway  | 13:27:49 | INFO    | gateway    | ❄️ 冷却 0.6s
novelai-gateway  | 13:27:50 | INFO    | gateway    | 🔓 释放锁 (当前等待: 0)
novelai-gateway  | 13:27:50 | INFO    | stats      | 生成确认 | 类型: 小图 | 画幅: 832x1216 | 大小: 1.00MB | 今日累计: 小图=113, 大图=0
novelai-gateway  | 📊 生成确认 | 类型: 小图 | 画幅: 832x1216 | 大小: 1.00MB | 今日累计: 小图=113, 大图=0
novelai-gateway  | 13:28:01 | INFO    | gateway    | [generations] client body sampler='k_dpmpp_2m' noise_schedule='karras' | final NAI sampler='k_dpmpp_2m' noise_schedule='karras'
novelai-gateway  | 13:28:01 | INFO    | gateway    | ⏳ 排队中... (当前等待: 1)
novelai-gateway  | 13:28:01 | INFO    | gateway    | 🔒 获取锁，开始处理 (剩余等待: 0)
novelai-gateway  | 13:28:16 | INFO    | gateway    | ❄️ 冷却 0.7s
novelai-gateway  | 13:28:17 | INFO    | gateway    | 🔓 释放锁 (当前等待: 0)
novelai-gateway  | 📊 生成确认 | 类型: 小图 | 画幅: 832x1216 | 大小: 1.09MB | 今日累计: 小图=114, 大图=0
novelai-gateway  | 13:28:17 | INFO    | stats      | 生成确认 | 类型: 小图 | 画幅: 832x1216 | 大小: 1.09MB | 今日累计: 小图=114, 大图=0
novelai-gateway  | 13:28:34 | INFO    | gateway    | [generations] client body sampler='k_dpmpp_2m' noise_schedule='karras' | final NAI sampler='k_dpmpp_2m' noise_schedule='karras'
novelai-gateway  | 13:28:34 | INFO    | gateway    | ⏳ 排队中... (当前等待: 1)
novelai-gateway  | 13:28:34 | INFO    | gateway    | 🔒 获取锁，开始处理 (剩余等待: 0)
novelai-gateway  | 13:28:48 | INFO    | gateway    | ❄️ 冷却 0.6s
novelai-gateway  | 13:28:49 | INFO    | gateway    | 🔓 释放锁 (当前等待: 0)
novelai-gateway  | 13:28:49 | INFO    | stats      | 生成确认 | 类型: 小图 | 画幅: 832x1216 | 大小: 0.95MB | 今日累计: 小图=115, 大图=0
novelai-gateway  | 📊 生成确认 | 类型: 小图 | 画幅: 832x1216 | 大小: 0.95MB | 今日累计: 小图=115, 大图=0
novelai-gateway  | 13:28:57 | INFO    | gateway    | [generations] client body sampler='k_dpmpp_2m' noise_schedule='karras' | final NAI sampler='k_dpmpp_2m' noise_schedule='karras'
novelai-gateway  | 13:28:57 | INFO    | gateway    | ⏳ 排队中... (当前等待: 1)
novelai-gateway  | 13:28:57 | INFO    | gateway    | 🔒 获取锁，开始处理 (剩余等待: 0)
novelai-gateway  | 13:29:11 | INFO    | gateway    | ❄️ 冷却 0.8s
novelai-gateway  | 13:29:12 | INFO    | gateway    | 🔓 释放锁 (当前等待: 0)
novelai-gateway  | 13:29:12 | INFO    | stats      | 生成确认 | 类型: 小图 | 画幅: 832x1216 | 大小: 0.81MB | 今日累计: 小图=116, 大图=0
novelai-gateway  | 📊 生成确认 | 类型: 小图 | 画幅: 832x1216 | 大小: 0.81MB | 今日累计: 小图=116, 大图=0
novelai-gateway  | 13:29:14 | INFO    | gateway    | [generations] client body sampler='k_dpmpp_2m' noise_schedule='karras' | final NAI sampler='k_dpmpp_2m' noise_schedule='karras'
novelai-gateway  | 13:29:14 | INFO    | gateway    | ⏳ 排队中... (当前等待: 1)
novelai-gateway  | 13:29:14 | INFO    | gateway    | 🔒 获取锁，开始处理 (剩余等待: 0)
novelai-gateway  | 13:29:28 | INFO    | gateway    | ❄️ 冷却 0.8s
novelai-gateway  | 13:29:28 | INFO    | gateway    | 🔓 释放锁 (当前等待: 0)
novelai-gateway  | 13:29:28 | INFO    | stats      | 生成确认 | 类型: 小图 | 画幅: 832x1216 | 大小: 1.14MB | 今日累计: 小图=117, 大图=0
novelai-gateway  | 📊 生成确认 | 类型: 小图 | 画幅: 832x1216 | 大小: 1.14MB | 今日累计: 小图=117, 大图=0
novelai-gateway  | 13:29:31 | INFO    | gateway    | [generations] client body sampler='k_dpmpp_2m' noise_schedule='karras' | final NAI sampler='k_dpmpp_2m' noise_schedule='karras'
novelai-gateway  | 13:29:31 | INFO    | gateway    | ⏳ 排队中... (当前等待: 1)
novelai-gateway  | 13:29:31 | INFO    | gateway    | 🔒 获取锁，开始处理 (剩余等待: 0)
novelai-gateway  | 13:29:43 | INFO    | gateway    | ❄️ 冷却 0.9s
novelai-gateway  | 13:29:44 | INFO    | gateway    | 🔓 释放锁 (当前等待: 0)
novelai-gateway  | 📊 生成确认 | 类型: 小图 | 画幅: 832x1216 | 大小: 0.80MB | 今日累计: 小图=118, 大图=0
novelai-gateway  | 13:29:44 | INFO    | stats      | 生成确认 | 类型: 小图 | 画幅: 832x1216 | 大小: 0.80MB | 今日累计: 小图=118, 大图=0
novelai-gateway  | 13:29:55 | INFO    | gateway    | [generations] client body sampler='k_dpmpp_2m' noise_schedule='karras' | final NAI sampler='k_dpmpp_2m' noise_schedule='karras'
novelai-gateway  | 13:29:55 | INFO    | gateway    | ⏳ 排队中... (当前等待: 1)
novelai-gateway  | 13:29:55 | INFO    | gateway    | 🔒 获取锁，开始处理 (剩余等待: 0)
novelai-gateway  | 13:30:10 | INFO    | gateway    | ❄️ 冷却 0.5s
novelai-gateway  | 13:30:11 | INFO    | gateway    | 🔓 释放锁 (当前等待: 0)
novelai-gateway  | 13:30:11 | INFO    | stats      | 生成确认 | 类型: 小图 | 画幅: 832x1216 | 大小: 0.95MB | 今日累计: 小图=119, 大图=0
novelai-gateway  | 📊 生成确认 | 类型: 小图 | 画幅: 832x1216 | 大小: 0.95MB | 今日累计: 小图=119, 大图=0
novelai-gateway  | 13:30:13 | INFO    | gateway    | [generations] client body sampler='k_dpmpp_2m' noise_schedule='karras' | final NAI sampler='k_dpmpp_2m' noise_schedule='karras'
novelai-gateway  | 13:30:13 | INFO    | gateway    | ⏳ 排队中... (当前等待: 1)
novelai-gateway  | 13:30:13 | INFO    | gateway    | 🔒 获取锁，开始处理 (剩余等待: 0)
novelai-gateway  | 13:30:27 | INFO    | gateway    | ❄️ 冷却 0.8s
novelai-gateway  | 📊 生成确认 | 类型: 小图 | 画幅: 832x1216 | 大小: 0.87MB | 今日累计: 小图=120, 大图=0
novelai-gateway  | 13:30:28 | INFO    | gateway    | 🔓 释放锁 (当前等待: 0)
novelai-gateway  | 13:30:28 | INFO    | stats      | 生成确认 | 类型: 小图 | 画幅: 832x1216 | 大小: 0.87MB | 今日累计: 小图=120, 大图=0
novelai-gateway  | 13:34:50 | INFO    | gateway    | [generations] client body sampler='k_dpmpp_2m' noise_schedule='karras' | final NAI sampler='k_dpmpp_2m' noise_schedule='karras'
novelai-gateway  | 13:34:50 | INFO    | gateway    | ⏳ 排队中... (当前等待: 1)
novelai-gateway  | 13:34:50 | INFO    | gateway    | 🔒 获取锁，开始处理 (剩余等待: 0)
novelai-gateway  | 13:35:06 | INFO    | gateway    | ❄️ 冷却 0.6s
novelai-gateway  | 13:35:07 | INFO    | gateway    | 🔓 释放锁 (当前等待: 0)
novelai-gateway  | 📊 生成确认 | 类型: 小图 | 画幅: 832x1216 | 大小: 1.09MB | 今日累计: 小图=121, 大图=0
novelai-gateway  | 13:35:07 | INFO    | stats      | 生成确认 | 类型: 小图 | 画幅: 832x1216 | 大小: 1.09MB | 今日累计: 小图=121, 大图=0
novelai-gateway  | 13:41:11 | INFO    | gateway    | [generations] client body sampler='k_dpmpp_2m' noise_schedule='karras' | final NAI sampler='k_dpmpp_2m' noise_schedule='karras'
novelai-gateway  | 13:41:11 | INFO    | gateway    | ⏳ 排队中... (当前等待: 1)
novelai-gateway  | 13:41:11 | INFO    | gateway    | 🔒 获取锁，开始处理 (剩余等待: 0)
novelai-gateway  | 13:41:26 | INFO    | gateway    | ❄️ 冷却 0.8s
novelai-gateway  | 13:41:27 | INFO    | gateway    | 🔓 释放锁 (当前等待: 0)
novelai-gateway  | 📊 生成确认 | 类型: 小图 | 画幅: 832x1216 | 大小: 0.76MB | 今日累计: 小图=122, 大图=0
novelai-gateway  | 13:41:27 | INFO    | stats      | 生成确认 | 类型: 小图 | 画幅: 832x1216 | 大小: 0.76MB | 今日累计: 小图=122, 大图=0
novelai-gateway  | 13:41:29 | INFO    | gateway    | [generations] client body sampler='k_dpmpp_2m' noise_schedule='karras' | final NAI sampler='k_dpmpp_2m' noise_schedule='karras'
novelai-gateway  | 13:41:29 | INFO    | gateway    | ⏳ 排队中... (当前等待: 1)
novelai-gateway  | 13:41:29 | INFO    | gateway    | 🔒 获取锁，开始处理 (剩余等待: 0)
novelai-gateway  | 13:41:43 | INFO    | gateway    | ❄️ 冷却 0.8s
novelai-gateway  | 13:41:43 | INFO    | gateway    | 🔓 释放锁 (当前等待: 0)
novelai-gateway  | 13:41:43 | INFO    | stats      | 生成确认 | 类型: 小图 | 画幅: 832x1216 | 大小: 0.95MB | 今日累计: 小图=123, 大图=0
novelai-gateway  | 📊 生成确认 | 类型: 小图 | 画幅: 832x1216 | 大小: 0.95MB | 今日累计: 小图=123, 大图=0
novelai-gateway  | 13:41:46 | INFO    | gateway    | [generations] client body sampler='k_dpmpp_2m' noise_schedule='karras' | final NAI sampler='k_dpmpp_2m' noise_schedule='karras'
novelai-gateway  | 13:41:46 | INFO    | gateway    | ⏳ 排队中... (当前等待: 1)
novelai-gateway  | 13:41:46 | INFO    | gateway    | 🔒 获取锁，开始处理 (剩余等待: 0)
novelai-gateway  | 13:42:01 | INFO    | gateway    | ❄️ 冷却 0.9s
novelai-gateway  | 13:42:02 | INFO    | gateway    | 🔓 释放锁 (当前等待: 0)
novelai-gateway  | 13:42:02 | INFO    | stats      | 生成确认 | 类型: 小图 | 画幅: 832x1216 | 大小: 1.06MB | 今日累计: 小图=124, 大图=0
novelai-gateway  | 📊 生成确认 | 类型: 小图 | 画幅: 832x1216 | 大小: 1.06MB | 今日累计: 小图=124, 大图=0
novelai-gateway  | 13:42:04 | INFO    | gateway    | [generations] client body sampler='k_dpmpp_2m' noise_schedule='karras' | final NAI sampler='k_dpmpp_2m' noise_schedule='karras'
novelai-gateway  | 13:42:04 | INFO    | gateway    | ⏳ 排队中... (当前等待: 1)
novelai-gateway  | 13:42:04 | INFO    | gateway    | 🔒 获取锁，开始处理 (剩余等待: 0)
novelai-gateway  | 13:42:20 | INFO    | gateway    | ❄️ 冷却 0.9s
novelai-gateway  | 13:42:21 | INFO    | gateway    | 🔓 释放锁 (当前等待: 0)
novelai-gateway  | 13:42:21 | INFO    | stats      | 生成确认 | 类型: 小图 | 画幅: 832x1216 | 大小: 1.12MB | 今日累计: 小图=125, 大图=0
novelai-gateway  | 📊 生成确认 | 类型: 小图 | 画幅: 832x1216 | 大小: 1.12MB | 今日累计: 小图=125, 大图=0
novelai-gateway  | 13:42:23 | INFO    | gateway    | [generations] client body sampler='k_dpmpp_2m' noise_schedule='karras' | final NAI sampler='k_dpmpp_2m' noise_schedule='karras'
novelai-gateway  | 13:42:23 | INFO    | gateway    | ⏳ 排队中... (当前等待: 1)
novelai-gateway  | 13:42:23 | INFO    | gateway    | 🔒 获取锁，开始处理 (剩余等待: 0)
novelai-gateway  | 13:42:38 | INFO    | gateway    | ❄️ 冷却 0.8s
novelai-gateway  | 13:42:39 | INFO    | gateway    | 🔓 释放锁 (当前等待: 0)
novelai-gateway  | 📊 生成确认 | 类型: 小图 | 画幅: 832x1216 | 大小: 1.03MB | 今日累计: 小图=126, 大图=0
novelai-gateway  | 13:42:39 | INFO    | stats      | 生成确认 | 类型: 小图 | 画幅: 832x1216 | 大小: 1.03MB | 今日累计: 小图=126, 大图=0
novelai-gateway  | 13:42:40 | INFO    | gateway    | [generations] client body sampler='k_dpmpp_2m' noise_schedule='karras' | final NAI sampler='k_dpmpp_2m' noise_schedule='karras'
novelai-gateway  | 13:42:40 | INFO    | gateway    | ⏳ 排队中... (当前等待: 1)
novelai-gateway  | 13:42:40 | INFO    | gateway    | 🔒 获取锁，开始处理 (剩余等待: 0)
novelai-gateway  | 13:42:54 | INFO    | gateway    | ❄️ 冷却 0.8s
novelai-gateway  | 13:42:55 | INFO    | gateway    | 🔓 释放锁 (当前等待: 0)
novelai-gateway  | 13:42:55 | INFO    | stats      | 生成确认 | 类型: 小图 | 画幅: 832x1216 | 大小: 1.06MB | 今日累计: 小图=127, 大图=0
novelai-gateway  | 📊 生成确认 | 类型: 小图 | 画幅: 832x1216 | 大小: 1.06MB | 今日累计: 小图=127, 大图=0
novelai-gateway  | 13:42:57 | INFO    | gateway    | [generations] client body sampler='k_dpmpp_2m' noise_schedule='karras' | final NAI sampler='k_dpmpp_2m' noise_schedule='karras'
novelai-gateway  | 13:42:57 | INFO    | gateway    | ⏳ 排队中... (当前等待: 1)
novelai-gateway  | 13:42:57 | INFO    | gateway    | 🔒 获取锁，开始处理 (剩余等待: 0)
novelai-gateway  | 13:43:10 | INFO    | gateway    | ❄️ 冷却 0.8s
novelai-gateway  | 13:43:11 | INFO    | gateway    | 🔓 释放锁 (当前等待: 0)
novelai-gateway  | 📊 生成确认 | 类型: 小图 | 画幅: 832x1216 | 大小: 1.08MB | 今日累计: 小图=128, 大图=0
novelai-gateway  | 13:43:11 | INFO    | stats      | 生成确认 | 类型: 小图 | 画幅: 832x1216 | 大小: 1.08MB | 今日累计: 小图=128, 大图=0
novelai-gateway  | 13:43:16 | INFO    | gateway    | [generations] client body sampler='k_dpmpp_2m' noise_schedule='karras' | final NAI sampler='k_dpmpp_2m' noise_schedule='karras'
novelai-gateway  | 13:43:16 | INFO    | gateway    | ⏳ 排队中... (当前等待: 1)
novelai-gateway  | 13:43:16 | INFO    | gateway    | 🔒 获取锁，开始处理 (剩余等待: 0)
novelai-gateway  | 13:43:30 | INFO    | gateway    | ❄️ 冷却 0.9s
novelai-gateway  | 13:43:31 | INFO    | gateway    | 🔓 释放锁 (当前等待: 0)
novelai-gateway  | 📊 生成确认 | 类型: 小图 | 画幅: 832x1216 | 大小: 0.67MB | 今日累计: 小图=129, 大图=0
novelai-gateway  | 13:43:31 | INFO    | stats      | 生成确认 | 类型: 小图 | 画幅: 832x1216 | 大小: 0.67MB | 今日累计: 小图=129, 大图=0
novelai-gateway  | 13:43:33 | INFO    | gateway    | [generations] client body sampler='k_dpmpp_2m' noise_schedule='karras' | final NAI sampler='k_dpmpp_2m' noise_schedule='karras'
novelai-gateway  | 13:43:33 | INFO    | gateway    | ⏳ 排队中... (当前等待: 1)
novelai-gateway  | 13:43:33 | INFO    | gateway    | 🔒 获取锁，开始处理 (剩余等待: 0)
novelai-gateway  | 13:43:47 | INFO    | gateway    | ❄️ 冷却 0.6s
novelai-gateway  | 13:43:47 | INFO    | gateway    | 🔓 释放锁 (当前等待: 0)
novelai-gateway  | 📊 生成确认 | 类型: 小图 | 画幅: 832x1216 | 大小: 1.02MB | 今日累计: 小图=130, 大图=0
novelai-gateway  | 13:43:47 | INFO    | stats      | 生成确认 | 类型: 小图 | 画幅: 832x1216 | 大小: 1.02MB | 今日累计: 小图=130, 大图=0
novelai-gateway  | 13:43:49 | INFO    | gateway    | [generations] client body sampler='k_dpmpp_2m' noise_schedule='karras' | final NAI sampler='k_dpmpp_2m' noise_schedule='karras'
novelai-gateway  | 13:43:49 | INFO    | gateway    | ⏳ 排队中... (当前等待: 1)
novelai-gateway  | 13:43:49 | INFO    | gateway    | 🔒 获取锁，开始处理 (剩余等待: 0)
novelai-gateway  | 13:44:03 | INFO    | gateway    | ❄️ 冷却 0.9s
novelai-gateway  | 13:44:04 | INFO    | gateway    | 🔓 释放锁 (当前等待: 0)
novelai-gateway  | 📊 生成确认 | 类型: 小图 | 画幅: 832x1216 | 大小: 0.94MB | 今日累计: 小图=131, 大图=0
novelai-gateway  | 13:44:04 | INFO    | stats      | 生成确认 | 类型: 小图 | 画幅: 832x1216 | 大小: 0.94MB | 今日累计: 小图=131, 大图=0
novelai-gateway  | 13:44:06 | INFO    | gateway    | [generations] client body sampler='k_dpmpp_2m' noise_schedule='karras' | final NAI sampler='k_dpmpp_2m' noise_schedule='karras'
novelai-gateway  | 13:44:06 | INFO    | gateway    | ⏳ 排队中... (当前等待: 1)
novelai-gateway  | 13:44:06 | INFO    | gateway    | 🔒 获取锁，开始处理 (剩余等待: 0)
novelai-gateway  | 13:44:21 | INFO    | gateway    | ❄️ 冷却 0.8s
novelai-gateway  | 13:44:22 | INFO    | gateway    | 🔓 释放锁 (当前等待: 0)
novelai-gateway  | 📊 生成确认 | 类型: 小图 | 画幅: 832x1216 | 大小: 0.68MB | 今日累计: 小图=132, 大图=0
novelai-gateway  | 13:44:22 | INFO    | stats      | 生成确认 | 类型: 小图 | 画幅: 832x1216 | 大小: 0.68MB | 今日累计: 小图=132, 大图=0
novelai-gateway  | 13:44:38 | INFO    | gateway    | [generations] client body sampler='k_dpmpp_2m' noise_schedule='karras' | final NAI sampler='k_dpmpp_2m' noise_schedule='karras'
novelai-gateway  | 13:44:38 | INFO    | gateway    | ⏳ 排队中... (当前等待: 1)
novelai-gateway  | 13:44:38 | INFO    | gateway    | 🔒 获取锁，开始处理 (剩余等待: 0)
novelai-gateway  | 13:44:52 | INFO    | gateway    | ❄️ 冷却 0.6s
novelai-gateway  | 13:44:52 | INFO    | gateway    | 🔓 释放锁 (当前等待: 0)
novelai-gateway  | 13:44:52 | INFO    | stats      | 生成确认 | 类型: 小图 | 画幅: 832x1216 | 大小: 1.07MB | 今日累计: 小图=133, 大图=0
novelai-gateway  | 📊 生成确认 | 类型: 小图 | 画幅: 832x1216 | 大小: 1.07MB | 今日累计: 小图=133, 大图=0
novelai-gateway  | 13:45:00 | INFO    | gateway    | [generations] client body sampler='k_dpmpp_2m' noise_schedule='karras' | final NAI sampler='k_dpmpp_2m' noise_schedule='karras'
novelai-gateway  | 13:45:00 | INFO    | gateway    | ⏳ 排队中... (当前等待: 1)
novelai-gateway  | 13:45:00 | INFO    | gateway    | 🔒 获取锁，开始处理 (剩余等待: 0)
novelai-gateway  | 13:45:15 | INFO    | gateway    | ❄️ 冷却 0.6s
novelai-gateway  | 📊 生成确认 | 类型: 小图 | 画幅: 832x1216 | 大小: 0.95MB | 今日累计: 小图=134, 大图=0
novelai-gateway  | 13:45:16 | INFO    | gateway    | 🔓 释放锁 (当前等待: 0)
novelai-gateway  | 13:45:16 | INFO    | stats      | 生成确认 | 类型: 小图 | 画幅: 832x1216 | 大小: 0.95MB | 今日累计: 小图=134, 大图=0
novelai-gateway  | 13:45:18 | INFO    | gateway    | [generations] client body sampler='k_dpmpp_2m' noise_schedule='karras' | final NAI sampler='k_dpmpp_2m' noise_schedule='karras'
novelai-gateway  | 13:45:18 | INFO    | gateway    | ⏳ 排队中... (当前等待: 1)
novelai-gateway  | 13:45:18 | INFO    | gateway    | 🔒 获取锁，开始处理 (剩余等待: 0)
novelai-gateway  | 13:45:32 | INFO    | gateway    | ❄️ 冷却 0.8s
novelai-gateway  | 13:45:33 | INFO    | gateway    | 🔓 释放锁 (当前等待: 0)
novelai-gateway  | 13:45:33 | INFO    | stats      | 生成确认 | 类型: 小图 | 画幅: 832x1216 | 大小: 0.99MB | 今日累计: 小图=135, 大图=0
novelai-gateway  | 📊 生成确认 | 类型: 小图 | 画幅: 832x1216 | 大小: 0.99MB | 今日累计: 小图=135, 大图=0
novelai-gateway  | 13:49:05 | INFO    | gateway    | [generations] client body sampler='k_dpmpp_2m' noise_schedule='karras' | final NAI sampler='k_dpmpp_2m' noise_schedule='karras'
novelai-gateway  | 13:49:05 | INFO    | gateway    | ⏳ 排队中... (当前等待: 1)
novelai-gateway  | 13:49:05 | INFO    | gateway    | 🔒 获取锁，开始处理 (剩余等待: 0)
novelai-gateway  | 13:49:22 | INFO    | gateway    | ❄️ 冷却 0.7s
novelai-gateway  | 📊 生成确认 | 类型: 小图 | 画幅: 832x1216 | 大小: 0.72MB | 今日累计: 小图=136, 大图=0
novelai-gateway  | 13:49:23 | INFO    | gateway    | 🔓 释放锁 (当前等待: 0)
novelai-gateway  | 13:49:23 | INFO    | stats      | 生成确认 | 类型: 小图 | 画幅: 832x1216 | 大小: 0.72MB | 今日累计: 小图=136, 大图=0
novelai-gateway  | 13:49:25 | INFO    | gateway    | [generations] client body sampler='k_dpmpp_2m' noise_schedule='karras' | final NAI sampler='k_dpmpp_2m' noise_schedule='karras'
novelai-gateway  | 13:49:25 | INFO    | gateway    | ⏳ 排队中... (当前等待: 1)
novelai-gateway  | 13:49:25 | INFO    | gateway    | 🔒 获取锁，开始处理 (剩余等待: 0)
novelai-gateway  | 13:49:39 | INFO    | gateway    | ❄️ 冷却 0.8s
novelai-gateway  | 13:49:40 | INFO    | gateway    | 🔓 释放锁 (当前等待: 0)
novelai-gateway  | 13:49:40 | INFO    | stats      | 生成确认 | 类型: 小图 | 画幅: 832x1216 | 大小: 0.99MB | 今日累计: 小图=137, 大图=0
novelai-gateway  | 📊 生成确认 | 类型: 小图 | 画幅: 832x1216 | 大小: 0.99MB | 今日累计: 小图=137, 大图=0
novelai-gateway  | 13:49:42 | INFO    | gateway    | [generations] client body sampler='k_dpmpp_2m' noise_schedule='karras' | final NAI sampler='k_dpmpp_2m' noise_schedule='karras'
novelai-gateway  | 13:49:42 | INFO    | gateway    | ⏳ 排队中... (当前等待: 1)
novelai-gateway  | 13:49:42 | INFO    | gateway    | 🔒 获取锁，开始处理 (剩余等待: 0)
novelai-gateway  | 13:49:57 | INFO    | gateway    | ❄️ 冷却 1.0s
novelai-gateway  | 13:49:58 | INFO    | gateway    | 🔓 释放锁 (当前等待: 0)
novelai-gateway  | 13:49:58 | INFO    | stats      | 生成确认 | 类型: 小图 | 画幅: 832x1216 | 大小: 0.98MB | 今日累计: 小图=138, 大图=0
novelai-gateway  | 📊 生成确认 | 类型: 小图 | 画幅: 832x1216 | 大小: 0.98MB | 今日累计: 小图=138, 大图=0
novelai-gateway  | 13:50:00 | INFO    | gateway    | [generations] client body sampler='k_dpmpp_2m' noise_schedule='karras' | final NAI sampler='k_dpmpp_2m' noise_schedule='karras'
novelai-gateway  | 13:50:00 | INFO    | gateway    | ⏳ 排队中... (当前等待: 1)
novelai-gateway  | 13:50:00 | INFO    | gateway    | 🔒 获取锁，开始处理 (剩余等待: 0)
novelai-gateway  | 13:50:16 | INFO    | gateway    | ❄️ 冷却 0.7s
novelai-gateway  | 13:50:16 | INFO    | gateway    | 🔓 释放锁 (当前等待: 0)
novelai-gateway  | 13:50:16 | INFO    | stats      | 生成确认 | 类型: 小图 | 画幅: 832x1216 | 大小: 1.07MB | 今日累计: 小图=139, 大图=0
novelai-gateway  | 📊 生成确认 | 类型: 小图 | 画幅: 832x1216 | 大小: 1.07MB | 今日累计: 小图=139, 大图=0
novelai-gateway  | 13:50:18 | INFO    | gateway    | [generations] client body sampler='k_dpmpp_2m' noise_schedule='karras' | final NAI sampler='k_dpmpp_2m' noise_schedule='karras'
novelai-gateway  | 13:50:18 | INFO    | gateway    | ⏳ 排队中... (当前等待: 1)
novelai-gateway  | 13:50:18 | INFO    | gateway    | 🔒 获取锁，开始处理 (剩余等待: 0)
novelai-gateway  | 13:50:35 | INFO    | gateway    | ❄️ 冷却 0.8s
novelai-gateway  | 📊 生成确认 | 类型: 小图 | 画幅: 832x1216 | 大小: 1.03MB | 今日累计: 小图=140, 大图=0
novelai-gateway  | 13:50:36 | INFO    | gateway    | 🔓 释放锁 (当前等待: 0)
novelai-gateway  | 13:50:36 | INFO    | stats      | 生成确认 | 类型: 小图 | 画幅: 832x1216 | 大小: 1.03MB | 今日累计: 小图=140, 大图=0
novelai-gateway  | 13:50:38 | INFO    | gateway    | [generations] client body sampler='k_dpmpp_2m' noise_schedule='karras' | final NAI sampler='k_dpmpp_2m' noise_schedule='karras'
novelai-gateway  | 13:50:38 | INFO    | gateway    | ⏳ 排队中... (当前等待: 1)
novelai-gateway  | 13:50:38 | INFO    | gateway    | 🔒 获取锁，开始处理 (剩余等待: 0)
novelai-gateway  | 13:50:51 | INFO    | gateway    | ❄️ 冷却 0.6s
novelai-gateway  | 13:50:52 | INFO    | gateway    | 🔓 释放锁 (当前等待: 0)
novelai-gateway  | 📊 生成确认 | 类型: 小图 | 画幅: 832x1216 | 大小: 1.06MB | 今日累计: 小图=141, 大图=0
novelai-gateway  | 13:50:52 | INFO    | stats      | 生成确认 | 类型: 小图 | 画幅: 832x1216 | 大小: 1.06MB | 今日累计: 小图=141, 大图=0
novelai-gateway  | 13:50:54 | INFO    | gateway    | [generations] client body sampler='k_dpmpp_2m' noise_schedule='karras' | final NAI sampler='k_dpmpp_2m' noise_schedule='karras'
novelai-gateway  | 13:50:54 | INFO    | gateway    | ⏳ 排队中... (当前等待: 1)
novelai-gateway  | 13:50:54 | INFO    | gateway    | 🔒 获取锁，开始处理 (剩余等待: 0)
novelai-gateway  | 13:51:08 | INFO    | gateway    | ❄️ 冷却 0.9s
novelai-gateway  | 13:51:09 | INFO    | gateway    | 🔓 释放锁 (当前等待: 0)
novelai-gateway  | 📊 生成确认 | 类型: 小图 | 画幅: 832x1216 | 大小: 0.87MB | 今日累计: 小图=142, 大图=0
novelai-gateway  | 13:51:09 | INFO    | stats      | 生成确认 | 类型: 小图 | 画幅: 832x1216 | 大小: 0.87MB | 今日累计: 小图=142, 大图=0
novelai-gateway  | 13:51:11 | INFO    | gateway    | [generations] client body sampler='k_dpmpp_2m' noise_schedule='karras' | final NAI sampler='k_dpmpp_2m' noise_schedule='karras'
novelai-gateway  | 13:51:11 | INFO    | gateway    | ⏳ 排队中... (当前等待: 1)
novelai-gateway  | 13:51:11 | INFO    | gateway    | 🔒 获取锁，开始处理 (剩余等待: 0)
novelai-gateway  | 13:51:26 | INFO    | gateway    | ❄️ 冷却 0.9s
novelai-gateway  | 13:51:27 | INFO    | gateway    | 🔓 释放锁 (当前等待: 0)
novelai-gateway  | 📊 生成确认 | 类型: 小图 | 画幅: 832x1216 | 大小: 1.15MB | 今日累计: 小图=143, 大图=0
novelai-gateway  | 13:51:27 | INFO    | stats      | 生成确认 | 类型: 小图 | 画幅: 832x1216 | 大小: 1.15MB | 今日累计: 小图=143, 大图=0
novelai-gateway  | 13:51:29 | INFO    | gateway    | [generations] client body sampler='k_dpmpp_2m' noise_schedule='karras' | final NAI sampler='k_dpmpp_2m' noise_schedule='karras'
novelai-gateway  | 13:51:29 | INFO    | gateway    | ⏳ 排队中... (当前等待: 1)
novelai-gateway  | 13:51:29 | INFO    | gateway    | 🔒 获取锁，开始处理 (剩余等待: 0)
novelai-gateway  | 13:51:43 | INFO    | gateway    | ❄️ 冷却 0.7s
novelai-gateway  | 13:51:43 | INFO    | gateway    | 🔓 释放锁 (当前等待: 0)
novelai-gateway  | 📊 生成确认 | 类型: 小图 | 画幅: 832x1216 | 大小: 0.78MB | 今日累计: 小图=144, 大图=0
novelai-gateway  | 13:51:43 | INFO    | stats      | 生成确认 | 类型: 小图 | 画幅: 832x1216 | 大小: 0.78MB | 今日累计: 小图=144, 大图=0
novelai-gateway  | 13:51:45 | INFO    | gateway    | [generations] client body sampler='k_dpmpp_2m' noise_schedule='karras' | final NAI sampler='k_dpmpp_2m' noise_schedule='karras'
novelai-gateway  | 13:51:45 | INFO    | gateway    | ⏳ 排队中... (当前等待: 1)
novelai-gateway  | 13:51:45 | INFO    | gateway    | 🔒 获取锁，开始处理 (剩余等待: 0)
novelai-gateway  | 13:52:00 | INFO    | gateway    | ❄️ 冷却 0.8s
novelai-gateway  | 13:52:01 | INFO    | gateway    | 🔓 释放锁 (当前等待: 0)
novelai-gateway  | 📊 生成确认 | 类型: 小图 | 画幅: 832x1216 | 大小: 0.30MB | 今日累计: 小图=145, 大图=0
novelai-gateway  | 13:52:01 | INFO    | stats      | 生成确认 | 类型: 小图 | 画幅: 832x1216 | 大小: 0.30MB | 今日累计: 小图=145, 大图=0
novelai-gateway  | 13:52:02 | INFO    | gateway    | [generations] client body sampler='k_dpmpp_2m' noise_schedule='karras' | final NAI sampler='k_dpmpp_2m' noise_schedule='karras'
novelai-gateway  | 13:52:02 | INFO    | gateway    | ⏳ 排队中... (当前等待: 1)
novelai-gateway  | 13:52:02 | INFO    | gateway    | 🔒 获取锁，开始处理 (剩余等待: 0)
novelai-gateway  | 13:52:17 | INFO    | gateway    | ❄️ 冷却 0.7s
novelai-gateway  | 13:52:18 | INFO    | gateway    | 🔓 释放锁 (当前等待: 0)
novelai-gateway  | 📊 生成确认 | 类型: 小图 | 画幅: 832x1216 | 大小: 0.91MB | 今日累计: 小图=146, 大图=0
novelai-gateway  | 13:52:18 | INFO    | stats      | 生成确认 | 类型: 小图 | 画幅: 832x1216 | 大小: 0.91MB | 今日累计: 小图=146, 大图=0
novelai-gateway  | 14:13:17 | INFO    | gateway    | [generations] client body sampler='k_dpmpp_2m' noise_schedule='karras' | final NAI sampler='k_dpmpp_2m' noise_schedule='karras'
novelai-gateway  | 14:13:17 | INFO    | gateway    | ⏳ 排队中... (当前等待: 1)
novelai-gateway  | 14:13:17 | INFO    | gateway    | 🔒 获取锁，开始处理 (剩余等待: 0)
novelai-gateway  | 14:13:32 | INFO    | gateway    | ❄️ 冷却 0.9s
novelai-gateway  | 14:13:33 | INFO    | gateway    | 🔓 释放锁 (当前等待: 0)
novelai-gateway  | 📊 生成确认 | 类型: 小图 | 画幅: 832x1216 | 大小: 1.60MB | 今日累计: 小图=147, 大图=0
novelai-gateway  | 14:13:33 | INFO    | stats      | 生成确认 | 类型: 小图 | 画幅: 832x1216 | 大小: 1.60MB | 今日累计: 小图=147, 大图=0
novelai-gateway  | 14:13:35 | INFO    | gateway    | [generations] client body sampler='k_dpmpp_2m' noise_schedule='karras' | final NAI sampler='k_dpmpp_2m' noise_schedule='karras'
novelai-gateway  | 14:13:35 | INFO    | gateway    | ⏳ 排队中... (当前等待: 1)
novelai-gateway  | 14:13:35 | INFO    | gateway    | 🔒 获取锁，开始处理 (剩余等待: 0)
novelai-gateway  | 14:13:50 | INFO    | gateway    | ❄️ 冷却 1.0s
novelai-gateway  | 14:13:51 | INFO    | gateway    | 🔓 释放锁 (当前等待: 0)
novelai-gateway  | 14:13:51 | INFO    | stats      | 生成确认 | 类型: 小图 | 画幅: 832x1216 | 大小: 1.80MB | 今日累计: 小图=148, 大图=0
novelai-gateway  | 📊 生成确认 | 类型: 小图 | 画幅: 832x1216 | 大小: 1.80MB | 今日累计: 小图=148, 大图=0
novelai-gateway  | 14:13:54 | INFO    | gateway    | [generations] client body sampler='k_dpmpp_2m' noise_schedule='karras' | final NAI sampler='k_dpmpp_2m' noise_schedule='karras'
novelai-gateway  | 14:13:54 | INFO    | gateway    | ⏳ 排队中... (当前等待: 1)
novelai-gateway  | 14:13:54 | INFO    | gateway    | 🔒 获取锁，开始处理 (剩余等待: 0)
novelai-gateway  | 14:14:10 | INFO    | gateway    | ❄️ 冷却 0.6s
novelai-gateway  | 14:14:11 | INFO    | gateway    | 🔓 释放锁 (当前等待: 0)
novelai-gateway  | 14:14:11 | INFO    | stats      | 生成确认 | 类型: 小图 | 画幅: 832x1216 | 大小: 1.73MB | 今日累计: 小图=149, 大图=0
novelai-gateway  | 📊 生成确认 | 类型: 小图 | 画幅: 832x1216 | 大小: 1.73MB | 今日累计: 小图=149, 大图=0
novelai-gateway  | 14:14:13 | INFO    | gateway    | [generations] client body sampler='k_dpmpp_2m' noise_schedule='karras' | final NAI sampler='k_dpmpp_2m' noise_schedule='karras'
novelai-gateway  | 14:14:13 | INFO    | gateway    | ⏳ 排队中... (当前等待: 1)
novelai-gateway  | 14:14:13 | INFO    | gateway    | 🔒 获取锁，开始处理 (剩余等待: 0)
novelai-gateway  | 14:14:27 | INFO    | gateway    | ❄️ 冷却 0.6s
novelai-gateway  | 14:14:27 | INFO    | gateway    | 🔓 释放锁 (当前等待: 0)
novelai-gateway  | 14:14:27 | INFO    | stats      | 生成确认 | 类型: 小图 | 画幅: 832x1216 | 大小: 1.73MB | 今日累计: 小图=150, 大图=0
novelai-gateway  | 📊 生成确认 | 类型: 小图 | 画幅: 832x1216 | 大小: 1.73MB | 今日累计: 小图=150, 大图=0
novelai-gateway  | 14:14:29 | INFO    | gateway    | [generations] client body sampler='k_dpmpp_2m' noise_schedule='karras' | final NAI sampler='k_dpmpp_2m' noise_schedule='karras'
novelai-gateway  | 14:14:29 | INFO    | gateway    | ⏳ 排队中... (当前等待: 1)
novelai-gateway  | 14:14:29 | INFO    | gateway    | 🔒 获取锁，开始处理 (剩余等待: 0)
novelai-gateway  | 14:14:45 | INFO    | gateway    | ❄️ 冷却 0.8s
novelai-gateway  | 14:14:46 | INFO    | gateway    | 🔓 释放锁 (当前等待: 0)
novelai-gateway  | 📊 生成确认 | 类型: 小图 | 画幅: 832x1216 | 大小: 1.81MB | 今日累计: 小图=151, 大图=0
novelai-gateway  | 14:14:46 | INFO    | stats      | 生成确认 | 类型: 小图 | 画幅: 832x1216 | 大小: 1.81MB | 今日累计: 小图=151, 大图=0
novelai-gateway  | 14:14:48 | INFO    | gateway    | [generations] client body sampler='k_dpmpp_2m' noise_schedule='karras' | final NAI sampler='k_dpmpp_2m' noise_schedule='karras'
novelai-gateway  | 14:14:48 | INFO    | gateway    | ⏳ 排队中... (当前等待: 1)
novelai-gateway  | 14:14:48 | INFO    | gateway    | 🔒 获取锁，开始处理 (剩余等待: 0)
novelai-gateway  | 14:15:03 | INFO    | gateway    | ❄️ 冷却 0.8s
novelai-gateway  | 14:15:04 | INFO    | gateway    | 🔓 释放锁 (当前等待: 0)
novelai-gateway  | 14:15:04 | INFO    | stats      | 生成确认 | 类型: 小图 | 画幅: 832x1216 | 大小: 1.82MB | 今日累计: 小图=152, 大图=0
novelai-gateway  | 📊 生成确认 | 类型: 小图 | 画幅: 832x1216 | 大小: 1.82MB | 今日累计: 小图=152, 大图=0
novelai-gateway  | 14:15:06 | INFO    | gateway    | [generations] client body sampler='k_dpmpp_2m' noise_schedule='karras' | final NAI sampler='k_dpmpp_2m' noise_schedule='karras'
novelai-gateway  | 14:15:06 | INFO    | gateway    | ⏳ 排队中... (当前等待: 1)
novelai-gateway  | 14:15:06 | INFO    | gateway    | 🔒 获取锁，开始处理 (剩余等待: 0)
novelai-gateway  | 14:15:21 | INFO    | gateway    | ❄️ 冷却 0.5s
novelai-gateway  | 14:15:21 | INFO    | gateway    | 🔓 释放锁 (当前等待: 0)
novelai-gateway  | 📊 生成确认 | 类型: 小图 | 画幅: 832x1216 | 大小: 1.93MB | 今日累计: 小图=153, 大图=0
novelai-gateway  | 14:15:21 | INFO    | stats      | 生成确认 | 类型: 小图 | 画幅: 832x1216 | 大小: 1.93MB | 今日累计: 小图=153, 大图=0
novelai-gateway  | 14:15:24 | INFO    | gateway    | [generations] client body sampler='k_dpmpp_2m' noise_schedule='karras' | final NAI sampler='k_dpmpp_2m' noise_schedule='karras'
novelai-gateway  | 14:15:24 | INFO    | gateway    | ⏳ 排队中... (当前等待: 1)
novelai-gateway  | 14:15:24 | INFO    | gateway    | 🔒 获取锁，开始处理 (剩余等待: 0)
novelai-gateway  | 14:15:38 | INFO    | gateway    | ❄️ 冷却 0.9s
novelai-gateway  | 14:15:39 | INFO    | gateway    | 🔓 释放锁 (当前等待: 0)
novelai-gateway  | 📊 生成确认 | 类型: 小图 | 画幅: 832x1216 | 大小: 1.75MB | 今日累计: 小图=154, 大图=0
novelai-gateway  | 14:15:39 | INFO    | stats      | 生成确认 | 类型: 小图 | 画幅: 832x1216 | 大小: 1.75MB | 今日累计: 小图=154, 大图=0
novelai-gateway  | 14:15:41 | INFO    | gateway    | [generations] client body sampler='k_dpmpp_2m' noise_schedule='karras' | final NAI sampler='k_dpmpp_2m' noise_schedule='karras'
novelai-gateway  | 14:15:41 | INFO    | gateway    | ⏳ 排队中... (当前等待: 1)
novelai-gateway  | 14:15:41 | INFO    | gateway    | 🔒 获取锁，开始处理 (剩余等待: 0)
novelai-gateway  | 14:15:56 | INFO    | gateway    | ❄️ 冷却 1.0s
novelai-gateway  | 14:15:57 | INFO    | gateway    | 🔓 释放锁 (当前等待: 0)
novelai-gateway  | 📊 生成确认 | 类型: 小图 | 画幅: 832x1216 | 大小: 1.74MB | 今日累计: 小图=155, 大图=0
novelai-gateway  | 14:15:57 | INFO    | stats      | 生成确认 | 类型: 小图 | 画幅: 832x1216 | 大小: 1.74MB | 今日累计: 小图=155, 大图=0
novelai-gateway  | 14:15:59 | INFO    | gateway    | [generations] client body sampler='k_dpmpp_2m' noise_schedule='karras' | final NAI sampler='k_dpmpp_2m' noise_schedule='karras'
novelai-gateway  | 14:15:59 | INFO    | gateway    | ⏳ 排队中... (当前等待: 1)
novelai-gateway  | 14:15:59 | INFO    | gateway    | 🔒 获取锁，开始处理 (剩余等待: 0)
novelai-gateway  | 14:16:14 | INFO    | gateway    | ❄️ 冷却 0.9s
novelai-gateway  | 14:16:15 | INFO    | gateway    | 🔓 释放锁 (当前等待: 0)
novelai-gateway  | 14:16:15 | INFO    | stats      | 生成确认 | 类型: 小图 | 画幅: 832x1216 | 大小: 1.69MB | 今日累计: 小图=156, 大图=0
novelai-gateway  | 📊 生成确认 | 类型: 小图 | 画幅: 832x1216 | 大小: 1.69MB | 今日累计: 小图=156, 大图=0
novelai-gateway  | 14:16:17 | INFO    | gateway    | [generations] client body sampler='k_dpmpp_2m' noise_schedule='karras' | final NAI sampler='k_dpmpp_2m' noise_schedule='karras'
novelai-gateway  | 14:16:17 | INFO    | gateway    | ⏳ 排队中... (当前等待: 1)
novelai-gateway  | 14:16:17 | INFO    | gateway    | 🔒 获取锁，开始处理 (剩余等待: 0)
novelai-gateway  | 14:16:30 | INFO    | gateway    | ❄️ 冷却 0.8s
novelai-gateway  | 14:16:31 | INFO    | gateway    | 🔓 释放锁 (当前等待: 0)
novelai-gateway  | 📊 生成确认 | 类型: 小图 | 画幅: 832x1216 | 大小: 1.64MB | 今日累计: 小图=157, 大图=0
novelai-gateway  | 14:16:31 | INFO    | stats      | 生成确认 | 类型: 小图 | 画幅: 832x1216 | 大小: 1.64MB | 今日累计: 小图=157, 大图=0
novelai-gateway  | 14:16:33 | INFO    | gateway    | [generations] client body sampler='k_dpmpp_2m' noise_schedule='karras' | final NAI sampler='k_dpmpp_2m' noise_schedule='karras'
novelai-gateway  | 14:16:33 | INFO    | gateway    | ⏳ 排队中... (当前等待: 1)
novelai-gateway  | 14:16:33 | INFO    | gateway    | 🔒 获取锁，开始处理 (剩余等待: 0)
novelai-gateway  | 14:16:47 | INFO    | gateway    | ❄️ 冷却 0.9s
novelai-gateway  | 14:16:48 | INFO    | gateway    | 🔓 释放锁 (当前等待: 0)
novelai-gateway  | 14:16:48 | INFO    | stats      | 生成确认 | 类型: 小图 | 画幅: 832x1216 | 大小: 1.91MB | 今日累计: 小图=158, 大图=0
novelai-gateway  | 📊 生成确认 | 类型: 小图 | 画幅: 832x1216 | 大小: 1.91MB | 今日累计: 小图=158, 大图=0
novelai-gateway  | 14:16:50 | INFO    | gateway    | [generations] client body sampler='k_dpmpp_2m' noise_schedule='karras' | final NAI sampler='k_dpmpp_2m' noise_schedule='karras'
novelai-gateway  | 14:16:50 | INFO    | gateway    | ⏳ 排队中... (当前等待: 1)
novelai-gateway  | 14:16:50 | INFO    | gateway    | 🔒 获取锁，开始处理 (剩余等待: 0)
novelai-gateway  | 14:17:05 | INFO    | gateway    | ❄️ 冷却 0.8s
novelai-gateway  | 14:17:06 | INFO    | gateway    | 🔓 释放锁 (当前等待: 0)
novelai-gateway  | 14:17:06 | INFO    | stats      | 生成确认 | 类型: 小图 | 画幅: 832x1216 | 大小: 1.92MB | 今日累计: 小图=159, 大图=0
novelai-gateway  | 📊 生成确认 | 类型: 小图 | 画幅: 832x1216 | 大小: 1.92MB | 今日累计: 小图=159, 大图=0
novelai-gateway  | 14:17:08 | INFO    | gateway    | [generations] client body sampler='k_dpmpp_2m' noise_schedule='karras' | final NAI sampler='k_dpmpp_2m' noise_schedule='karras'
novelai-gateway  | 14:17:08 | INFO    | gateway    | ⏳ 排队中... (当前等待: 1)
novelai-gateway  | 14:17:08 | INFO    | gateway    | 🔒 获取锁，开始处理 (剩余等待: 0)
novelai-gateway  | 14:17:22 | INFO    | gateway    | ❄️ 冷却 0.6s
novelai-gateway  | 14:17:23 | INFO    | gateway    | 🔓 释放锁 (当前等待: 0)
novelai-gateway  | 14:17:23 | INFO    | stats      | 生成确认 | 类型: 小图 | 画幅: 832x1216 | 大小: 1.62MB | 今日累计: 小图=160, 大图=0
novelai-gateway  | 📊 生成确认 | 类型: 小图 | 画幅: 832x1216 | 大小: 1.62MB | 今日累计: 小图=160, 大图=0
novelai-gateway  | 14:17:25 | INFO    | gateway    | [generations] client body sampler='k_dpmpp_2m' noise_schedule='karras' | final NAI sampler='k_dpmpp_2m' noise_schedule='karras'
novelai-gateway  | 14:17:25 | INFO    | gateway    | ⏳ 排队中... (当前等待: 1)
novelai-gateway  | 14:17:25 | INFO    | gateway    | 🔒 获取锁，开始处理 (剩余等待: 0)
novelai-gateway  | 14:17:39 | INFO    | gateway    | ❄️ 冷却 0.9s
novelai-gateway  | 14:17:40 | INFO    | gateway    | 🔓 释放锁 (当前等待: 0)
novelai-gateway  | 14:17:40 | INFO    | stats      | 生成确认 | 类型: 小图 | 画幅: 832x1216 | 大小: 1.69MB | 今日累计: 小图=161, 大图=0
novelai-gateway  | 📊 生成确认 | 类型: 小图 | 画幅: 832x1216 | 大小: 1.69MB | 今日累计: 小图=161, 大图=0
novelai-gateway  | 14:17:42 | INFO    | gateway    | [generations] client body sampler='k_dpmpp_2m' noise_schedule='karras' | final NAI sampler='k_dpmpp_2m' noise_schedule='karras'
novelai-gateway  | 14:17:42 | INFO    | gateway    | ⏳ 排队中... (当前等待: 1)
novelai-gateway  | 14:17:42 | INFO    | gateway    | 🔒 获取锁，开始处理 (剩余等待: 0)
novelai-gateway  | 14:17:55 | INFO    | gateway    | ❄️ 冷却 0.5s
novelai-gateway  | 📊 生成确认 | 类型: 小图 | 画幅: 832x1216 | 大小: 1.70MB | 今日累计: 小图=162, 大图=0
novelai-gateway  | 14:17:56 | INFO    | gateway    | 🔓 释放锁 (当前等待: 0)
novelai-gateway  | 14:17:56 | INFO    | stats      | 生成确认 | 类型: 小图 | 画幅: 832x1216 | 大小: 1.70MB | 今日累计: 小图=162, 大图=0
novelai-gateway  | 14:17:58 | INFO    | gateway    | [generations] client body sampler='k_dpmpp_2m' noise_schedule='karras' | final NAI sampler='k_dpmpp_2m' noise_schedule='karras'
novelai-gateway  | 14:17:58 | INFO    | gateway    | ⏳ 排队中... (当前等待: 1)
novelai-gateway  | 14:17:58 | INFO    | gateway    | 🔒 获取锁，开始处理 (剩余等待: 0)
novelai-gateway  | 14:18:11 | INFO    | gateway    | ❄️ 冷却 0.8s
novelai-gateway  | 14:18:12 | INFO    | gateway    | 🔓 释放锁 (当前等待: 0)
novelai-gateway  | 14:18:12 | INFO    | stats      | 生成确认 | 类型: 小图 | 画幅: 832x1216 | 大小: 1.82MB | 今日累计: 小图=163, 大图=0
novelai-gateway  | 📊 生成确认 | 类型: 小图 | 画幅: 832x1216 | 大小: 1.82MB | 今日累计: 小图=163, 大图=0
novelai-gateway  | 14:18:14 | INFO    | gateway    | [generations] client body sampler='k_dpmpp_2m' noise_schedule='karras' | final NAI sampler='k_dpmpp_2m' noise_schedule='karras'
novelai-gateway  | 14:18:14 | INFO    | gateway    | ⏳ 排队中... (当前等待: 1)
novelai-gateway  | 14:18:14 | INFO    | gateway    | 🔒 获取锁，开始处理 (剩余等待: 0)
novelai-gateway  | 14:18:28 | INFO    | gateway    | ❄️ 冷却 0.9s
novelai-gateway  | 14:18:29 | INFO    | gateway    | 🔓 释放锁 (当前等待: 0)
novelai-gateway  | 14:18:29 | INFO    | stats      | 生成确认 | 类型: 小图 | 画幅: 832x1216 | 大小: 1.78MB | 今日累计: 小图=164, 大图=0
novelai-gateway  | 📊 生成确认 | 类型: 小图 | 画幅: 832x1216 | 大小: 1.78MB | 今日累计: 小图=164, 大图=0
novelai-gateway  | 14:18:31 | INFO    | gateway    | [generations] client body sampler='k_dpmpp_2m' noise_schedule='karras' | final NAI sampler='k_dpmpp_2m' noise_schedule='karras'
novelai-gateway  | 14:18:31 | INFO    | gateway    | ⏳ 排队中... (当前等待: 1)
novelai-gateway  | 14:18:31 | INFO    | gateway    | 🔒 获取锁，开始处理 (剩余等待: 0)
novelai-gateway  | 14:18:45 | INFO    | gateway    | ❄️ 冷却 0.7s
novelai-gateway  | 14:18:46 | INFO    | gateway    | 🔓 释放锁 (当前等待: 0)
novelai-gateway  | 📊 生成确认 | 类型: 小图 | 画幅: 832x1216 | 大小: 1.77MB | 今日累计: 小图=165, 大图=0
novelai-gateway  | 14:18:46 | INFO    | stats      | 生成确认 | 类型: 小图 | 画幅: 832x1216 | 大小: 1.77MB | 今日累计: 小图=165, 大图=0
novelai-gateway  | 14:18:54 | INFO    | gateway    | [generations] client body sampler='k_dpmpp_2m' noise_schedule='karras' | final NAI sampler='k_dpmpp_2m' noise_schedule='karras'
novelai-gateway  | 14:18:54 | INFO    | gateway    | ⏳ 排队中... (当前等待: 1)
novelai-gateway  | 14:18:54 | INFO    | gateway    | 🔒 获取锁，开始处理 (剩余等待: 0)
novelai-gateway  | 14:19:10 | INFO    | gateway    | ❄️ 冷却 0.6s
novelai-gateway  | 📊 生成确认 | 类型: 小图 | 画幅: 832x1216 | 大小: 1.77MB | 今日累计: 小图=166, 大图=0
novelai-gateway  | 14:19:11 | INFO    | gateway    | 🔓 释放锁 (当前等待: 0)
novelai-gateway  | 14:19:11 | INFO    | stats      | 生成确认 | 类型: 小图 | 画幅: 832x1216 | 大小: 1.77MB | 今日累计: 小图=166, 大图=0
novelai-gateway  | 14:19:13 | INFO    | gateway    | [generations] client body sampler='k_dpmpp_2m' noise_schedule='karras' | final NAI sampler='k_dpmpp_2m' noise_schedule='karras'
novelai-gateway  | 14:19:13 | INFO    | gateway    | ⏳ 排队中... (当前等待: 1)
novelai-gateway  | 14:19:13 | INFO    | gateway    | 🔒 获取锁，开始处理 (剩余等待: 0)
novelai-gateway  | 14:19:29 | INFO    | gateway    | ❄️ 冷却 0.6s
novelai-gateway  | 📊 生成确认 | 类型: 小图 | 画幅: 832x1216 | 大小: 1.83MB | 今日累计: 小图=167, 大图=0
novelai-gateway  | 14:19:30 | INFO    | gateway    | 🔓 释放锁 (当前等待: 0)
novelai-gateway  | 14:19:30 | INFO    | stats      | 生成确认 | 类型: 小图 | 画幅: 832x1216 | 大小: 1.83MB | 今日累计: 小图=167, 大图=0
novelai-gateway  | 14:19:32 | INFO    | gateway    | [generations] client body sampler='k_dpmpp_2m' noise_schedule='karras' | final NAI sampler='k_dpmpp_2m' noise_schedule='karras'
novelai-gateway  | 14:19:32 | INFO    | gateway    | ⏳ 排队中... (当前等待: 1)
novelai-gateway  | 14:19:32 | INFO    | gateway    | 🔒 获取锁，开始处理 (剩余等待: 0)
novelai-gateway  | 14:19:48 | INFO    | gateway    | ❄️ 冷却 0.6s
novelai-gateway  | 📊 生成确认 | 类型: 小图 | 画幅: 832x1216 | 大小: 1.74MB | 今日累计: 小图=168, 大图=0
novelai-gateway  | 14:19:48 | INFO    | gateway    | 🔓 释放锁 (当前等待: 0)
novelai-gateway  | 14:19:48 | INFO    | stats      | 生成确认 | 类型: 小图 | 画幅: 832x1216 | 大小: 1.74MB | 今日累计: 小图=168, 大图=0
novelai-gateway  | 14:20:03 | INFO    | gateway    | [generations] client body sampler='k_dpmpp_2m' noise_schedule='karras' | final NAI sampler='k_dpmpp_2m' noise_schedule='karras'
novelai-gateway  | 14:20:03 | INFO    | gateway    | ⏳ 排队中... (当前等待: 1)
novelai-gateway  | 14:20:03 | INFO    | gateway    | 🔒 获取锁，开始处理 (剩余等待: 0)
novelai-gateway  | 14:20:17 | INFO    | gateway    | ❄️ 冷却 0.7s
novelai-gateway  | 14:20:18 | INFO    | gateway    | 🔓 释放锁 (当前等待: 0)
novelai-gateway  | 📊 生成确认 | 类型: 小图 | 画幅: 832x1216 | 大小: 1.80MB | 今日累计: 小图=169, 大图=0
novelai-gateway  | 14:20:18 | INFO    | stats      | 生成确认 | 类型: 小图 | 画幅: 832x1216 | 大小: 1.80MB | 今日累计: 小图=169, 大图=0
novelai-gateway  | 14:20:21 | INFO    | gateway    | [generations] client body sampler='k_dpmpp_2m' noise_schedule='karras' | final NAI sampler='k_dpmpp_2m' noise_schedule='karras'
novelai-gateway  | 14:20:21 | INFO    | gateway    | ⏳ 排队中... (当前等待: 1)
novelai-gateway  | 14:20:21 | INFO    | gateway    | 🔒 获取锁，开始处理 (剩余等待: 0)
novelai-gateway  | 14:20:36 | INFO    | gateway    | ❄️ 冷却 0.9s
novelai-gateway  | 14:20:37 | INFO    | gateway    | 🔓 释放锁 (当前等待: 0)
novelai-gateway  | 📊 生成确认 | 类型: 小图 | 画幅: 832x1216 | 大小: 1.85MB | 今日累计: 小图=170, 大图=0
novelai-gateway  | 14:20:37 | INFO    | stats      | 生成确认 | 类型: 小图 | 画幅: 832x1216 | 大小: 1.85MB | 今日累计: 小图=170, 大图=0
novelai-gateway  | 14:20:40 | INFO    | gateway    | [generations] client body sampler='k_dpmpp_2m' noise_schedule='karras' | final NAI sampler='k_dpmpp_2m' noise_schedule='karras'
novelai-gateway  | 14:20:40 | INFO    | gateway    | ⏳ 排队中... (当前等待: 1)
novelai-gateway  | 14:20:40 | INFO    | gateway    | 🔒 获取锁，开始处理 (剩余等待: 0)
novelai-gateway  | 14:20:53 | INFO    | gateway    | ❄️ 冷却 0.7s
novelai-gateway  | 14:20:54 | INFO    | gateway    | 🔓 释放锁 (当前等待: 0)
novelai-gateway  | 📊 生成确认 | 类型: 小图 | 画幅: 832x1216 | 大小: 1.51MB | 今日累计: 小图=171, 大图=0
novelai-gateway  | 14:20:54 | INFO    | stats      | 生成确认 | 类型: 小图 | 画幅: 832x1216 | 大小: 1.51MB | 今日累计: 小图=171, 大图=0
novelai-gateway  | 14:20:59 | INFO    | gateway    | [generations] client body sampler='k_dpmpp_2m' noise_schedule='karras' | final NAI sampler='k_dpmpp_2m' noise_schedule='karras'
novelai-gateway  | 14:20:59 | INFO    | gateway    | ⏳ 排队中... (当前等待: 1)
novelai-gateway  | 14:20:59 | INFO    | gateway    | 🔒 获取锁，开始处理 (剩余等待: 0)
novelai-gateway  | 14:21:16 | INFO    | gateway    | ❄️ 冷却 0.7s
novelai-gateway  | 14:21:17 | INFO    | gateway    | 🔓 释放锁 (当前等待: 0)
novelai-gateway  | 📊 生成确认 | 类型: 小图 | 画幅: 832x1216 | 大小: 1.93MB | 今日累计: 小图=172, 大图=0
novelai-gateway  | 14:21:17 | INFO    | stats      | 生成确认 | 类型: 小图 | 画幅: 832x1216 | 大小: 1.93MB | 今日累计: 小图=172, 大图=0
novelai-gateway  | 14:21:19 | INFO    | gateway    | [generations] client body sampler='k_dpmpp_2m' noise_schedule='karras' | final NAI sampler='k_dpmpp_2m' noise_schedule='karras'
novelai-gateway  | 14:21:19 | INFO    | gateway    | ⏳ 排队中... (当前等待: 1)
novelai-gateway  | 14:21:19 | INFO    | gateway    | 🔒 获取锁，开始处理 (剩余等待: 0)
novelai-gateway  | 14:21:35 | INFO    | gateway    | ❄️ 冷却 0.9s
novelai-gateway  | 14:21:36 | INFO    | gateway    | 🔓 释放锁 (当前等待: 0)
novelai-gateway  | 14:21:36 | INFO    | stats      | 生成确认 | 类型: 小图 | 画幅: 832x1216 | 大小: 1.86MB | 今日累计: 小图=173, 大图=0
novelai-gateway  | 📊 生成确认 | 类型: 小图 | 画幅: 832x1216 | 大小: 1.86MB | 今日累计: 小图=173, 大图=0
novelai-gateway  | 14:21:38 | INFO    | gateway    | [generations] client body sampler='k_dpmpp_2m' noise_schedule='karras' | final NAI sampler='k_dpmpp_2m' noise_schedule='karras'
novelai-gateway  | 14:21:38 | INFO    | gateway    | ⏳ 排队中... (当前等待: 1)
novelai-gateway  | 14:21:38 | INFO    | gateway    | 🔒 获取锁，开始处理 (剩余等待: 0)
novelai-gateway  | 14:21:53 | INFO    | gateway    | ❄️ 冷却 0.9s
novelai-gateway  | 📊 生成确认 | 类型: 小图 | 画幅: 832x1216 | 大小: 1.72MB | 今日累计: 小图=174, 大图=0
novelai-gateway  | 14:21:54 | INFO    | gateway    | 🔓 释放锁 (当前等待: 0)
novelai-gateway  | 14:21:54 | INFO    | stats      | 生成确认 | 类型: 小图 | 画幅: 832x1216 | 大小: 1.72MB | 今日累计: 小图=174, 大图=0
novelai-gateway  | 14:21:56 | INFO    | gateway    | [generations] client body sampler='k_dpmpp_2m' noise_schedule='karras' | final NAI sampler='k_dpmpp_2m' noise_schedule='karras'
novelai-gateway  | 14:21:56 | INFO    | gateway    | ⏳ 排队中... (当前等待: 1)
novelai-gateway  | 14:21:56 | INFO    | gateway    | 🔒 获取锁，开始处理 (剩余等待: 0)
novelai-gateway  | 14:22:11 | INFO    | gateway    | ❄️ 冷却 0.7s
novelai-gateway  | 14:22:12 | INFO    | gateway    | 🔓 释放锁 (当前等待: 0)
novelai-gateway  | 14:22:12 | INFO    | stats      | 生成确认 | 类型: 小图 | 画幅: 832x1216 | 大小: 1.79MB | 今日累计: 小图=175, 大图=0
novelai-gateway  | 📊 生成确认 | 类型: 小图 | 画幅: 832x1216 | 大小: 1.79MB | 今日累计: 小图=175, 大图=0
novelai-gateway  | 14:22:14 | INFO    | gateway    | [generations] client body sampler='k_dpmpp_2m' noise_schedule='karras' | final NAI sampler='k_dpmpp_2m' noise_schedule='karras'
novelai-gateway  | 14:22:14 | INFO    | gateway    | ⏳ 排队中... (当前等待: 1)
novelai-gateway  | 14:22:14 | INFO    | gateway    | 🔒 获取锁，开始处理 (剩余等待: 0)
novelai-gateway  | 14:22:29 | INFO    | gateway    | ❄️ 冷却 0.5s
novelai-gateway  | 📊 生成确认 | 类型: 小图 | 画幅: 832x1216 | 大小: 1.80MB | 今日累计: 小图=176, 大图=0
novelai-gateway  | 14:22:29 | INFO    | gateway    | 🔓 释放锁 (当前等待: 0)
novelai-gateway  | 14:22:29 | INFO    | stats      | 生成确认 | 类型: 小图 | 画幅: 832x1216 | 大小: 1.80MB | 今日累计: 小图=176, 大图=0
novelai-gateway  | 14:28:49 | INFO    | gateway    | [generations] client body sampler='k_dpmpp_2m' noise_schedule='karras' | final NAI sampler='k_dpmpp_2m' noise_schedule='karras'
novelai-gateway  | 14:28:49 | INFO    | gateway    | ⏳ 排队中... (当前等待: 1)
novelai-gateway  | 14:28:49 | INFO    | gateway    | 🔒 获取锁，开始处理 (剩余等待: 0)
novelai-gateway  | 14:29:05 | INFO    | gateway    | ❄️ 冷却 0.7s
novelai-gateway  | 14:29:06 | INFO    | gateway    | 🔓 释放锁 (当前等待: 0)
novelai-gateway  | 📊 生成确认 | 类型: 小图 | 画幅: 832x1216 | 大小: 1.47MB | 今日累计: 小图=177, 大图=0
novelai-gateway  | 14:29:06 | INFO    | stats      | 生成确认 | 类型: 小图 | 画幅: 832x1216 | 大小: 1.47MB | 今日累计: 小图=177, 大图=0
novelai-gateway  | 14:29:07 | INFO    | gateway    | [generations] client body sampler='k_dpmpp_2m' noise_schedule='karras' | final NAI sampler='k_dpmpp_2m' noise_schedule='karras'
novelai-gateway  | 14:29:07 | INFO    | gateway    | ⏳ 排队中... (当前等待: 1)
novelai-gateway  | 14:29:07 | INFO    | gateway    | 🔒 获取锁，开始处理 (剩余等待: 0)
novelai-gateway  | 14:29:24 | INFO    | gateway    | ❄️ 冷却 0.6s
novelai-gateway  | 📊 生成确认 | 类型: 小图 | 画幅: 832x1216 | 大小: 1.41MB | 今日累计: 小图=178, 大图=0
novelai-gateway  | 14:29:24 | INFO    | gateway    | 🔓 释放锁 (当前等待: 0)
novelai-gateway  | 14:29:24 | INFO    | stats      | 生成确认 | 类型: 小图 | 画幅: 832x1216 | 大小: 1.41MB | 今日累计: 小图=178, 大图=0
novelai-gateway  | 14:29:26 | INFO    | gateway    | [generations] client body sampler='k_dpmpp_2m' noise_schedule='karras' | final NAI sampler='k_dpmpp_2m' noise_schedule='karras'
novelai-gateway  | 14:29:26 | INFO    | gateway    | ⏳ 排队中... (当前等待: 1)
novelai-gateway  | 14:29:26 | INFO    | gateway    | 🔒 获取锁，开始处理 (剩余等待: 0)
novelai-gateway  | WARNING:  Invalid HTTP request received.
novelai-gateway  | WARNING:  Invalid HTTP request received.
novelai-gateway  | WARNING:  Invalid HTTP request received.
novelai-gateway  | WARNING:  Invalid HTTP request received.
novelai-gateway  | WARNING:  Invalid HTTP request received.
novelai-gateway  | WARNING:  Invalid HTTP request received.
novelai-gateway  | WARNING:  Invalid HTTP request received.
novelai-gateway  | WARNING:  Invalid HTTP request received.
novelai-gateway  | WARNING:  Invalid HTTP request received.
novelai-gateway  | WARNING:  Invalid HTTP request received.
novelai-gateway  | WARNING:  Invalid HTTP request received.
novelai-gateway  | WARNING:  Invalid HTTP request received.
novelai-gateway  | WARNING:  Invalid HTTP request received.
novelai-gateway  | WARNING:  Invalid HTTP request received.
novelai-gateway  | WARNING:  Invalid HTTP request received.
novelai-gateway  | WARNING:  Invalid HTTP request received.
novelai-gateway  | WARNING:  Invalid HTTP request received.
novelai-gateway  | WARNING:  Invalid HTTP request received.
novelai-gateway  | WARNING:  Invalid HTTP request received.
novelai-gateway  | WARNING:  Invalid HTTP request received.
novelai-gateway  | WARNING:  Invalid HTTP request received.
novelai-gateway  | WARNING:  Invalid HTTP request received.
novelai-gateway  | 14:29:39 | INFO    | gateway    | ❄️ 冷却 0.6s
novelai-gateway  | WARNING:  Invalid HTTP request received.
novelai-gateway  | WARNING:  Invalid HTTP request received.
novelai-gateway  | 14:29:40 | INFO    | gateway    | 🔓 释放锁 (当前等待: 0)
novelai-gateway  | 14:29:40 | INFO    | stats      | 生成确认 | 类型: 小图 | 画幅: 832x1216 | 大小: 1.57MB | 今日累计: 小图=179, 大图=0
novelai-gateway  | 📊 生成确认 | 类型: 小图 | 画幅: 832x1216 | 大小: 1.57MB | 今日累计: 小图=179, 大图=0
novelai-gateway  | WARNING:  Invalid HTTP request received.
novelai-gateway  | WARNING:  Invalid HTTP request received.
novelai-gateway  | WARNING:  Invalid HTTP request received.
novelai-gateway  | WARNING:  Invalid HTTP request received.
novelai-gateway  | WARNING:  Invalid HTTP request received.
novelai-gateway  | WARNING:  Invalid HTTP request received.
novelai-gateway  | WARNING:  Invalid HTTP request received.
novelai-gateway  | 14:29:42 | INFO    | gateway    | [generations] client body sampler='k_dpmpp_2m' noise_schedule='karras' | final NAI sampler='k_dpmpp_2m' noise_schedule='karras'
novelai-gateway  | 14:29:42 | INFO    | gateway    | ⏳ 排队中... (当前等待: 1)
novelai-gateway  | 14:29:42 | INFO    | gateway    | 🔒 获取锁，开始处理 (剩余等待: 0)
novelai-gateway  | WARNING:  Invalid HTTP request received.
novelai-gateway  | WARNING:  Invalid HTTP request received.
novelai-gateway  | WARNING:  Invalid HTTP request received.
novelai-gateway  | WARNING:  Invalid HTTP request received.
novelai-gateway  | WARNING:  Invalid HTTP request received.
novelai-gateway  | WARNING:  Invalid HTTP request received.
novelai-gateway  | WARNING:  Invalid HTTP request received.
novelai-gateway  | WARNING:  Invalid HTTP request received.
novelai-gateway  | WARNING:  Invalid HTTP request received.
novelai-gateway  | WARNING:  Invalid HTTP request received.
novelai-gateway  | WARNING:  Invalid HTTP request received.
novelai-gateway  | WARNING:  Invalid HTTP request received.
novelai-gateway  | WARNING:  Invalid HTTP request received.
novelai-gateway  | WARNING:  Invalid HTTP request received.
novelai-gateway  | WARNING:  Invalid HTTP request received.
novelai-gateway  | WARNING:  Invalid HTTP request received.
novelai-gateway  | WARNING:  Invalid HTTP request received.
novelai-gateway  | WARNING:  Invalid HTTP request received.
novelai-gateway  | WARNING:  Invalid HTTP request received.
novelai-gateway  | WARNING:  Invalid HTTP request received.
novelai-gateway  | WARNING:  Invalid HTTP request received.
novelai-gateway  | WARNING:  Invalid HTTP request received.
novelai-gateway  | WARNING:  Invalid HTTP request received.
novelai-gateway  | WARNING:  Invalid HTTP request received.
novelai-gateway  | WARNING:  Invalid HTTP request received.
novelai-gateway  | WARNING:  Invalid HTTP request received.
novelai-gateway  | 14:29:55 | INFO    | gateway    | ❄️ 冷却 0.7s
novelai-gateway  | WARNING:  Invalid HTTP request received.
novelai-gateway  | WARNING:  Invalid HTTP request received.
novelai-gateway  | WARNING:  Invalid HTTP request received.
novelai-gateway  | 14:29:56 | INFO    | gateway    | 🔓 释放锁 (当前等待: 0)
novelai-gateway  | 14:29:56 | INFO    | stats      | 生成确认 | 类型: 小图 | 画幅: 832x1216 | 大小: 1.37MB | 今日累计: 小图=180, 大图=0
novelai-gateway  | 📊 生成确认 | 类型: 小图 | 画幅: 832x1216 | 大小: 1.37MB | 今日累计: 小图=180, 大图=0
novelai-gateway  | WARNING:  Invalid HTTP request received.
novelai-gateway  | WARNING:  Invalid HTTP request received.
novelai-gateway  | WARNING:  Invalid HTTP request received.
novelai-gateway  | 14:29:58 | INFO    | gateway    | [generations] client body sampler='k_dpmpp_2m' noise_schedule='karras' | final NAI sampler='k_dpmpp_2m' noise_schedule='karras'
novelai-gateway  | 14:29:58 | INFO    | gateway    | ⏳ 排队中... (当前等待: 1)
novelai-gateway  | 14:29:58 | INFO    | gateway    | 🔒 获取锁，开始处理 (剩余等待: 0)
novelai-gateway  | 14:30:14 | INFO    | gateway    | ❄️ 冷却 0.6s
novelai-gateway  | 📊 生成确认 | 类型: 小图 | 画幅: 832x1216 | 大小: 1.58MB | 今日累计: 小图=181, 大图=0
novelai-gateway  | 14:30:14 | INFO    | gateway    | 🔓 释放锁 (当前等待: 0)
novelai-gateway  | 14:30:14 | INFO    | stats      | 生成确认 | 类型: 小图 | 画幅: 832x1216 | 大小: 1.58MB | 今日累计: 小图=181, 大图=0
novelai-gateway  | 14:30:16 | INFO    | gateway    | [generations] client body sampler='k_dpmpp_2m' noise_schedule='karras' | final NAI sampler='k_dpmpp_2m' noise_schedule='karras'
novelai-gateway  | 14:30:16 | INFO    | gateway    | ⏳ 排队中... (当前等待: 1)
novelai-gateway  | 14:30:16 | INFO    | gateway    | 🔒 获取锁，开始处理 (剩余等待: 0)
novelai-gateway  | 14:30:30 | INFO    | gateway    | ❄️ 冷却 0.9s
novelai-gateway  | 14:30:31 | INFO    | gateway    | 🔓 释放锁 (当前等待: 0)
novelai-gateway  | 📊 生成确认 | 类型: 小图 | 画幅: 832x1216 | 大小: 1.47MB | 今日累计: 小图=182, 大图=0
novelai-gateway  | 14:30:31 | INFO    | stats      | 生成确认 | 类型: 小图 | 画幅: 832x1216 | 大小: 1.47MB | 今日累计: 小图=182, 大图=0
novelai-gateway  | 14:32:18 | INFO    | gateway    | [generations] client body sampler='k_dpmpp_2m' noise_schedule='karras' | final NAI sampler='k_dpmpp_2m' noise_schedule='karras'
novelai-gateway  | 14:32:18 | INFO    | gateway    | ⏳ 排队中... (当前等待: 1)
novelai-gateway  | 14:32:18 | INFO    | gateway    | 🔒 获取锁，开始处理 (剩余等待: 0)
novelai-gateway  | WARNING:  Invalid HTTP request received.
novelai-gateway  | WARNING:  Invalid HTTP request received.
novelai-gateway  | 14:32:34 | INFO    | gateway    | ❄️ 冷却 0.5s
novelai-gateway  | 14:32:34 | INFO    | gateway    | 🔓 释放锁 (当前等待: 0)
novelai-gateway  | 14:32:34 | INFO    | stats      | 生成确认 | 类型: 小图 | 画幅: 832x1216 | 大小: 0.89MB | 今日累计: 小图=183, 大图=0
novelai-gateway  | 📊 生成确认 | 类型: 小图 | 画幅: 832x1216 | 大小: 0.89MB | 今日累计: 小图=183, 大图=0
novelai-gateway  | 14:32:36 | INFO    | gateway    | [generations] client body sampler='k_dpmpp_2m' noise_schedule='karras' | final NAI sampler='k_dpmpp_2m' noise_schedule='karras'
novelai-gateway  | 14:32:36 | INFO    | gateway    | ⏳ 排队中... (当前等待: 1)
novelai-gateway  | 14:32:36 | INFO    | gateway    | 🔒 获取锁，开始处理 (剩余等待: 0)
novelai-gateway  | 14:32:51 | INFO    | gateway    | ❄️ 冷却 0.7s
novelai-gateway  | 14:32:52 | INFO    | gateway    | 🔓 释放锁 (当前等待: 0)
novelai-gateway  | 📊 生成确认 | 类型: 小图 | 画幅: 832x1216 | 大小: 0.77MB | 今日累计: 小图=184, 大图=0
novelai-gateway  | 14:32:52 | INFO    | stats      | 生成确认 | 类型: 小图 | 画幅: 832x1216 | 大小: 0.77MB | 今日累计: 小图=184, 大图=0
novelai-gateway  | 14:32:54 | INFO    | gateway    | [generations] client body sampler='k_dpmpp_2m' noise_schedule='karras' | final NAI sampler='k_dpmpp_2m' noise_schedule='karras'
novelai-gateway  | 14:32:54 | INFO    | gateway    | ⏳ 排队中... (当前等待: 1)
novelai-gateway  | 14:32:54 | INFO    | gateway    | 🔒 获取锁，开始处理 (剩余等待: 0)
novelai-gateway  | 14:33:08 | INFO    | gateway    | ❄️ 冷却 0.7s
novelai-gateway  | 14:33:09 | INFO    | gateway    | 🔓 释放锁 (当前等待: 0)
novelai-gateway  | 14:33:09 | INFO    | stats      | 生成确认 | 类型: 小图 | 画幅: 832x1216 | 大小: 1.05MB | 今日累计: 小图=185, 大图=0
novelai-gateway  | 📊 生成确认 | 类型: 小图 | 画幅: 832x1216 | 大小: 1.05MB | 今日累计: 小图=185, 大图=0
novelai-gateway  | 14:33:10 | INFO    | gateway    | [generations] client body sampler='k_dpmpp_2m' noise_schedule='karras' | final NAI sampler='k_dpmpp_2m' noise_schedule='karras'
novelai-gateway  | 14:33:10 | INFO    | gateway    | ⏳ 排队中... (当前等待: 1)
novelai-gateway  | 14:33:10 | INFO    | gateway    | 🔒 获取锁，开始处理 (剩余等待: 0)
novelai-gateway  | 14:33:24 | INFO    | gateway    | ❄️ 冷却 0.7s
novelai-gateway  | 14:33:25 | INFO    | gateway    | 🔓 释放锁 (当前等待: 0)
novelai-gateway  | 📊 生成确认 | 类型: 小图 | 画幅: 832x1216 | 大小: 0.86MB | 今日累计: 小图=186, 大图=0
novelai-gateway  | 14:33:25 | INFO    | stats      | 生成确认 | 类型: 小图 | 画幅: 832x1216 | 大小: 0.86MB | 今日累计: 小图=186, 大图=0
novelai-gateway  | 14:33:27 | INFO    | gateway    | [generations] client body sampler='k_dpmpp_2m' noise_schedule='karras' | final NAI sampler='k_dpmpp_2m' noise_schedule='karras'
novelai-gateway  | 14:33:27 | INFO    | gateway    | ⏳ 排队中... (当前等待: 1)
novelai-gateway  | 14:33:27 | INFO    | gateway    | 🔒 获取锁，开始处理 (剩余等待: 0)
novelai-gateway  | 14:33:40 | INFO    | gateway    | ❄️ 冷却 0.7s
novelai-gateway  | 14:33:41 | INFO    | gateway    | 🔓 释放锁 (当前等待: 0)
novelai-gateway  | 📊 生成确认 | 类型: 小图 | 画幅: 832x1216 | 大小: 1.04MB | 今日累计: 小图=187, 大图=0
novelai-gateway  | 14:33:41 | INFO    | stats      | 生成确认 | 类型: 小图 | 画幅: 832x1216 | 大小: 1.04MB | 今日累计: 小图=187, 大图=0
novelai-gateway  | 14:33:46 | INFO    | gateway    | [generations] client body sampler='k_dpmpp_2m' noise_schedule='karras' | final NAI sampler='k_dpmpp_2m' noise_schedule='karras'
novelai-gateway  | 14:33:46 | INFO    | gateway    | ⏳ 排队中... (当前等待: 1)
novelai-gateway  | 14:33:46 | INFO    | gateway    | 🔒 获取锁，开始处理 (剩余等待: 0)
novelai-gateway  | 14:34:02 | INFO    | gateway    | ❄️ 冷却 1.0s
novelai-gateway  | 14:34:03 | INFO    | gateway    | 🔓 释放锁 (当前等待: 0)
novelai-gateway  | 14:34:03 | INFO    | stats      | 生成确认 | 类型: 小图 | 画幅: 832x1216 | 大小: 1.10MB | 今日累计: 小图=188, 大图=0
novelai-gateway  | 📊 生成确认 | 类型: 小图 | 画幅: 832x1216 | 大小: 1.10MB | 今日累计: 小图=188, 大图=0
novelai-gateway  | 14:34:05 | INFO    | gateway    | [generations] client body sampler='k_dpmpp_2m' noise_schedule='karras' | final NAI sampler='k_dpmpp_2m' noise_schedule='karras'
novelai-gateway  | 14:34:05 | INFO    | gateway    | ⏳ 排队中... (当前等待: 1)
novelai-gateway  | 14:34:05 | INFO    | gateway    | 🔒 获取锁，开始处理 (剩余等待: 0)
novelai-gateway  | 14:34:20 | INFO    | gateway    | ❄️ 冷却 0.5s
novelai-gateway  | 14:34:21 | INFO    | gateway    | 🔓 释放锁 (当前等待: 0)
novelai-gateway  | 📊 生成确认 | 类型: 小图 | 画幅: 832x1216 | 大小: 0.83MB | 今日累计: 小图=189, 大图=0
novelai-gateway  | 14:34:21 | INFO    | stats      | 生成确认 | 类型: 小图 | 画幅: 832x1216 | 大小: 0.83MB | 今日累计: 小图=189, 大图=0
novelai-gateway  | 14:34:23 | INFO    | gateway    | [generations] client body sampler='k_dpmpp_2m' noise_schedule='karras' | final NAI sampler='k_dpmpp_2m' noise_schedule='karras'
novelai-gateway  | 14:34:23 | INFO    | gateway    | ⏳ 排队中... (当前等待: 1)
novelai-gateway  | 14:34:23 | INFO    | gateway    | 🔒 获取锁，开始处理 (剩余等待: 0)
novelai-gateway  | 14:34:38 | INFO    | gateway    | ❄️ 冷却 0.6s
novelai-gateway  | 14:34:38 | INFO    | gateway    | 🔓 释放锁 (当前等待: 0)
novelai-gateway  | 14:34:38 | INFO    | stats      | 生成确认 | 类型: 小图 | 画幅: 832x1216 | 大小: 1.15MB | 今日累计: 小图=190, 大图=0
novelai-gateway  | 📊 生成确认 | 类型: 小图 | 画幅: 832x1216 | 大小: 1.15MB | 今日累计: 小图=190, 大图=0
novelai-gateway  | 14:34:40 | INFO    | gateway    | [generations] client body sampler='k_dpmpp_2m' noise_schedule='karras' | final NAI sampler='k_dpmpp_2m' noise_schedule='karras'
novelai-gateway  | 14:34:40 | INFO    | gateway    | ⏳ 排队中... (当前等待: 1)
novelai-gateway  | 14:34:40 | INFO    | gateway    | 🔒 获取锁，开始处理 (剩余等待: 0)
novelai-gateway  | 14:34:55 | INFO    | gateway    | ❄️ 冷却 0.9s
novelai-gateway  | 14:34:56 | INFO    | gateway    | 🔓 释放锁 (当前等待: 0)
novelai-gateway  | 14:34:56 | INFO    | stats      | 生成确认 | 类型: 小图 | 画幅: 832x1216 | 大小: 1.01MB | 今日累计: 小图=191, 大图=0
novelai-gateway  | 📊 生成确认 | 类型: 小图 | 画幅: 832x1216 | 大小: 1.01MB | 今日累计: 小图=191, 大图=0
novelai-gateway  | 14:34:58 | INFO    | gateway    | [generations] client body sampler='k_dpmpp_2m' noise_schedule='karras' | final NAI sampler='k_dpmpp_2m' noise_schedule='karras'
novelai-gateway  | 14:34:58 | INFO    | gateway    | ⏳ 排队中... (当前等待: 1)
novelai-gateway  | 14:34:58 | INFO    | gateway    | 🔒 获取锁，开始处理 (剩余等待: 0)
novelai-gateway  | 14:35:13 | INFO    | gateway    | ❄️ 冷却 0.7s
novelai-gateway  | 14:35:14 | INFO    | gateway    | 🔓 释放锁 (当前等待: 0)
novelai-gateway  | 📊 生成确认 | 类型: 小图 | 画幅: 832x1216 | 大小: 0.99MB | 今日累计: 小图=192, 大图=0
novelai-gateway  | 14:35:14 | INFO    | stats      | 生成确认 | 类型: 小图 | 画幅: 832x1216 | 大小: 0.99MB | 今日累计: 小图=192, 大图=0
novelai-gateway  | 14:35:16 | INFO    | gateway    | [generations] client body sampler='k_dpmpp_2m' noise_schedule='karras' | final NAI sampler='k_dpmpp_2m' noise_schedule='karras'
novelai-gateway  | 14:35:16 | INFO    | gateway    | ⏳ 排队中... (当前等待: 1)
novelai-gateway  | 14:35:16 | INFO    | gateway    | 🔒 获取锁，开始处理 (剩余等待: 0)
novelai-gateway  | 14:35:32 | INFO    | gateway    | ❄️ 冷却 0.8s
novelai-gateway  | 14:35:33 | INFO    | gateway    | 🔓 释放锁 (当前等待: 0)
novelai-gateway  | 14:35:33 | INFO    | stats      | 生成确认 | 类型: 小图 | 画幅: 832x1216 | 大小: 0.88MB | 今日累计: 小图=193, 大图=0
novelai-gateway  | 📊 生成确认 | 类型: 小图 | 画幅: 832x1216 | 大小: 0.88MB | 今日累计: 小图=193, 大图=0
novelai-gateway  | 14:35:35 | INFO    | gateway    | [generations] client body sampler='k_dpmpp_2m' noise_schedule='karras' | final NAI sampler='k_dpmpp_2m' noise_schedule='karras'
novelai-gateway  | 14:35:35 | INFO    | gateway    | ⏳ 排队中... (当前等待: 1)
novelai-gateway  | 14:35:35 | INFO    | gateway    | 🔒 获取锁，开始处理 (剩余等待: 0)
novelai-gateway  | 14:35:50 | INFO    | gateway    | ❄️ 冷却 0.5s
novelai-gateway  | 14:35:50 | INFO    | gateway    | 🔓 释放锁 (当前等待: 0)
novelai-gateway  | 📊 生成确认 | 类型: 小图 | 画幅: 832x1216 | 大小: 0.51MB | 今日累计: 小图=194, 大图=0
novelai-gateway  | 14:35:50 | INFO    | stats      | 生成确认 | 类型: 小图 | 画幅: 832x1216 | 大小: 0.51MB | 今日累计: 小图=194, 大图=0
novelai-gateway  | 14:35:52 | INFO    | gateway    | [generations] client body sampler='k_dpmpp_2m' noise_schedule='karras' | final NAI sampler='k_dpmpp_2m' noise_schedule='karras'
novelai-gateway  | 14:35:52 | INFO    | gateway    | ⏳ 排队中... (当前等待: 1)
novelai-gateway  | 14:35:52 | INFO    | gateway    | 🔒 获取锁，开始处理 (剩余等待: 0)
novelai-gateway  | 14:36:06 | INFO    | gateway    | ❄️ 冷却 0.9s
novelai-gateway  | 📊 生成确认 | 类型: 小图 | 画幅: 832x1216 | 大小: 1.05MB | 今日累计: 小图=195, 大图=0
novelai-gateway  | 14:36:07 | INFO    | gateway    | 🔓 释放锁 (当前等待: 0)
novelai-gateway  | 14:36:07 | INFO    | stats      | 生成确认 | 类型: 小图 | 画幅: 832x1216 | 大小: 1.05MB | 今日累计: 小图=195, 大图=0
novelai-gateway  | 14:36:21 | INFO    | gateway    | [generations] client body sampler='k_dpmpp_2m' noise_schedule='karras' | final NAI sampler='k_dpmpp_2m' noise_schedule='karras'
novelai-gateway  | 14:36:21 | INFO    | gateway    | ⏳ 排队中... (当前等待: 1)
novelai-gateway  | 14:36:21 | INFO    | gateway    | 🔒 获取锁，开始处理 (剩余等待: 0)
novelai-gateway  | 14:36:36 | INFO    | gateway    | ❄️ 冷却 0.9s
novelai-gateway  | 📊 生成确认 | 类型: 小图 | 画幅: 832x1216 | 大小: 1.65MB | 今日累计: 小图=196, 大图=0
novelai-gateway  | 14:36:37 | INFO    | gateway    | 🔓 释放锁 (当前等待: 0)
novelai-gateway  | 14:36:37 | INFO    | stats      | 生成确认 | 类型: 小图 | 画幅: 832x1216 | 大小: 1.65MB | 今日累计: 小图=196, 大图=0
novelai-gateway  | 14:36:39 | INFO    | gateway    | [generations] client body sampler='k_dpmpp_2m' noise_schedule='karras' | final NAI sampler='k_dpmpp_2m' noise_schedule='karras'
novelai-gateway  | 14:36:39 | INFO    | gateway    | ⏳ 排队中... (当前等待: 1)
novelai-gateway  | 14:36:39 | INFO    | gateway    | 🔒 获取锁，开始处理 (剩余等待: 0)
novelai-gateway  | 14:36:57 | INFO    | gateway    | ❄️ 冷却 0.7s
novelai-gateway  | 14:36:57 | INFO    | gateway    | 🔓 释放锁 (当前等待: 0)
novelai-gateway  | 📊 生成确认 | 类型: 小图 | 画幅: 832x1216 | 大小: 1.67MB | 今日累计: 小图=197, 大图=0
novelai-gateway  | 14:36:57 | INFO    | stats      | 生成确认 | 类型: 小图 | 画幅: 832x1216 | 大小: 1.67MB | 今日累计: 小图=197, 大图=0
novelai-gateway  | 14:37:00 | INFO    | gateway    | [generations] client body sampler='k_dpmpp_2m' noise_schedule='karras' | final NAI sampler='k_dpmpp_2m' noise_schedule='karras'
novelai-gateway  | 14:37:00 | INFO    | gateway    | ⏳ 排队中... (当前等待: 1)
novelai-gateway  | 14:37:00 | INFO    | gateway    | 🔒 获取锁，开始处理 (剩余等待: 0)
novelai-gateway  | 14:37:15 | INFO    | gateway    | ❄️ 冷却 0.9s
novelai-gateway  | 14:37:16 | INFO    | gateway    | 🔓 释放锁 (当前等待: 0)
novelai-gateway  | 📊 生成确认 | 类型: 小图 | 画幅: 832x1216 | 大小: 1.68MB | 今日累计: 小图=198, 大图=0
novelai-gateway  | 14:37:16 | INFO    | stats      | 生成确认 | 类型: 小图 | 画幅: 832x1216 | 大小: 1.68MB | 今日累计: 小图=198, 大图=0
novelai-gateway  | 14:37:18 | INFO    | gateway    | [generations] client body sampler='k_dpmpp_2m' noise_schedule='karras' | final NAI sampler='k_dpmpp_2m' noise_schedule='karras'
novelai-gateway  | 14:37:18 | INFO    | gateway    | ⏳ 排队中... (当前等待: 1)
novelai-gateway  | 14:37:18 | INFO    | gateway    | 🔒 获取锁，开始处理 (剩余等待: 0)
novelai-gateway  | 14:37:35 | INFO    | gateway    | ❄️ 冷却 0.9s
novelai-gateway  | 14:37:36 | INFO    | gateway    | 🔓 释放锁 (当前等待: 0)
novelai-gateway  | 📊 生成确认 | 类型: 小图 | 画幅: 832x1216 | 大小: 1.67MB | 今日累计: 小图=199, 大图=0
novelai-gateway  | 14:37:36 | INFO    | stats      | 生成确认 | 类型: 小图 | 画幅: 832x1216 | 大小: 1.67MB | 今日累计: 小图=199, 大图=0
novelai-gateway  | 14:37:38 | INFO    | gateway    | [generations] client body sampler='k_dpmpp_2m' noise_schedule='karras' | final NAI sampler='k_dpmpp_2m' noise_schedule='karras'
novelai-gateway  | 14:37:38 | INFO    | gateway    | ⏳ 排队中... (当前等待: 1)
novelai-gateway  | 14:37:38 | INFO    | gateway    | 🔒 获取锁，开始处理 (剩余等待: 0)
novelai-gateway  | 14:37:52 | INFO    | gateway    | ❄️ 冷却 0.7s
novelai-gateway  | 14:37:53 | INFO    | gateway    | 🔓 释放锁 (当前等待: 0)
novelai-gateway  | 📊 生成确认 | 类型: 小图 | 画幅: 832x1216 | 大小: 1.80MB | 今日累计: 小图=200, 大图=0
novelai-gateway  | 14:37:53 | INFO    | stats      | 生成确认 | 类型: 小图 | 画幅: 832x1216 | 大小: 1.80MB | 今日累计: 小图=200, 大图=0
novelai-gateway  | 14:37:55 | INFO    | gateway    | [generations] client body sampler='k_dpmpp_2m' noise_schedule='karras' | final NAI sampler='k_dpmpp_2m' noise_schedule='karras'
novelai-gateway  | 14:37:55 | INFO    | gateway    | ⏳ 排队中... (当前等待: 1)
novelai-gateway  | 14:37:55 | INFO    | gateway    | 🔒 获取锁，开始处理 (剩余等待: 0)
novelai-gateway  | 14:38:10 | INFO    | gateway    | ❄️ 冷却 0.9s
novelai-gateway  | 14:38:11 | INFO    | gateway    | 🔓 释放锁 (当前等待: 0)
novelai-gateway  | 📊 生成确认 | 类型: 小图 | 画幅: 832x1216 | 大小: 1.54MB | 今日累计: 小图=201, 大图=0
novelai-gateway  | 14:38:11 | INFO    | stats      | 生成确认 | 类型: 小图 | 画幅: 832x1216 | 大小: 1.54MB | 今日累计: 小图=201, 大图=0
novelai-gateway  | 14:38:23 | INFO    | gateway    | [generations] client body sampler='k_dpmpp_2m' noise_schedule='karras' | final NAI sampler='k_dpmpp_2m' noise_schedule='karras'
novelai-gateway  | 14:38:23 | INFO    | gateway    | ⏳ 排队中... (当前等待: 1)
novelai-gateway  | 14:38:23 | INFO    | gateway    | 🔒 获取锁，开始处理 (剩余等待: 0)
novelai-gateway  | 14:38:39 | INFO    | gateway    | ❄️ 冷却 1.0s
novelai-gateway  | 14:38:40 | INFO    | gateway    | 🔓 释放锁 (当前等待: 0)
novelai-gateway  | 14:38:40 | INFO    | stats      | 生成确认 | 类型: 小图 | 画幅: 832x1216 | 大小: 1.43MB | 今日累计: 小图=202, 大图=0
novelai-gateway  | 📊 生成确认 | 类型: 小图 | 画幅: 832x1216 | 大小: 1.43MB | 今日累计: 小图=202, 大图=0
novelai-gateway  | 14:38:43 | INFO    | gateway    | [generations] client body sampler='k_dpmpp_2m' noise_schedule='karras' | final NAI sampler='k_dpmpp_2m' noise_schedule='karras'
novelai-gateway  | 14:38:43 | INFO    | gateway    | ⏳ 排队中... (当前等待: 1)
novelai-gateway  | 14:38:43 | INFO    | gateway    | 🔒 获取锁，开始处理 (剩余等待: 0)
novelai-gateway  | 14:39:00 | INFO    | gateway    | ❄️ 冷却 1.0s
novelai-gateway  | 14:39:01 | INFO    | gateway    | 🔓 释放锁 (当前等待: 0)
novelai-gateway  | 14:39:01 | INFO    | stats      | 生成确认 | 类型: 小图 | 画幅: 832x1216 | 大小: 1.71MB | 今日累计: 小图=203, 大图=0
novelai-gateway  | 📊 生成确认 | 类型: 小图 | 画幅: 832x1216 | 大小: 1.71MB | 今日累计: 小图=203, 大图=0
novelai-gateway  | 14:39:05 | INFO    | gateway    | [generations] client body sampler='k_dpmpp_2m' noise_schedule='karras' | final NAI sampler='k_dpmpp_2m' noise_schedule='karras'
novelai-gateway  | 14:39:05 | INFO    | gateway    | ⏳ 排队中... (当前等待: 1)
novelai-gateway  | 14:39:05 | INFO    | gateway    | 🔒 获取锁，开始处理 (剩余等待: 0)
novelai-gateway  | 14:39:20 | INFO    | gateway    | ❄️ 冷却 0.7s
novelai-gateway  | 14:39:21 | INFO    | gateway    | 🔓 释放锁 (当前等待: 0)
novelai-gateway  | 📊 生成确认 | 类型: 小图 | 画幅: 832x1216 | 大小: 1.58MB | 今日累计: 小图=204, 大图=0
novelai-gateway  | 14:39:21 | INFO    | stats      | 生成确认 | 类型: 小图 | 画幅: 832x1216 | 大小: 1.58MB | 今日累计: 小图=204, 大图=0
novelai-gateway  | 14:39:24 | INFO    | gateway    | [generations] client body sampler='k_dpmpp_2m' noise_schedule='karras' | final NAI sampler='k_dpmpp_2m' noise_schedule='karras'
novelai-gateway  | 14:39:24 | INFO    | gateway    | ⏳ 排队中... (当前等待: 1)
novelai-gateway  | 14:39:24 | INFO    | gateway    | 🔒 获取锁，开始处理 (剩余等待: 0)
novelai-gateway  | 14:39:37 | INFO    | gateway    | ❄️ 冷却 0.5s
novelai-gateway  | 14:39:38 | INFO    | gateway    | 🔓 释放锁 (当前等待: 0)
novelai-gateway  | 📊 生成确认 | 类型: 小图 | 画幅: 832x1216 | 大小: 1.58MB | 今日累计: 小图=205, 大图=0
novelai-gateway  | 14:39:38 | INFO    | stats      | 生成确认 | 类型: 小图 | 画幅: 832x1216 | 大小: 1.58MB | 今日累计: 小图=205, 大图=0
novelai-gateway  | 14:39:41 | INFO    | gateway    | [generations] client body sampler='k_dpmpp_2m' noise_schedule='karras' | final NAI sampler='k_dpmpp_2m' noise_schedule='karras'
novelai-gateway  | 14:39:41 | INFO    | gateway    | ⏳ 排队中... (当前等待: 1)
novelai-gateway  | 14:39:41 | INFO    | gateway    | 🔒 获取锁，开始处理 (剩余等待: 0)
novelai-gateway  | 14:39:55 | INFO    | gateway    | ❄️ 冷却 0.5s
novelai-gateway  | 14:39:55 | INFO    | gateway    | 🔓 释放锁 (当前等待: 0)
novelai-gateway  | 📊 生成确认 | 类型: 小图 | 画幅: 832x1216 | 大小: 1.53MB | 今日累计: 小图=206, 大图=0
novelai-gateway  | 14:39:55 | INFO    | stats      | 生成确认 | 类型: 小图 | 画幅: 832x1216 | 大小: 1.53MB | 今日累计: 小图=206, 大图=0
novelai-gateway  | 14:39:58 | INFO    | gateway    | [generations] client body sampler='k_dpmpp_2m' noise_schedule='karras' | final NAI sampler='k_dpmpp_2m' noise_schedule='karras'
novelai-gateway  | 14:39:58 | INFO    | gateway    | ⏳ 排队中... (当前等待: 1)
novelai-gateway  | 14:39:58 | INFO    | gateway    | 🔒 获取锁，开始处理 (剩余等待: 0)
novelai-gateway  | 14:40:13 | INFO    | gateway    | ❄️ 冷却 0.7s
novelai-gateway  | 14:40:14 | INFO    | gateway    | 🔓 释放锁 (当前等待: 0)
novelai-gateway  | 14:40:14 | INFO    | stats      | 生成确认 | 类型: 小图 | 画幅: 832x1216 | 大小: 1.42MB | 今日累计: 小图=207, 大图=0
novelai-gateway  | 📊 生成确认 | 类型: 小图 | 画幅: 832x1216 | 大小: 1.42MB | 今日累计: 小图=207, 大图=0
novelai-gateway  | 14:40:16 | INFO    | gateway    | [generations] client body sampler='k_dpmpp_2m' noise_schedule='karras' | final NAI sampler='k_dpmpp_2m' noise_schedule='karras'
novelai-gateway  | 14:40:16 | INFO    | gateway    | ⏳ 排队中... (当前等待: 1)
novelai-gateway  | 14:40:16 | INFO    | gateway    | 🔒 获取锁，开始处理 (剩余等待: 0)
novelai-gateway  | 14:40:31 | INFO    | gateway    | ❄️ 冷却 0.6s
novelai-gateway  | 📊 生成确认 | 类型: 小图 | 画幅: 832x1216 | 大小: 1.68MB | 今日累计: 小图=208, 大图=0
novelai-gateway  | 14:40:32 | INFO    | gateway    | 🔓 释放锁 (当前等待: 0)
novelai-gateway  | 14:40:32 | INFO    | stats      | 生成确认 | 类型: 小图 | 画幅: 832x1216 | 大小: 1.68MB | 今日累计: 小图=208, 大图=0
novelai-gateway  | 14:40:34 | INFO    | gateway    | [generations] client body sampler='k_dpmpp_2m' noise_schedule='karras' | final NAI sampler='k_dpmpp_2m' noise_schedule='karras'
novelai-gateway  | 14:40:34 | INFO    | gateway    | ⏳ 排队中... (当前等待: 1)
novelai-gateway  | 14:40:34 | INFO    | gateway    | 🔒 获取锁，开始处理 (剩余等待: 0)
novelai-gateway  | 14:40:48 | INFO    | gateway    | ❄️ 冷却 0.8s
novelai-gateway  | 14:40:49 | INFO    | gateway    | 🔓 释放锁 (当前等待: 0)
novelai-gateway  | 14:40:49 | INFO    | stats      | 生成确认 | 类型: 小图 | 画幅: 832x1216 | 大小: 1.56MB | 今日累计: 小图=209, 大图=0
novelai-gateway  | 📊 生成确认 | 类型: 小图 | 画幅: 832x1216 | 大小: 1.56MB | 今日累计: 小图=209, 大图=0
novelai-gateway  | 14:40:51 | INFO    | gateway    | [generations] client body sampler='k_dpmpp_2m' noise_schedule='karras' | final NAI sampler='k_dpmpp_2m' noise_schedule='karras'
novelai-gateway  | 14:40:51 | INFO    | gateway    | ⏳ 排队中... (当前等待: 1)
novelai-gateway  | 14:40:51 | INFO    | gateway    | 🔒 获取锁，开始处理 (剩余等待: 0)
novelai-gateway  | 14:41:04 | INFO    | gateway    | ❄️ 冷却 1.0s
novelai-gateway  | 14:41:05 | INFO    | gateway    | 🔓 释放锁 (当前等待: 0)
novelai-gateway  | 📊 生成确认 | 类型: 小图 | 画幅: 832x1216 | 大小: 1.69MB | 今日累计: 小图=210, 大图=0
novelai-gateway  | 14:41:05 | INFO    | stats      | 生成确认 | 类型: 小图 | 画幅: 832x1216 | 大小: 1.69MB | 今日累计: 小图=210, 大图=0
novelai-gateway  | 14:41:07 | INFO    | gateway    | [generations] client body sampler='k_dpmpp_2m' noise_schedule='karras' | final NAI sampler='k_dpmpp_2m' noise_schedule='karras'
novelai-gateway  | 14:41:07 | INFO    | gateway    | ⏳ 排队中... (当前等待: 1)
novelai-gateway  | 14:41:07 | INFO    | gateway    | 🔒 获取锁，开始处理 (剩余等待: 0)
novelai-gateway  | 14:41:21 | INFO    | gateway    | ❄️ 冷却 0.9s
novelai-gateway  | 14:41:21 | INFO    | gateway    | 🔓 释放锁 (当前等待: 0)
novelai-gateway  | 📊 生成确认 | 类型: 小图 | 画幅: 832x1216 | 大小: 1.57MB | 今日累计: 小图=211, 大图=0
novelai-gateway  | 14:41:21 | INFO    | stats      | 生成确认 | 类型: 小图 | 画幅: 832x1216 | 大小: 1.57MB | 今日累计: 小图=211, 大图=0
novelai-gateway  | 14:41:24 | INFO    | gateway    | [generations] client body sampler='k_dpmpp_2m' noise_schedule='karras' | final NAI sampler='k_dpmpp_2m' noise_schedule='karras'
novelai-gateway  | 14:41:24 | INFO    | gateway    | ⏳ 排队中... (当前等待: 1)
novelai-gateway  | 14:41:24 | INFO    | gateway    | 🔒 获取锁，开始处理 (剩余等待: 0)
novelai-gateway  | 14:41:37 | INFO    | gateway    | ❄️ 冷却 0.7s
novelai-gateway  | 14:41:37 | INFO    | gateway    | 🔓 释放锁 (当前等待: 0)
novelai-gateway  | 📊 生成确认 | 类型: 小图 | 画幅: 832x1216 | 大小: 1.71MB | 今日累计: 小图=212, 大图=0
novelai-gateway  | 14:41:37 | INFO    | stats      | 生成确认 | 类型: 小图 | 画幅: 832x1216 | 大小: 1.71MB | 今日累计: 小图=212, 大图=0
novelai-gateway  | 14:41:40 | INFO    | gateway    | [generations] client body sampler='k_dpmpp_2m' noise_schedule='karras' | final NAI sampler='k_dpmpp_2m' noise_schedule='karras'
novelai-gateway  | 14:41:40 | INFO    | gateway    | ⏳ 排队中... (当前等待: 1)
novelai-gateway  | 14:41:40 | INFO    | gateway    | 🔒 获取锁，开始处理 (剩余等待: 0)
novelai-gateway  | 14:41:53 | INFO    | gateway    | ❄️ 冷却 0.8s
novelai-gateway  | 14:41:54 | INFO    | gateway    | 🔓 释放锁 (当前等待: 0)
novelai-gateway  | 14:41:54 | INFO    | stats      | 生成确认 | 类型: 小图 | 画幅: 832x1216 | 大小: 1.51MB | 今日累计: 小图=213, 大图=0
novelai-gateway  | 📊 生成确认 | 类型: 小图 | 画幅: 832x1216 | 大小: 1.51MB | 今日累计: 小图=213, 大图=0
novelai-gateway  | 14:41:56 | INFO    | gateway    | [generations] client body sampler='k_dpmpp_2m' noise_schedule='karras' | final NAI sampler='k_dpmpp_2m' noise_schedule='karras'
novelai-gateway  | 14:41:56 | INFO    | gateway    | ⏳ 排队中... (当前等待: 1)
novelai-gateway  | 14:41:56 | INFO    | gateway    | 🔒 获取锁，开始处理 (剩余等待: 0)
novelai-gateway  | 14:42:11 | INFO    | gateway    | ❄️ 冷却 0.8s
novelai-gateway  | 14:42:12 | INFO    | gateway    | 🔓 释放锁 (当前等待: 0)
novelai-gateway  | 14:42:12 | INFO    | stats      | 生成确认 | 类型: 小图 | 画幅: 832x1216 | 大小: 1.52MB | 今日累计: 小图=214, 大图=0
novelai-gateway  | 📊 生成确认 | 类型: 小图 | 画幅: 832x1216 | 大小: 1.52MB | 今日累计: 小图=214, 大图=0
novelai-gateway  | 14:43:47 | INFO    | gateway    | [generations] client body sampler='k_dpmpp_2m' noise_schedule='karras' | final NAI sampler='k_dpmpp_2m' noise_schedule='karras'
novelai-gateway  | 14:43:47 | INFO    | gateway    | ⏳ 排队中... (当前等待: 1)
novelai-gateway  | 14:43:47 | INFO    | gateway    | 🔒 获取锁，开始处理 (剩余等待: 0)
novelai-gateway  | 14:44:02 | INFO    | gateway    | ❄️ 冷却 0.9s
novelai-gateway  | 14:44:03 | INFO    | gateway    | 🔓 释放锁 (当前等待: 0)
novelai-gateway  | 14:44:03 | INFO    | stats      | 生成确认 | 类型: 小图 | 画幅: 832x1216 | 大小: 1.51MB | 今日累计: 小图=215, 大图=0
novelai-gateway  | 📊 生成确认 | 类型: 小图 | 画幅: 832x1216 | 大小: 1.51MB | 今日累计: 小图=215, 大图=0
novelai-gateway  | 14:44:05 | INFO    | gateway    | [generations] client body sampler='k_dpmpp_2m' noise_schedule='karras' | final NAI sampler='k_dpmpp_2m' noise_schedule='karras'
novelai-gateway  | 14:44:05 | INFO    | gateway    | ⏳ 排队中... (当前等待: 1)
novelai-gateway  | 14:44:05 | INFO    | gateway    | 🔒 获取锁，开始处理 (剩余等待: 0)
novelai-gateway  | 14:44:20 | INFO    | gateway    | ❄️ 冷却 0.8s
novelai-gateway  | 14:44:21 | INFO    | gateway    | 🔓 释放锁 (当前等待: 0)
novelai-gateway  | 📊 生成确认 | 类型: 小图 | 画幅: 832x1216 | 大小: 1.48MB | 今日累计: 小图=216, 大图=0
novelai-gateway  | 14:44:21 | INFO    | stats      | 生成确认 | 类型: 小图 | 画幅: 832x1216 | 大小: 1.48MB | 今日累计: 小图=216, 大图=0
novelai-gateway  | 14:44:23 | INFO    | gateway    | [generations] client body sampler='k_dpmpp_2m' noise_schedule='karras' | final NAI sampler='k_dpmpp_2m' noise_schedule='karras'
novelai-gateway  | 14:44:23 | INFO    | gateway    | ⏳ 排队中... (当前等待: 1)
novelai-gateway  | 14:44:23 | INFO    | gateway    | 🔒 获取锁，开始处理 (剩余等待: 0)
novelai-gateway  | 14:44:37 | INFO    | gateway    | ❄️ 冷却 0.6s
novelai-gateway  | 14:44:37 | INFO    | gateway    | 🔓 释放锁 (当前等待: 0)
novelai-gateway  | 📊 生成确认 | 类型: 小图 | 画幅: 832x1216 | 大小: 1.69MB | 今日累计: 小图=217, 大图=0
novelai-gateway  | 14:44:37 | INFO    | stats      | 生成确认 | 类型: 小图 | 画幅: 832x1216 | 大小: 1.69MB | 今日累计: 小图=217, 大图=0
novelai-gateway  | 16:57:20 | INFO    | gateway    | [generations] client body sampler='k_dpmpp_2m' noise_schedule='karras' | final NAI sampler='k_dpmpp_2m' noise_schedule='karras'
novelai-gateway  | 16:57:20 | INFO    | gateway    | ⏳ 排队中... (当前等待: 1)
novelai-gateway  | 16:57:20 | INFO    | gateway    | 🔒 获取锁，开始处理 (剩余等待: 0)
novelai-gateway  | 16:57:33 | INFO    | gateway    | ❄️ 冷却 0.5s
novelai-gateway  | 16:57:34 | INFO    | gateway    | 🔓 释放锁 (当前等待: 0)
novelai-gateway  | 16:57:34 | INFO    | stats      | 生成确认 | 类型: 小图 | 画幅: 832x1216 | 大小: 2.02MB | 今日累计: 小图=218, 大图=0
novelai-gateway  | 📊 生成确认 | 类型: 小图 | 画幅: 832x1216 | 大小: 2.02MB | 今日累计: 小图=218, 大图=0
===EXIT:0===
